analysis,flagged,contain,tag_not_contain,neither,satellites,raw_prec,raw_rec,dedup_regions,dedup_tp,dedup_qtn,dedup_prec,dedup_rec,cell,tag,env,n_qtn,n_clusters
snp,58,14,9,35,9,0.241379310344828,0.736842105263158,49,14,14,0.285714285714286,0.736842105263158,V0.5_c1,nobgs,1,19,99835
snp_n2,56,15,9,32,9,0.267857142857143,0.789473684210526,47,15,15,0.319148936170213,0.789473684210526,V0.5_c1,nobgs,1,19,99835
snp_n5,52,15,8,29,8,0.288461538461538,0.789473684210526,44,15,15,0.340909090909091,0.789473684210526,V0.5_c1,nobgs,1,19,99835
simes_only_sparse,8,2,1,5,0,0.25,0.105263157894737,8,3,3,0.375,0.157894736842105,V0.5_c1,nobgs,1,19,99835
simes_only_longdense,13,8,1,4,0,0.615384615384615,0.421052631578947,13,9,9,0.692307692307692,0.473684210526316,V0.5_c1,nobgs,1,19,99835
simes_nosparse,17,9,2,6,2,0.529411764705882,0.473684210526316,15,9,9,0.6,0.473684210526316,V0.5_c1,nobgs,1,19,99835
simes_n2_nosparse,16,9,2,5,2,0.5625,0.473684210526316,14,9,9,0.642857142857143,0.473684210526316,V0.5_c1,nobgs,1,19,99835
simes_n2,21,11,3,7,3,0.523809523809524,0.578947368421053,18,11,11,0.611111111111111,0.578947368421053,V0.5_c1,nobgs,1,19,99835
rep,14,5,2,7,2,0.357142857142857,0.263157894736842,12,5,5,0.416666666666667,0.263157894736842,V0.5_c1,nobgs,1,19,99835
simes,21,10,3,8,3,0.476190476190476,0.526315789473684,18,10,10,0.555555555555556,0.526315789473684,V0.5_c1,nobgs,1,19,99835
emlg,0,0,0,0,0,,0,0,0,0,0,0,V0.5_c1,nobgs,1,19,99835
snp,105,13,24,68,23,0.123809523809524,0.68421052631579,82,14,15,0.170731707317073,0.789473684210526,V0.5_c1,nobgs,2,19,101569
snp_n2,97,13,21,63,20,0.134020618556701,0.68421052631579,77,14,15,0.181818181818182,0.789473684210526,V0.5_c1,nobgs,2,19,101569
snp_n5,62,13,12,37,11,0.209677419354839,0.68421052631579,51,14,15,0.274509803921569,0.789473684210526,V0.5_c1,nobgs,2,19,101569
simes_only_sparse,7,1,2,4,1,0.142857142857143,0.0526315789473684,6,2,3,0.333333333333333,0.157894736842105,V0.5_c1,nobgs,2,19,101569
simes_only_longdense,10,5,2,3,1,0.5,0.263157894736842,9,6,7,0.666666666666667,0.368421052631579,V0.5_c1,nobgs,2,19,101569
simes_nosparse,39,10,11,18,9,0.256410256410256,0.526315789473684,30,12,13,0.4,0.68421052631579,V0.5_c1,nobgs,2,19,101569
simes_n2_nosparse,42,10,13,19,11,0.238095238095238,0.526315789473684,31,12,13,0.387096774193548,0.68421052631579,V0.5_c1,nobgs,2,19,101569
simes_n2,46,11,15,20,14,0.239130434782609,0.578947368421053,32,12,13,0.375,0.68421052631579,V0.5_c1,nobgs,2,19,101569
rep,34,10,11,13,10,0.294117647058824,0.526315789473684,24,11,11,0.458333333333333,0.578947368421053,V0.5_c1,nobgs,2,19,101569
simes,42,11,13,18,12,0.261904761904762,0.578947368421053,30,12,13,0.4,0.68421052631579,V0.5_c1,nobgs,2,19,101569
emlg,0,0,0,0,0,,0,0,0,0,0,0,V0.5_c1,nobgs,2,19,101569
snp,87,14,15,58,14,0.160919540229885,0.666666666666667,73,15,15,0.205479452054795,0.714285714285714,V0.5_c1,nobgs,3,21,99787
snp_n2,81,14,13,54,12,0.17283950617284,0.666666666666667,69,15,15,0.217391304347826,0.714285714285714,V0.5_c1,nobgs,3,21,99787
snp_n5,64,13,11,40,9,0.203125,0.619047619047619,55,15,15,0.272727272727273,0.714285714285714,V0.5_c1,nobgs,3,21,99787
simes_only_sparse,3,0,2,1,0,0,0,3,2,2,0.666666666666667,0.0952380952380952,V0.5_c1,nobgs,3,21,99787
simes_only_longdense,16,10,1,5,1,0.625,0.476190476190476,15,10,10,0.666666666666667,0.476190476190476,V0.5_c1,nobgs,3,21,99787
simes_nosparse,24,12,3,9,3,0.5,0.571428571428571,21,12,12,0.571428571428571,0.571428571428571,V0.5_c1,nobgs,3,21,99787
simes_n2_nosparse,21,13,0,8,0,0.619047619047619,0.619047619047619,21,13,13,0.619047619047619,0.619047619047619,V0.5_c1,nobgs,3,21,99787
simes_n2,23,13,2,8,2,0.565217391304348,0.619047619047619,21,13,13,0.619047619047619,0.619047619047619,V0.5_c1,nobgs,3,21,99787
rep,22,9,5,8,5,0.409090909090909,0.428571428571429,17,9,9,0.529411764705882,0.428571428571429,V0.5_c1,nobgs,3,21,99787
simes,27,13,5,9,5,0.481481481481482,0.619047619047619,22,13,13,0.590909090909091,0.619047619047619,V0.5_c1,nobgs,3,21,99787
emlg,0,0,0,0,0,,0,0,0,0,0,0,V0.5_c1,nobgs,3,21,99787
snp,78,14,25,39,24,0.17948717948718,0.736842105263158,54,15,15,0.277777777777778,0.789473684210526,V0.5_c1,nobgs,4,19,101870
snp_n2,76,14,24,38,23,0.184210526315789,0.736842105263158,53,15,15,0.283018867924528,0.789473684210526,V0.5_c1,nobgs,4,19,101870
snp_n5,56,14,16,26,14,0.25,0.736842105263158,42,16,16,0.380952380952381,0.842105263157895,V0.5_c1,nobgs,4,19,101870
simes_only_sparse,6,4,0,2,0,0.666666666666667,0.210526315789474,6,4,5,0.666666666666667,0.263157894736842,V0.5_c1,nobgs,4,19,101870
simes_only_longdense,17,5,6,6,3,0.294117647058824,0.263157894736842,14,8,8,0.571428571428571,0.421052631578947,V0.5_c1,nobgs,4,19,101870
simes_nosparse,17,6,9,2,7,0.352941176470588,0.315789473684211,10,8,8,0.8,0.421052631578947,V0.5_c1,nobgs,4,19,101870
simes_n2_nosparse,16,7,8,1,6,0.4375,0.368421052631579,10,9,9,0.9,0.473684210526316,V0.5_c1,nobgs,4,19,101870
simes_n2,25,12,10,3,9,0.48,0.631578947368421,16,13,13,0.8125,0.68421052631579,V0.5_c1,nobgs,4,19,101870
rep,21,9,8,4,6,0.428571428571429,0.473684210526316,15,11,12,0.733333333333333,0.631578947368421,V0.5_c1,nobgs,4,19,101870
simes,23,11,9,3,8,0.478260869565217,0.578947368421053,15,12,12,0.8,0.631578947368421,V0.5_c1,nobgs,4,19,101870
emlg,0,0,0,0,0,,0,0,0,0,0,0,V0.5_c1,nobgs,4,19,101870
snp,25,8,4,13,3,0.32,0.5,22,9,9,0.409090909090909,0.5625,V0.5_c1,nobgs,5,16,99328
snp_n2,22,8,4,10,4,0.363636363636364,0.5,18,8,8,0.444444444444444,0.5,V0.5_c1,nobgs,5,16,99328
snp_n5,19,7,1,11,1,0.368421052631579,0.4375,18,7,7,0.388888888888889,0.4375,V0.5_c1,nobgs,5,16,99328
simes_only_sparse,2,1,0,1,0,0.5,0.0625,2,1,1,0.5,0.0625,V0.5_c1,nobgs,5,16,99328
simes_only_longdense,6,4,0,2,0,0.666666666666667,0.25,6,4,4,0.666666666666667,0.25,V0.5_c1,nobgs,5,16,99328
simes_nosparse,9,6,2,1,1,0.666666666666667,0.375,8,7,7,0.875,0.4375,V0.5_c1,nobgs,5,16,99328
simes_n2_nosparse,9,6,2,1,2,0.666666666666667,0.375,7,6,6,0.857142857142857,0.375,V0.5_c1,nobgs,5,16,99328
simes_n2,11,7,2,2,2,0.636363636363636,0.4375,9,7,7,0.777777777777778,0.4375,V0.5_c1,nobgs,5,16,99328
rep,7,4,2,1,1,0.571428571428571,0.25,6,5,5,0.833333333333333,0.3125,V0.5_c1,nobgs,5,16,99328
simes,11,7,2,2,1,0.636363636363636,0.4375,10,8,8,0.8,0.5,V0.5_c1,nobgs,5,16,99328
emlg,0,0,0,0,0,,0,0,0,0,0,0,V0.5_c1,nobgs,5,16,99328
snp,174,7,6,161,6,0.0402298850574713,0.466666666666667,168,7,8,0.0416666666666667,0.533333333333333,V0.5_c1,nobgs,6,15,102214
snp_n2,155,8,6,141,5,0.0516129032258065,0.533333333333333,150,9,10,0.06,0.666666666666667,V0.5_c1,nobgs,6,15,102214
snp_n5,103,8,3,92,3,0.0776699029126214,0.533333333333333,100,8,9,0.08,0.6,V0.5_c1,nobgs,6,15,102214
simes_only_sparse,15,0,0,15,0,0,0,15,0,0,0,0,V0.5_c1,nobgs,6,15,102214
simes_only_longdense,16,5,0,11,0,0.3125,0.333333333333333,16,5,6,0.3125,0.4,V0.5_c1,nobgs,6,15,102214
simes_nosparse,24,5,1,18,1,0.208333333333333,0.333333333333333,23,5,6,0.217391304347826,0.4,V0.5_c1,nobgs,6,15,102214
simes_n2_nosparse,34,6,1,27,1,0.176470588235294,0.4,33,6,7,0.181818181818182,0.466666666666667,V0.5_c1,nobgs,6,15,102214
simes_n2,39,6,1,32,1,0.153846153846154,0.4,38,6,7,0.157894736842105,0.466666666666667,V0.5_c1,nobgs,6,15,102214
rep,25,4,1,20,1,0.16,0.266666666666667,24,4,5,0.166666666666667,0.333333333333333,V0.5_c1,nobgs,6,15,102214
simes,28,5,1,22,1,0.178571428571429,0.333333333333333,27,5,6,0.185185185185185,0.4,V0.5_c1,nobgs,6,15,102214
emlg,0,0,0,0,0,,0,0,0,0,0,0,V0.5_c1,nobgs,6,15,102214
snp,72,10,6,56,6,0.138888888888889,0.625,66,10,10,0.151515151515152,0.625,V0.5_c1,nobgs,7,16,97081
snp_n2,63,10,6,47,6,0.158730158730159,0.625,57,10,10,0.175438596491228,0.625,V0.5_c1,nobgs,7,16,97081
snp_n5,51,10,6,35,6,0.196078431372549,0.625,45,10,10,0.222222222222222,0.625,V0.5_c1,nobgs,7,16,97081
simes_only_sparse,6,1,1,4,0,0.166666666666667,0.0625,6,2,2,0.333333333333333,0.125,V0.5_c1,nobgs,7,16,97081
simes_only_longdense,10,8,0,2,0,0.8,0.5,10,8,8,0.8,0.5,V0.5_c1,nobgs,7,16,97081
simes_nosparse,17,6,1,10,1,0.352941176470588,0.375,16,6,6,0.375,0.375,V0.5_c1,nobgs,7,16,97081
simes_n2_nosparse,16,6,1,9,1,0.375,0.375,15,6,6,0.4,0.375,V0.5_c1,nobgs,7,16,97081
simes_n2,20,7,2,11,2,0.35,0.4375,18,7,7,0.388888888888889,0.4375,V0.5_c1,nobgs,7,16,97081
rep,17,6,1,10,0,0.352941176470588,0.375,17,7,7,0.411764705882353,0.4375,V0.5_c1,nobgs,7,16,97081
simes,20,7,2,11,2,0.35,0.4375,18,7,7,0.388888888888889,0.4375,V0.5_c1,nobgs,7,16,97081
emlg,0,0,0,0,0,,0,0,0,0,0,0,V0.5_c1,nobgs,7,16,97081
snp,159,13,23,123,23,0.0817610062893082,0.619047619047619,136,13,15,0.0955882352941176,0.714285714285714,V0.5_c1,nobgs,8,21,100746
snp_n2,128,13,18,97,18,0.1015625,0.619047619047619,110,13,15,0.118181818181818,0.714285714285714,V0.5_c1,nobgs,8,21,100746
snp_n5,93,12,9,72,8,0.129032258064516,0.571428571428571,85,13,15,0.152941176470588,0.714285714285714,V0.5_c1,nobgs,8,21,100746
simes_only_sparse,16,1,2,13,0,0.0625,0.0476190476190476,16,3,3,0.1875,0.142857142857143,V0.5_c1,nobgs,8,21,100746
simes_only_longdense,18,6,3,9,2,0.333333333333333,0.285714285714286,16,7,9,0.4375,0.428571428571429,V0.5_c1,nobgs,8,21,100746
simes_nosparse,44,9,12,23,11,0.204545454545455,0.428571428571429,33,10,12,0.303030303030303,0.571428571428571,V0.5_c1,nobgs,8,21,100746
simes_n2_nosparse,36,9,9,18,8,0.25,0.428571428571429,28,10,12,0.357142857142857,0.571428571428571,V0.5_c1,nobgs,8,21,100746
simes_n2,45,10,11,24,11,0.222222222222222,0.476190476190476,34,10,12,0.294117647058824,0.571428571428571,V0.5_c1,nobgs,8,21,100746
rep,38,4,11,23,10,0.105263157894737,0.19047619047619,28,5,5,0.178571428571429,0.238095238095238,V0.5_c1,nobgs,8,21,100746
simes,55,10,15,30,15,0.181818181818182,0.476190476190476,40,10,12,0.25,0.571428571428571,V0.5_c1,nobgs,8,21,100746
emlg,0,0,0,0,0,,0,0,0,0,0,0,V0.5_c1,nobgs,8,21,100746
snp,29,10,4,15,4,0.344827586206897,0.588235294117647,25,10,12,0.4,0.705882352941177,V0.5_c1,nobgs,9,17,100958
snp_n2,26,9,4,13,3,0.346153846153846,0.529411764705882,23,10,12,0.434782608695652,0.705882352941177,V0.5_c1,nobgs,9,17,100958
snp_n5,21,8,3,10,1,0.380952380952381,0.470588235294118,20,10,12,0.5,0.705882352941177,V0.5_c1,nobgs,9,17,100958
simes_only_sparse,0,0,0,0,0,,0,0,0,0,0,0,V0.5_c1,nobgs,9,17,100958
simes_only_longdense,7,5,1,1,0,0.714285714285714,0.294117647058824,7,6,7,0.857142857142857,0.411764705882353,V0.5_c1,nobgs,9,17,100958
simes_nosparse,7,6,1,0,1,0.857142857142857,0.352941176470588,6,6,6,1,0.352941176470588,V0.5_c1,nobgs,9,17,100958
simes_n2_nosparse,8,6,1,1,0,0.75,0.352941176470588,8,7,7,0.875,0.411764705882353,V0.5_c1,nobgs,9,17,100958
simes_n2,8,6,1,1,0,0.75,0.352941176470588,8,7,7,0.875,0.411764705882353,V0.5_c1,nobgs,9,17,100958
rep,7,6,1,0,1,0.857142857142857,0.352941176470588,6,6,6,1,0.352941176470588,V0.5_c1,nobgs,9,17,100958
simes,7,6,1,0,1,0.857142857142857,0.352941176470588,6,6,6,1,0.352941176470588,V0.5_c1,nobgs,9,17,100958
emlg,0,0,0,0,0,,0,0,0,0,0,0,V0.5_c1,nobgs,9,17,100958
snp,168,11,18,139,18,0.0654761904761905,0.55,150,11,12,0.0733333333333333,0.6,V0.5_c1,nobgs,10,20,103749
snp_n2,145,11,17,117,17,0.0758620689655172,0.55,128,11,12,0.0859375,0.6,V0.5_c1,nobgs,10,20,103749
snp_n5,106,10,12,84,11,0.0943396226415094,0.5,95,11,12,0.115789473684211,0.6,V0.5_c1,nobgs,10,20,103749
simes_only_sparse,17,1,2,14,0,0.0588235294117647,0.05,17,3,3,0.176470588235294,0.15,V0.5_c1,nobgs,10,20,103749
simes_only_longdense,20,5,1,14,0,0.25,0.25,20,6,7,0.3,0.35,V0.5_c1,nobgs,10,20,103749
simes_nosparse,33,8,5,20,3,0.242424242424242,0.4,30,10,11,0.333333333333333,0.55,V0.5_c1,nobgs,10,20,103749
simes_n2_nosparse,27,8,3,16,1,0.296296296296296,0.4,26,10,11,0.384615384615385,0.55,V0.5_c1,nobgs,10,20,103749
simes_n2,36,9,5,22,4,0.25,0.45,32,10,11,0.3125,0.55,V0.5_c1,nobgs,10,20,103749
rep,30,8,3,19,3,0.266666666666667,0.4,27,8,9,0.296296296296296,0.45,V0.5_c1,nobgs,10,20,103749
simes,42,9,7,26,6,0.214285714285714,0.45,36,10,11,0.277777777777778,0.55,V0.5_c1,nobgs,10,20,103749
emlg,0,0,0,0,0,,0,0,0,0,0,0,V0.5_c1,nobgs,10,20,103749
snp,53,8,6,39,6,0.150943396226415,0.380952380952381,47,8,9,0.170212765957447,0.428571428571429,V0.5_c1,bgs,1,21,84732
snp_n2,54,8,4,42,4,0.148148148148148,0.380952380952381,50,8,9,0.16,0.428571428571429,V0.5_c1,bgs,1,21,84732
snp_n5,59,8,3,48,3,0.135593220338983,0.380952380952381,56,8,9,0.142857142857143,0.428571428571429,V0.5_c1,bgs,1,21,84732
simes_only_sparse,0,0,0,0,0,,0,0,0,0,0,0,V0.5_c1,bgs,1,21,84732
simes_only_longdense,17,6,2,9,2,0.352941176470588,0.285714285714286,15,6,7,0.4,0.333333333333333,V0.5_c1,bgs,1,21,84732
simes_nosparse,8,4,1,3,1,0.5,0.19047619047619,7,4,5,0.571428571428571,0.238095238095238,V0.5_c1,bgs,1,21,84732
simes_n2_nosparse,9,4,1,4,1,0.444444444444444,0.19047619047619,8,4,5,0.5,0.238095238095238,V0.5_c1,bgs,1,21,84732
simes_n2,9,4,1,4,1,0.444444444444444,0.19047619047619,8,4,5,0.5,0.238095238095238,V0.5_c1,bgs,1,21,84732
rep,4,3,0,1,0,0.75,0.142857142857143,4,3,3,0.75,0.142857142857143,V0.5_c1,bgs,1,21,84732
simes,8,4,1,3,1,0.5,0.19047619047619,7,4,5,0.571428571428571,0.238095238095238,V0.5_c1,bgs,1,21,84732
emlg,0,0,0,0,0,,0,0,0,0,0,0,V0.5_c1,bgs,1,21,84732
snp,70,14,7,49,6,0.2,0.7,64,15,15,0.234375,0.75,V0.5_c1,bgs,2,20,84185
snp_n2,71,14,6,51,5,0.197183098591549,0.7,66,15,15,0.227272727272727,0.75,V0.5_c1,bgs,2,20,84185
snp_n5,72,12,5,55,4,0.166666666666667,0.6,68,13,13,0.191176470588235,0.65,V0.5_c1,bgs,2,20,84185
simes_only_sparse,3,2,0,1,0,0.666666666666667,0.1,3,2,2,0.666666666666667,0.1,V0.5_c1,bgs,2,20,84185
simes_only_longdense,18,6,1,11,0,0.333333333333333,0.3,18,7,7,0.388888888888889,0.35,V0.5_c1,bgs,2,20,84185
simes_nosparse,14,6,0,8,0,0.428571428571429,0.3,14,6,6,0.428571428571429,0.3,V0.5_c1,bgs,2,20,84185
simes_n2_nosparse,17,8,0,9,0,0.470588235294118,0.4,17,8,8,0.470588235294118,0.4,V0.5_c1,bgs,2,20,84185
simes_n2,20,10,0,10,0,0.5,0.5,20,10,10,0.5,0.5,V0.5_c1,bgs,2,20,84185
rep,12,6,0,6,0,0.5,0.3,12,6,6,0.5,0.3,V0.5_c1,bgs,2,20,84185
simes,16,8,0,8,0,0.5,0.4,16,8,8,0.5,0.4,V0.5_c1,bgs,2,20,84185
emlg,0,0,0,0,0,,0,0,0,0,0,0,V0.5_c1,bgs,2,20,84185
snp,61,15,15,31,14,0.245901639344262,0.789473684210526,47,16,17,0.340425531914894,0.894736842105263,V0.5_c1,bgs,3,19,84217
snp_n2,58,15,12,31,11,0.258620689655172,0.789473684210526,47,16,17,0.340425531914894,0.894736842105263,V0.5_c1,bgs,3,19,84217
snp_n5,56,14,10,32,8,0.25,0.736842105263158,48,16,17,0.333333333333333,0.894736842105263,V0.5_c1,bgs,3,19,84217
simes_only_sparse,3,0,1,2,0,0,0,3,1,1,0.333333333333333,0.0526315789473684,V0.5_c1,bgs,3,19,84217
simes_only_longdense,19,12,2,5,2,0.631578947368421,0.631578947368421,17,12,13,0.705882352941177,0.68421052631579,V0.5_c1,bgs,3,19,84217
simes_nosparse,21,12,3,6,3,0.571428571428571,0.631578947368421,18,12,13,0.666666666666667,0.68421052631579,V0.5_c1,bgs,3,19,84217
simes_n2_nosparse,23,13,4,6,4,0.565217391304348,0.68421052631579,19,13,14,0.68421052631579,0.736842105263158,V0.5_c1,bgs,3,19,84217
simes_n2,25,13,5,7,4,0.52,0.68421052631579,21,14,15,0.666666666666667,0.789473684210526,V0.5_c1,bgs,3,19,84217
rep,22,11,5,6,4,0.5,0.578947368421053,18,12,13,0.666666666666667,0.68421052631579,V0.5_c1,bgs,3,19,84217
simes,22,12,4,6,3,0.545454545454545,0.631578947368421,19,13,14,0.68421052631579,0.736842105263158,V0.5_c1,bgs,3,19,84217
emlg,0,0,0,0,0,,0,0,0,0,0,0,V0.5_c1,bgs,3,19,84217
snp,22,10,6,6,6,0.454545454545455,0.833333333333333,16,10,13,0.625,1.08333333333333,V0.5_c1,bgs,4,12,85153
snp_n2,23,10,6,7,6,0.434782608695652,0.833333333333333,17,10,13,0.588235294117647,1.08333333333333,V0.5_c1,bgs,4,12,85153
snp_n5,21,9,6,6,6,0.428571428571429,0.75,15,9,12,0.6,1,V0.5_c1,bgs,4,12,85153
simes_only_sparse,2,1,0,1,0,0.5,0.0833333333333333,2,1,2,0.5,0.166666666666667,V0.5_c1,bgs,4,12,85153
simes_only_longdense,7,6,1,0,1,0.857142857142857,0.5,6,6,8,1,0.666666666666667,V0.5_c1,bgs,4,12,85153
simes_nosparse,13,7,5,1,4,0.538461538461538,0.583333333333333,9,8,9,0.888888888888889,0.75,V0.5_c1,bgs,4,12,85153
simes_n2_nosparse,11,7,4,0,3,0.636363636363636,0.583333333333333,8,8,9,1,0.75,V0.5_c1,bgs,4,12,85153
simes_n2,13,8,4,1,4,0.615384615384615,0.666666666666667,9,8,10,0.888888888888889,0.833333333333333,V0.5_c1,bgs,4,12,85153
rep,13,6,4,3,3,0.461538461538462,0.5,10,7,9,0.7,0.75,V0.5_c1,bgs,4,12,85153
simes,15,8,5,2,5,0.533333333333333,0.666666666666667,10,8,10,0.8,0.833333333333333,V0.5_c1,bgs,4,12,85153
emlg,0,0,0,0,0,,0,0,0,0,0,0,V0.5_c1,bgs,4,12,85153
snp,45,11,8,26,8,0.244444444444444,0.846153846153846,37,11,12,0.297297297297297,0.923076923076923,V0.5_c1,bgs,5,13,83084
snp_n2,38,11,6,21,6,0.289473684210526,0.846153846153846,32,11,12,0.34375,0.923076923076923,V0.5_c1,bgs,5,13,83084
snp_n5,38,10,6,22,6,0.263157894736842,0.769230769230769,32,10,11,0.3125,0.846153846153846,V0.5_c1,bgs,5,13,83084
simes_only_sparse,6,3,0,3,0,0.5,0.230769230769231,6,3,4,0.5,0.307692307692308,V0.5_c1,bgs,5,13,83084
simes_only_longdense,6,5,1,0,1,0.833333333333333,0.384615384615385,5,5,5,1,0.384615384615385,V0.5_c1,bgs,5,13,83084
simes_nosparse,13,7,3,3,3,0.538461538461538,0.538461538461538,10,7,7,0.7,0.538461538461538,V0.5_c1,bgs,5,13,83084
simes_n2_nosparse,13,8,3,2,3,0.615384615384615,0.615384615384615,10,8,8,0.8,0.615384615384615,V0.5_c1,bgs,5,13,83084
simes_n2,17,11,3,3,3,0.647058823529412,0.846153846153846,14,11,12,0.785714285714286,0.923076923076923,V0.5_c1,bgs,5,13,83084
rep,13,10,2,1,2,0.769230769230769,0.769230769230769,11,10,11,0.909090909090909,0.846153846153846,V0.5_c1,bgs,5,13,83084
simes,15,9,3,3,3,0.6,0.692307692307692,12,9,10,0.75,0.769230769230769,V0.5_c1,bgs,5,13,83084
emlg,0,0,0,0,0,,0,0,0,0,0,0,V0.5_c1,bgs,5,13,83084
snp,99,10,22,67,22,0.101010101010101,0.625,77,10,11,0.12987012987013,0.6875,V0.5_c1,bgs,6,16,85280
snp_n2,81,9,18,54,18,0.111111111111111,0.5625,63,9,10,0.142857142857143,0.625,V0.5_c1,bgs,6,16,85280
snp_n5,40,5,8,27,5,0.125,0.3125,35,8,9,0.228571428571429,0.5625,V0.5_c1,bgs,6,16,85280
simes_only_sparse,19,2,3,14,2,0.105263157894737,0.125,17,3,3,0.176470588235294,0.1875,V0.5_c1,bgs,6,16,85280
simes_only_longdense,4,2,0,2,0,0.5,0.125,4,2,3,0.5,0.1875,V0.5_c1,bgs,6,16,85280
simes_nosparse,46,8,18,20,17,0.173913043478261,0.5,29,9,10,0.310344827586207,0.625,V0.5_c1,bgs,6,16,85280
simes_n2_nosparse,38,7,13,18,13,0.184210526315789,0.4375,25,7,8,0.28,0.5,V0.5_c1,bgs,6,16,85280
simes_n2,50,9,15,26,15,0.18,0.5625,35,9,10,0.257142857142857,0.625,V0.5_c1,bgs,6,16,85280
rep,43,9,15,19,14,0.209302325581395,0.5625,29,10,11,0.344827586206897,0.6875,V0.5_c1,bgs,6,16,85280
simes,54,10,19,25,19,0.185185185185185,0.625,35,10,11,0.285714285714286,0.6875,V0.5_c1,bgs,6,16,85280
emlg,0,0,0,0,0,,0,0,0,0,0,0,V0.5_c1,bgs,6,16,85280
snp,35,13,4,18,4,0.371428571428571,0.764705882352941,31,13,15,0.419354838709677,0.882352941176471,V0.5_c1,bgs,7,17,83973
snp_n2,33,13,3,17,3,0.393939393939394,0.764705882352941,30,13,15,0.433333333333333,0.882352941176471,V0.5_c1,bgs,7,17,83973
snp_n5,24,10,4,10,3,0.416666666666667,0.588235294117647,21,11,13,0.523809523809524,0.764705882352941,V0.5_c1,bgs,7,17,83973
simes_only_sparse,4,2,1,1,0,0.5,0.117647058823529,4,3,4,0.75,0.235294117647059,V0.5_c1,bgs,7,17,83973
simes_only_longdense,9,4,2,3,1,0.444444444444444,0.235294117647059,8,5,6,0.625,0.352941176470588,V0.5_c1,bgs,7,17,83973
simes_nosparse,14,8,2,4,2,0.571428571428571,0.470588235294118,12,8,9,0.666666666666667,0.529411764705882,V0.5_c1,bgs,7,17,83973
simes_n2_nosparse,16,8,1,7,1,0.5,0.470588235294118,15,8,9,0.533333333333333,0.529411764705882,V0.5_c1,bgs,7,17,83973
simes_n2,19,10,1,8,1,0.526315789473684,0.588235294117647,18,10,12,0.555555555555556,0.705882352941177,V0.5_c1,bgs,7,17,83973
rep,14,7,1,6,1,0.5,0.411764705882353,13,7,8,0.538461538461538,0.470588235294118,V0.5_c1,bgs,7,17,83973
simes,17,10,2,5,2,0.588235294117647,0.588235294117647,15,10,12,0.666666666666667,0.705882352941177,V0.5_c1,bgs,7,17,83973
emlg,0,0,0,0,0,,0,0,0,0,0,0,V0.5_c1,bgs,7,17,83973
snp,121,12,15,94,12,0.0991735537190083,0.6,109,15,15,0.137614678899083,0.75,V0.5_c1,bgs,8,20,85372
snp_n2,130,13,13,104,11,0.1,0.65,119,15,15,0.126050420168067,0.75,V0.5_c1,bgs,8,20,85372
snp_n5,98,12,12,74,10,0.122448979591837,0.6,88,14,14,0.159090909090909,0.7,V0.5_c1,bgs,8,20,85372
simes_only_sparse,27,3,1,23,1,0.111111111111111,0.15,26,3,3,0.115384615384615,0.15,V0.5_c1,bgs,8,20,85372
simes_only_longdense,12,5,2,5,2,0.416666666666667,0.25,10,5,5,0.5,0.25,V0.5_c1,bgs,8,20,85372
simes_nosparse,17,5,4,8,2,0.294117647058824,0.25,15,7,7,0.466666666666667,0.35,V0.5_c1,bgs,8,20,85372
simes_n2_nosparse,21,5,5,11,2,0.238095238095238,0.25,19,8,8,0.421052631578947,0.4,V0.5_c1,bgs,8,20,85372
simes_n2,29,8,5,16,3,0.275862068965517,0.4,26,10,10,0.384615384615385,0.5,V0.5_c1,bgs,8,20,85372
rep,20,6,4,10,2,0.3,0.3,18,8,8,0.444444444444444,0.4,V0.5_c1,bgs,8,20,85372
simes,23,8,4,11,3,0.347826086956522,0.4,20,9,9,0.45,0.45,V0.5_c1,bgs,8,20,85372
emlg,0,0,0,0,0,,0,0,0,0,0,0,V0.5_c1,bgs,8,20,85372
snp,14,6,1,7,1,0.428571428571429,0.315789473684211,13,6,6,0.461538461538462,0.315789473684211,V0.5_c1,bgs,9,19,85242
snp_n2,10,5,1,4,1,0.5,0.263157894736842,9,5,5,0.555555555555556,0.263157894736842,V0.5_c1,bgs,9,19,85242
snp_n5,8,6,0,2,0,0.75,0.315789473684211,8,6,7,0.75,0.368421052631579,V0.5_c1,bgs,9,19,85242
simes_only_sparse,3,1,0,2,0,0.333333333333333,0.0526315789473684,3,1,1,0.333333333333333,0.0526315789473684,V0.5_c1,bgs,9,19,85242
simes_only_longdense,2,2,0,0,0,1,0.105263157894737,2,2,2,1,0.105263157894737,V0.5_c1,bgs,9,19,85242
simes_nosparse,3,3,0,0,0,1,0.157894736842105,3,3,3,1,0.157894736842105,V0.5_c1,bgs,9,19,85242
simes_n2_nosparse,2,2,0,0,0,1,0.105263157894737,2,2,2,1,0.105263157894737,V0.5_c1,bgs,9,19,85242
simes_n2,3,3,0,0,0,1,0.157894736842105,3,3,3,1,0.157894736842105,V0.5_c1,bgs,9,19,85242
rep,1,1,0,0,0,1,0.0526315789473684,1,1,1,1,0.0526315789473684,V0.5_c1,bgs,9,19,85242
simes,4,4,0,0,0,1,0.210526315789474,4,4,4,1,0.210526315789474,V0.5_c1,bgs,9,19,85242
emlg,0,0,0,0,0,,0,0,0,0,0,0,V0.5_c1,bgs,9,19,85242
snp,175,10,30,135,30,0.0571428571428571,0.588235294117647,145,10,10,0.0689655172413793,0.588235294117647,V0.5_c1,bgs,10,17,85817
snp_n2,159,10,25,124,25,0.0628930817610063,0.588235294117647,134,10,10,0.0746268656716418,0.588235294117647,V0.5_c1,bgs,10,17,85817
snp_n5,89,11,9,69,9,0.123595505617978,0.647058823529412,80,11,11,0.1375,0.647058823529412,V0.5_c1,bgs,10,17,85817
simes_only_sparse,27,0,1,26,0,0,0,27,1,1,0.037037037037037,0.0588235294117647,V0.5_c1,bgs,10,17,85817
simes_only_longdense,10,5,0,5,0,0.5,0.294117647058824,10,5,5,0.5,0.294117647058824,V0.5_c1,bgs,10,17,85817
simes_nosparse,69,9,18,42,18,0.130434782608696,0.529411764705882,51,9,9,0.176470588235294,0.529411764705882,V0.5_c1,bgs,10,17,85817
simes_n2_nosparse,73,10,20,43,20,0.136986301369863,0.588235294117647,53,10,10,0.188679245283019,0.588235294117647,V0.5_c1,bgs,10,17,85817
simes_n2,95,10,22,63,22,0.105263157894737,0.588235294117647,73,10,10,0.136986301369863,0.588235294117647,V0.5_c1,bgs,10,17,85817
rep,78,9,17,52,17,0.115384615384615,0.529411764705882,61,9,9,0.147540983606557,0.529411764705882,V0.5_c1,bgs,10,17,85817
simes,85,9,20,56,20,0.105882352941176,0.529411764705882,65,9,9,0.138461538461538,0.529411764705882,V0.5_c1,bgs,10,17,85817
emlg,0,0,0,0,0,,0,0,0,0,0,0,V0.5_c1,bgs,10,17,85817
snp,225,10,5,210,3,0.0444444444444444,0.333333333333333,222,12,15,0.0540540540540541,0.5,V0.5_c2,nobgs,1,30,72230
snp_n2,225,9,5,211,3,0.04,0.3,222,11,14,0.0495495495495496,0.466666666666667,V0.5_c2,nobgs,1,30,72230
snp_n5,220,8,5,207,3,0.0363636363636364,0.266666666666667,217,10,13,0.0460829493087558,0.433333333333333,V0.5_c2,nobgs,1,30,72230
simes_only_sparse,116,6,2,108,1,0.0517241379310345,0.2,115,7,8,0.0608695652173913,0.266666666666667,V0.5_c2,nobgs,1,30,72230
simes_only_longdense,19,2,1,16,0,0.105263157894737,0.0666666666666667,19,3,3,0.157894736842105,0.1,V0.5_c2,nobgs,1,30,72230
simes_nosparse,2,0,0,2,0,0,0,2,0,0,0,0,V0.5_c2,nobgs,1,30,72230
simes_n2_nosparse,3,1,0,2,0,0.333333333333333,0.0333333333333333,3,1,1,0.333333333333333,0.0333333333333333,V0.5_c2,nobgs,1,30,72230
simes_n2,109,6,3,100,1,0.055045871559633,0.2,108,8,9,0.0740740740740741,0.3,V0.5_c2,nobgs,1,30,72230
rep,53,4,1,48,1,0.0754716981132076,0.133333333333333,52,4,4,0.0769230769230769,0.133333333333333,V0.5_c2,nobgs,1,30,72230
simes,83,6,1,76,0,0.072289156626506,0.2,83,7,8,0.0843373493975904,0.266666666666667,V0.5_c2,nobgs,1,30,72230
emlg,0,0,0,0,0,,0,0,0,0,0,0,V0.5_c2,nobgs,1,30,72230
snp,1253,13,10,1230,8,0.0103750997605746,0.361111111111111,1245,15,17,0.0120481927710843,0.472222222222222,V0.5_c2,nobgs,2,36,73046
snp_n2,1031,13,10,1008,8,0.0126091173617847,0.361111111111111,1023,15,17,0.0146627565982405,0.472222222222222,V0.5_c2,nobgs,2,36,73046
snp_n5,749,11,9,729,7,0.0146862483311081,0.305555555555556,742,13,14,0.0175202156334232,0.388888888888889,V0.5_c2,nobgs,2,36,73046
simes_only_sparse,343,10,5,328,4,0.0291545189504373,0.277777777777778,339,11,13,0.0324483775811209,0.361111111111111,V0.5_c2,nobgs,2,36,73046
simes_only_longdense,107,2,1,104,1,0.0186915887850467,0.0555555555555556,106,2,2,0.0188679245283019,0.0555555555555556,V0.5_c2,nobgs,2,36,73046
simes_nosparse,210,1,1,208,1,0.00476190476190476,0.0277777777777778,209,1,1,0.00478468899521531,0.0277777777777778,V0.5_c2,nobgs,2,36,73046
simes_n2_nosparse,186,1,2,183,1,0.00537634408602151,0.0277777777777778,185,2,2,0.0108108108108108,0.0555555555555556,V0.5_c2,nobgs,2,36,73046
simes_n2,540,12,8,520,7,0.0222222222222222,0.333333333333333,533,13,15,0.024390243902439,0.416666666666667,V0.5_c2,nobgs,2,36,73046
rep,444,8,6,430,6,0.018018018018018,0.222222222222222,438,8,9,0.0182648401826484,0.25,V0.5_c2,nobgs,2,36,73046
simes,538,11,7,520,6,0.0204460966542751,0.305555555555556,532,12,14,0.0225563909774436,0.388888888888889,V0.5_c2,nobgs,2,36,73046
emlg,0,0,0,0,0,,0,0,0,0,0,0,V0.5_c2,nobgs,2,36,73046
snp,230,16,7,207,6,0.0695652173913044,0.484848484848485,224,17,19,0.0758928571428571,0.575757575757576,V0.5_c2,nobgs,3,33,72600
snp_n2,228,15,7,206,6,0.0657894736842105,0.454545454545455,222,16,18,0.0720720720720721,0.545454545454545,V0.5_c2,nobgs,3,33,72600
snp_n5,225,15,7,203,5,0.0666666666666667,0.454545454545455,220,17,19,0.0772727272727273,0.575757575757576,V0.5_c2,nobgs,3,33,72600
simes_only_sparse,157,12,4,141,4,0.0764331210191083,0.363636363636364,153,12,13,0.0784313725490196,0.393939393939394,V0.5_c2,nobgs,3,33,72600
simes_only_longdense,6,2,0,4,0,0.333333333333333,0.0606060606060606,6,2,3,0.333333333333333,0.0909090909090909,V0.5_c2,nobgs,3,33,72600
simes_nosparse,9,3,0,6,0,0.333333333333333,0.0909090909090909,9,3,4,0.333333333333333,0.121212121212121,V0.5_c2,nobgs,3,33,72600
simes_n2_nosparse,6,2,0,4,0,0.333333333333333,0.0606060606060606,6,2,3,0.333333333333333,0.0909090909090909,V0.5_c2,nobgs,3,33,72600
simes_n2,142,14,4,124,4,0.0985915492957746,0.424242424242424,138,14,16,0.101449275362319,0.484848484848485,V0.5_c2,nobgs,3,33,72600
rep,62,10,3,49,0,0.161290322580645,0.303030303030303,62,13,15,0.209677419354839,0.454545454545455,V0.5_c2,nobgs,3,33,72600
simes,134,14,4,116,3,0.104477611940299,0.424242424242424,131,15,17,0.114503816793893,0.515151515151515,V0.5_c2,nobgs,3,33,72600
emlg,0,0,0,0,0,,0,0,0,0,0,0,V0.5_c2,nobgs,3,33,72600
snp,201,14,4,183,2,0.0696517412935323,0.4,199,16,18,0.0804020100502513,0.514285714285714,V0.5_c2,nobgs,4,35,73546
snp_n2,201,13,4,184,2,0.0646766169154229,0.371428571428571,199,15,17,0.0753768844221106,0.485714285714286,V0.5_c2,nobgs,4,35,73546
snp_n5,201,13,5,183,2,0.0646766169154229,0.371428571428571,199,16,18,0.0804020100502513,0.514285714285714,V0.5_c2,nobgs,4,35,73546
simes_only_sparse,127,9,3,115,0,0.0708661417322835,0.257142857142857,127,12,14,0.0944881889763779,0.4,V0.5_c2,nobgs,4,35,73546
simes_only_longdense,7,2,0,5,0,0.285714285714286,0.0571428571428571,7,2,2,0.285714285714286,0.0571428571428571,V0.5_c2,nobgs,4,35,73546
simes_nosparse,10,2,0,8,0,0.2,0.0571428571428571,10,2,2,0.2,0.0571428571428571,V0.5_c2,nobgs,4,35,73546
simes_n2_nosparse,7,1,0,6,0,0.142857142857143,0.0285714285714286,7,1,1,0.142857142857143,0.0285714285714286,V0.5_c2,nobgs,4,35,73546
simes_n2,113,9,3,101,1,0.079646017699115,0.257142857142857,112,11,13,0.0982142857142857,0.371428571428571,V0.5_c2,nobgs,4,35,73546
rep,51,6,3,42,1,0.117647058823529,0.171428571428571,50,8,9,0.16,0.257142857142857,V0.5_c2,nobgs,4,35,73546
simes,106,9,3,94,1,0.0849056603773585,0.257142857142857,105,11,13,0.104761904761905,0.371428571428571,V0.5_c2,nobgs,4,35,73546
emlg,0,0,0,0,0,,0,0,0,0,0,0,V0.5_c2,nobgs,4,35,73546
snp,357,16,5,336,5,0.0448179271708684,0.516129032258065,352,16,22,0.0454545454545455,0.709677419354839,V0.5_c2,nobgs,5,31,71812
snp_n2,352,16,5,331,5,0.0454545454545455,0.516129032258065,347,16,22,0.0461095100864553,0.709677419354839,V0.5_c2,nobgs,5,31,71812
snp_n5,321,16,5,300,4,0.0498442367601246,0.516129032258065,317,17,23,0.0536277602523659,0.741935483870968,V0.5_c2,nobgs,5,31,71812
simes_only_sparse,189,10,2,177,1,0.0529100529100529,0.32258064516129,188,11,14,0.0585106382978723,0.451612903225806,V0.5_c2,nobgs,5,31,71812
simes_only_longdense,26,2,2,22,1,0.0769230769230769,0.0645161290322581,25,3,5,0.12,0.161290322580645,V0.5_c2,nobgs,5,31,71812
simes_nosparse,17,2,1,14,0,0.117647058823529,0.0645161290322581,17,3,5,0.176470588235294,0.161290322580645,V0.5_c2,nobgs,5,31,71812
simes_n2_nosparse,20,3,2,15,1,0.15,0.0967741935483871,19,4,6,0.210526315789474,0.193548387096774,V0.5_c2,nobgs,5,31,71812
simes_n2,188,12,3,173,3,0.0638297872340426,0.387096774193548,185,12,17,0.0648648648648649,0.548387096774194,V0.5_c2,nobgs,5,31,71812
rep,76,5,2,69,0,0.0657894736842105,0.161290322580645,76,7,9,0.0921052631578947,0.290322580645161,V0.5_c2,nobgs,5,31,71812
simes,164,12,3,149,3,0.0731707317073171,0.387096774193548,161,12,17,0.0745341614906832,0.548387096774194,V0.5_c2,nobgs,5,31,71812
emlg,0,0,0,0,0,,0,0,0,0,0,0,V0.5_c2,nobgs,5,31,71812
snp,1341,15,3,1323,3,0.0111856823266219,0.555555555555556,1338,15,15,0.0112107623318386,0.555555555555556,V0.5_c2,nobgs,6,27,73578
snp_n2,1067,13,3,1051,2,0.0121836925960637,0.481481481481482,1065,14,14,0.0131455399061033,0.518518518518519,V0.5_c2,nobgs,6,27,73578
snp_n5,701,13,4,684,3,0.0185449358059914,0.481481481481482,698,14,14,0.0200573065902579,0.518518518518519,V0.5_c2,nobgs,6,27,73578
simes_only_sparse,387,12,2,373,1,0.0310077519379845,0.444444444444444,386,13,13,0.0336787564766839,0.481481481481482,V0.5_c2,nobgs,6,27,73578
simes_only_longdense,84,0,0,84,0,0,0,84,0,0,0,0,V0.5_c2,nobgs,6,27,73578
simes_nosparse,343,2,0,341,0,0.00583090379008746,0.0740740740740741,343,2,2,0.00583090379008746,0.0740740740740741,V0.5_c2,nobgs,6,27,73578
simes_n2_nosparse,300,0,0,300,0,0,0,300,0,0,0,0,V0.5_c2,nobgs,6,27,73578
simes_n2,708,12,2,694,1,0.0169491525423729,0.444444444444444,707,13,13,0.0183875530410184,0.481481481481482,V0.5_c2,nobgs,6,27,73578
rep,594,9,1,584,1,0.0151515151515152,0.333333333333333,593,9,9,0.015177065767285,0.333333333333333,V0.5_c2,nobgs,6,27,73578
simes,730,14,2,714,2,0.0191780821917808,0.518518518518519,728,14,14,0.0192307692307692,0.518518518518519,V0.5_c2,nobgs,6,27,73578
emlg,0,0,0,0,0,,0,0,0,0,0,0,V0.5_c2,nobgs,6,27,73578
snp,365,16,3,346,3,0.0438356164383562,0.457142857142857,362,16,16,0.0441988950276243,0.457142857142857,V0.5_c2,nobgs,7,35,73710
snp_n2,351,15,2,334,2,0.0427350427350427,0.428571428571429,349,15,15,0.0429799426934097,0.428571428571429,V0.5_c2,nobgs,7,35,73710
snp_n5,300,11,2,287,1,0.0366666666666667,0.314285714285714,299,12,12,0.040133779264214,0.342857142857143,V0.5_c2,nobgs,7,35,73710
simes_only_sparse,178,11,2,165,1,0.0617977528089888,0.314285714285714,177,12,12,0.0677966101694915,0.342857142857143,V0.5_c2,nobgs,7,35,73710
simes_only_longdense,14,1,0,13,0,0.0714285714285714,0.0285714285714286,14,1,1,0.0714285714285714,0.0285714285714286,V0.5_c2,nobgs,7,35,73710
simes_nosparse,12,1,0,11,0,0.0833333333333333,0.0285714285714286,12,1,1,0.0833333333333333,0.0285714285714286,V0.5_c2,nobgs,7,35,73710
simes_n2_nosparse,14,1,0,13,0,0.0714285714285714,0.0285714285714286,14,1,1,0.0714285714285714,0.0285714285714286,V0.5_c2,nobgs,7,35,73710
simes_n2,174,11,1,162,0,0.0632183908045977,0.314285714285714,174,12,12,0.0689655172413793,0.342857142857143,V0.5_c2,nobgs,7,35,73710
rep,73,7,0,66,0,0.0958904109589041,0.2,73,7,7,0.0958904109589041,0.2,V0.5_c2,nobgs,7,35,73710
simes,154,12,1,141,0,0.0779220779220779,0.342857142857143,154,13,13,0.0844155844155844,0.371428571428571,V0.5_c2,nobgs,7,35,73710
emlg,0,0,0,0,0,,0,0,0,0,0,0,V0.5_c2,nobgs,7,35,73710
snp,918,14,10,894,8,0.0152505446623094,0.482758620689655,910,16,18,0.0175824175824176,0.620689655172414,V0.5_c2,nobgs,8,29,73774
snp_n2,738,13,10,715,8,0.0176151761517615,0.448275862068966,730,15,17,0.0205479452054795,0.586206896551724,V0.5_c2,nobgs,8,29,73774
snp_n5,490,11,10,469,8,0.0224489795918367,0.379310344827586,482,13,15,0.0269709543568465,0.517241379310345,V0.5_c2,nobgs,8,29,73774
simes_only_sparse,241,9,6,226,4,0.037344398340249,0.310344827586207,237,11,13,0.0464135021097046,0.448275862068966,V0.5_c2,nobgs,8,29,73774
simes_only_longdense,54,3,1,50,0,0.0555555555555556,0.103448275862069,54,4,4,0.0740740740740741,0.137931034482759,V0.5_c2,nobgs,8,29,73774
simes_nosparse,156,5,0,151,0,0.0320512820512821,0.172413793103448,156,5,5,0.0320512820512821,0.172413793103448,V0.5_c2,nobgs,8,29,73774
simes_n2_nosparse,151,4,0,147,0,0.0264900662251656,0.137931034482759,151,4,4,0.0264900662251656,0.137931034482759,V0.5_c2,nobgs,8,29,73774
simes_n2,415,12,7,396,6,0.0289156626506024,0.413793103448276,409,13,15,0.0317848410757946,0.517241379310345,V0.5_c2,nobgs,8,29,73774
rep,333,11,3,319,2,0.033033033033033,0.379310344827586,331,12,14,0.0362537764350453,0.482758620689655,V0.5_c2,nobgs,8,29,73774
simes,427,13,6,408,6,0.0304449648711944,0.448275862068966,421,13,15,0.0308788598574822,0.517241379310345,V0.5_c2,nobgs,8,29,73774
emlg,0,0,0,0,0,,0,0,0,0,0,0,V0.5_c2,nobgs,8,29,73774
snp,167,12,2,153,1,0.0718562874251497,0.363636363636364,166,13,15,0.0783132530120482,0.454545454545455,V0.5_c2,nobgs,9,33,71961
snp_n2,164,10,2,152,1,0.0609756097560976,0.303030303030303,163,11,13,0.0674846625766871,0.393939393939394,V0.5_c2,nobgs,9,33,71961
snp_n5,153,12,4,137,1,0.0784313725490196,0.363636363636364,152,15,17,0.0986842105263158,0.515151515151515,V0.5_c2,nobgs,9,33,71961
simes_only_sparse,100,8,1,91,1,0.08,0.242424242424242,99,8,10,0.0808080808080808,0.303030303030303,V0.5_c2,nobgs,9,33,71961
simes_only_longdense,2,0,0,2,0,0,0,2,0,0,0,0,V0.5_c2,nobgs,9,33,71961
simes_nosparse,4,1,0,3,0,0.25,0.0303030303030303,4,1,1,0.25,0.0303030303030303,V0.5_c2,nobgs,9,33,71961
simes_n2_nosparse,3,0,0,3,0,0,0,3,0,0,0,0,V0.5_c2,nobgs,9,33,71961
simes_n2,75,5,1,69,1,0.0666666666666667,0.151515151515152,74,5,6,0.0675675675675676,0.181818181818182,V0.5_c2,nobgs,9,33,71961
rep,22,5,1,16,0,0.227272727272727,0.151515151515152,22,6,7,0.272727272727273,0.212121212121212,V0.5_c2,nobgs,9,33,71961
simes,62,7,1,54,1,0.112903225806452,0.212121212121212,61,7,8,0.114754098360656,0.242424242424242,V0.5_c2,nobgs,9,33,71961
emlg,0,0,0,0,0,,0,0,0,0,0,0,V0.5_c2,nobgs,9,33,71961
snp,377,10,0,367,0,0.026525198938992,0.3125,377,10,10,0.026525198938992,0.3125,V0.5_c2,nobgs,10,32,74139
snp_n2,328,7,0,321,0,0.0213414634146341,0.21875,328,7,7,0.0213414634146341,0.21875,V0.5_c2,nobgs,10,32,74139
snp_n5,271,6,0,265,0,0.022140221402214,0.1875,271,6,6,0.022140221402214,0.1875,V0.5_c2,nobgs,10,32,74139
simes_only_sparse,136,4,0,132,0,0.0294117647058824,0.125,136,4,4,0.0294117647058824,0.125,V0.5_c2,nobgs,10,32,74139
simes_only_longdense,22,0,0,22,0,0,0,22,0,0,0,0,V0.5_c2,nobgs,10,32,74139
simes_nosparse,35,2,0,33,0,0.0571428571428571,0.0625,35,2,2,0.0571428571428571,0.0625,V0.5_c2,nobgs,10,32,74139
simes_n2_nosparse,40,1,0,39,0,0.025,0.03125,40,1,1,0.025,0.03125,V0.5_c2,nobgs,10,32,74139
simes_n2,170,5,0,165,0,0.0294117647058824,0.15625,170,5,5,0.0294117647058824,0.15625,V0.5_c2,nobgs,10,32,74139
rep,96,3,0,93,0,0.03125,0.09375,96,3,3,0.03125,0.09375,V0.5_c2,nobgs,10,32,74139
simes,160,6,0,154,0,0.0375,0.1875,160,6,6,0.0375,0.1875,V0.5_c2,nobgs,10,32,74139
emlg,0,0,0,0,0,,0,0,0,0,0,0,V0.5_c2,nobgs,10,32,74139
snp,181,13,6,162,5,0.0718232044198895,0.40625,176,14,15,0.0795454545454545,0.46875,V0.5_c2,bgs,1,32,60984
snp_n2,186,14,7,165,6,0.0752688172043011,0.4375,180,15,16,0.0833333333333333,0.5,V0.5_c2,bgs,1,32,60984
snp_n5,185,14,7,164,6,0.0756756756756757,0.4375,179,15,16,0.0837988826815642,0.5,V0.5_c2,bgs,1,32,60984
simes_only_sparse,101,9,3,89,2,0.0891089108910891,0.28125,99,10,11,0.101010101010101,0.34375,V0.5_c2,bgs,1,32,60984
simes_only_longdense,2,0,0,2,0,0,0,2,0,0,0,0,V0.5_c2,bgs,1,32,60984
simes_nosparse,1,0,0,1,0,0,0,1,0,0,0,0,V0.5_c2,bgs,1,32,60984
simes_n2_nosparse,2,0,0,2,0,0,0,2,0,0,0,0,V0.5_c2,bgs,1,32,60984
simes_n2,78,9,3,66,2,0.115384615384615,0.28125,76,10,11,0.131578947368421,0.34375,V0.5_c2,bgs,1,32,60984
rep,48,6,2,40,0,0.125,0.1875,48,8,9,0.166666666666667,0.28125,V0.5_c2,bgs,1,32,60984
simes,62,7,1,54,1,0.112903225806452,0.21875,61,7,8,0.114754098360656,0.25,V0.5_c2,bgs,1,32,60984
emlg,0,0,0,0,0,,0,0,0,0,0,0,V0.5_c2,bgs,1,32,60984
snp,1023,15,7,1001,6,0.0146627565982405,0.46875,1017,16,18,0.015732546705998,0.5625,V0.5_c2,bgs,2,32,60739
snp_n2,828,15,8,805,7,0.0181159420289855,0.46875,821,16,18,0.0194884287454324,0.5625,V0.5_c2,bgs,2,32,60739
snp_n5,585,14,7,564,6,0.0239316239316239,0.4375,579,15,17,0.0259067357512953,0.53125,V0.5_c2,bgs,2,32,60739
simes_only_sparse,352,11,5,336,4,0.03125,0.34375,348,12,14,0.0344827586206897,0.4375,V0.5_c2,bgs,2,32,60739
simes_only_longdense,45,1,0,44,0,0.0222222222222222,0.03125,45,1,1,0.0222222222222222,0.03125,V0.5_c2,bgs,2,32,60739
simes_nosparse,152,2,0,150,0,0.0131578947368421,0.0625,152,2,2,0.0131578947368421,0.0625,V0.5_c2,bgs,2,32,60739
simes_n2_nosparse,104,2,0,102,0,0.0192307692307692,0.0625,104,2,2,0.0192307692307692,0.0625,V0.5_c2,bgs,2,32,60739
simes_n2,439,12,5,422,4,0.0273348519362187,0.375,435,13,15,0.0298850574712644,0.46875,V0.5_c2,bgs,2,32,60739
rep,366,10,3,353,3,0.0273224043715847,0.3125,363,10,12,0.0275482093663912,0.375,V0.5_c2,bgs,2,32,60739
simes,431,11,4,416,3,0.0255220417633411,0.34375,428,12,14,0.0280373831775701,0.4375,V0.5_c2,bgs,2,32,60739
emlg,0,0,0,0,0,,0,0,0,0,0,0,V0.5_c2,bgs,2,32,60739
snp,280,16,3,261,3,0.0571428571428571,0.444444444444444,277,16,17,0.0577617328519856,0.472222222222222,V0.5_c2,bgs,3,36,59940
snp_n2,274,15,3,256,3,0.0547445255474453,0.416666666666667,271,15,16,0.0553505535055351,0.444444444444444,V0.5_c2,bgs,3,36,59940
snp_n5,266,14,4,248,4,0.0526315789473684,0.388888888888889,262,14,15,0.0534351145038168,0.416666666666667,V0.5_c2,bgs,3,36,59940
simes_only_sparse,179,10,3,166,3,0.0558659217877095,0.277777777777778,176,10,10,0.0568181818181818,0.277777777777778,V0.5_c2,bgs,3,36,59940
simes_only_longdense,11,2,0,9,0,0.181818181818182,0.0555555555555556,11,2,3,0.181818181818182,0.0833333333333333,V0.5_c2,bgs,3,36,59940
simes_nosparse,13,2,0,11,0,0.153846153846154,0.0555555555555556,13,2,3,0.153846153846154,0.0833333333333333,V0.5_c2,bgs,3,36,59940
simes_n2_nosparse,13,2,0,11,0,0.153846153846154,0.0555555555555556,13,2,3,0.153846153846154,0.0833333333333333,V0.5_c2,bgs,3,36,59940
simes_n2,171,11,2,158,2,0.064327485380117,0.305555555555556,169,11,12,0.0650887573964497,0.333333333333333,V0.5_c2,bgs,3,36,59940
rep,87,7,0,80,0,0.0804597701149425,0.194444444444444,87,7,7,0.0804597701149425,0.194444444444444,V0.5_c2,bgs,3,36,59940
simes,166,11,2,153,2,0.0662650602409639,0.305555555555556,164,11,12,0.0670731707317073,0.333333333333333,V0.5_c2,bgs,3,36,59940
emlg,0,0,0,0,0,,0,0,0,0,0,0,V0.5_c2,bgs,3,36,59940
snp,207,16,2,189,2,0.0772946859903382,0.516129032258065,205,16,20,0.0780487804878049,0.645161290322581,V0.5_c2,bgs,4,31,61123
snp_n2,207,16,2,189,2,0.0772946859903382,0.516129032258065,205,16,20,0.0780487804878049,0.645161290322581,V0.5_c2,bgs,4,31,61123
snp_n5,203,16,2,185,2,0.0788177339901478,0.516129032258065,201,16,20,0.0796019900497513,0.645161290322581,V0.5_c2,bgs,4,31,61123
simes_only_sparse,143,13,2,128,2,0.0909090909090909,0.419354838709677,141,13,17,0.0921985815602837,0.548387096774194,V0.5_c2,bgs,4,31,61123
simes_only_longdense,4,0,0,4,0,0,0,4,0,0,0,0,V0.5_c2,bgs,4,31,61123
simes_nosparse,5,0,0,5,0,0,0,5,0,0,0,0,V0.5_c2,bgs,4,31,61123
simes_n2_nosparse,5,0,0,5,0,0,0,5,0,0,0,0,V0.5_c2,bgs,4,31,61123
simes_n2,121,9,2,110,1,0.0743801652892562,0.290322580645161,120,10,13,0.0833333333333333,0.419354838709677,V0.5_c2,bgs,4,31,61123
rep,76,6,1,69,0,0.0789473684210526,0.193548387096774,76,7,9,0.0921052631578947,0.290322580645161,V0.5_c2,bgs,4,31,61123
simes,114,9,2,103,1,0.0789473684210526,0.290322580645161,113,10,13,0.0884955752212389,0.419354838709677,V0.5_c2,bgs,4,31,61123
emlg,0,0,0,0,0,,0,0,0,0,0,0,V0.5_c2,bgs,4,31,61123
snp,367,12,7,348,4,0.0326975476839237,0.4,363,15,15,0.0413223140495868,0.5,V0.5_c2,bgs,5,30,61060
snp_n2,354,13,7,334,4,0.0367231638418079,0.433333333333333,350,16,16,0.0457142857142857,0.533333333333333,V0.5_c2,bgs,5,30,61060
snp_n5,309,13,8,288,5,0.0420711974110032,0.433333333333333,304,16,16,0.0526315789473684,0.533333333333333,V0.5_c2,bgs,5,30,61060
simes_only_sparse,202,10,7,185,4,0.0495049504950495,0.333333333333333,198,13,13,0.0656565656565657,0.433333333333333,V0.5_c2,bgs,5,30,61060
simes_only_longdense,11,0,0,11,0,0,0,11,0,0,0,0,V0.5_c2,bgs,5,30,61060
simes_nosparse,9,0,0,9,0,0,0,9,0,0,0,0,V0.5_c2,bgs,5,30,61060
simes_n2_nosparse,11,0,0,11,0,0,0,11,0,0,0,0,V0.5_c2,bgs,5,30,61060
simes_n2,180,10,7,163,4,0.0555555555555556,0.333333333333333,176,13,13,0.0738636363636364,0.433333333333333,V0.5_c2,bgs,5,30,61060
rep,92,8,4,80,2,0.0869565217391304,0.266666666666667,90,10,10,0.111111111111111,0.333333333333333,V0.5_c2,bgs,5,30,61060
simes,173,8,7,158,4,0.046242774566474,0.266666666666667,169,11,11,0.0650887573964497,0.366666666666667,V0.5_c2,bgs,5,30,61060
emlg,0,0,0,0,0,,0,0,0,0,0,0,V0.5_c2,bgs,5,30,61060
snp,548,18,7,523,7,0.0328467153284672,0.514285714285714,541,18,19,0.033271719038817,0.542857142857143,V0.5_c2,bgs,6,35,61924
snp_n2,493,18,7,468,7,0.0365111561866126,0.514285714285714,486,18,19,0.037037037037037,0.542857142857143,V0.5_c2,bgs,6,35,61924
snp_n5,390,18,7,365,7,0.0461538461538462,0.514285714285714,383,18,19,0.0469973890339426,0.542857142857143,V0.5_c2,bgs,6,35,61924
simes_only_sparse,238,16,6,216,6,0.0672268907563025,0.457142857142857,232,16,17,0.0689655172413793,0.485714285714286,V0.5_c2,bgs,6,35,61924
simes_only_longdense,14,1,0,13,0,0.0714285714285714,0.0285714285714286,14,1,1,0.0714285714285714,0.0285714285714286,V0.5_c2,bgs,6,35,61924
simes_nosparse,11,0,0,11,0,0,0,11,0,0,0,0,V0.5_c2,bgs,6,35,61924
simes_n2_nosparse,11,0,0,11,0,0,0,11,0,0,0,0,V0.5_c2,bgs,6,35,61924
simes_n2,238,15,5,218,4,0.0630252100840336,0.428571428571429,234,16,17,0.0683760683760684,0.485714285714286,V0.5_c2,bgs,6,35,61924
rep,143,12,2,129,1,0.0839160839160839,0.342857142857143,142,13,14,0.0915492957746479,0.4,V0.5_c2,bgs,6,35,61924
simes,229,14,4,211,2,0.0611353711790393,0.4,227,16,17,0.0704845814977974,0.485714285714286,V0.5_c2,bgs,6,35,61924
emlg,0,0,0,0,0,,0,0,0,0,0,0,V0.5_c2,bgs,6,35,61924
snp,448,13,6,429,5,0.0290178571428571,0.371428571428571,443,14,16,0.0316027088036117,0.457142857142857,V0.5_c2,bgs,7,35,61042
snp_n2,411,12,6,393,5,0.0291970802919708,0.342857142857143,406,13,15,0.0320197044334975,0.428571428571429,V0.5_c2,bgs,7,35,61042
snp_n5,335,13,6,316,5,0.0388059701492537,0.371428571428571,330,14,16,0.0424242424242424,0.457142857142857,V0.5_c2,bgs,7,35,61042
simes_only_sparse,233,10,5,218,4,0.0429184549356223,0.285714285714286,229,11,13,0.0480349344978166,0.371428571428571,V0.5_c2,bgs,7,35,61042
simes_only_longdense,8,1,0,7,0,0.125,0.0285714285714286,8,1,1,0.125,0.0285714285714286,V0.5_c2,bgs,7,35,61042
simes_nosparse,20,1,0,19,0,0.05,0.0285714285714286,20,1,1,0.05,0.0285714285714286,V0.5_c2,bgs,7,35,61042
simes_n2_nosparse,13,1,0,12,0,0.0769230769230769,0.0285714285714286,13,1,1,0.0769230769230769,0.0285714285714286,V0.5_c2,bgs,7,35,61042
simes_n2,235,10,3,222,2,0.0425531914893617,0.285714285714286,233,11,13,0.0472103004291846,0.371428571428571,V0.5_c2,bgs,7,35,61042
rep,139,9,2,128,0,0.0647482014388489,0.257142857142857,139,11,12,0.079136690647482,0.342857142857143,V0.5_c2,bgs,7,35,61042
simes,240,11,3,226,2,0.0458333333333333,0.314285714285714,238,12,14,0.0504201680672269,0.4,V0.5_c2,bgs,7,35,61042
emlg,0,0,0,0,0,,0,0,0,0,0,0,V0.5_c2,bgs,7,35,61042
snp,374,14,3,357,2,0.0374331550802139,0.411764705882353,372,15,15,0.0403225806451613,0.441176470588235,V0.5_c2,bgs,8,34,61571
snp_n2,338,14,3,321,2,0.0414201183431953,0.411764705882353,336,15,15,0.0446428571428571,0.441176470588235,V0.5_c2,bgs,8,34,61571
snp_n5,286,14,4,268,3,0.048951048951049,0.411764705882353,283,15,15,0.0530035335689046,0.441176470588235,V0.5_c2,bgs,8,34,61571
simes_only_sparse,144,10,2,132,1,0.0694444444444445,0.294117647058824,143,11,11,0.0769230769230769,0.323529411764706,V0.5_c2,bgs,8,34,61571
simes_only_longdense,19,1,0,18,0,0.0526315789473684,0.0294117647058824,19,1,2,0.0526315789473684,0.0588235294117647,V0.5_c2,bgs,8,34,61571
simes_nosparse,11,1,0,10,0,0.0909090909090909,0.0294117647058824,11,1,2,0.0909090909090909,0.0588235294117647,V0.5_c2,bgs,8,34,61571
simes_n2_nosparse,8,1,0,7,0,0.125,0.0294117647058824,8,1,2,0.125,0.0588235294117647,V0.5_c2,bgs,8,34,61571
simes_n2,152,10,1,141,1,0.0657894736842105,0.294117647058824,151,10,10,0.0662251655629139,0.294117647058824,V0.5_c2,bgs,8,34,61571
rep,96,6,1,89,0,0.0625,0.176470588235294,96,7,8,0.0729166666666667,0.235294117647059,V0.5_c2,bgs,8,34,61571
simes,142,10,1,131,1,0.0704225352112676,0.294117647058824,141,10,10,0.0709219858156028,0.294117647058824,V0.5_c2,bgs,8,34,61571
emlg,0,0,0,0,0,,0,0,0,0,0,0,V0.5_c2,bgs,8,34,61571
snp,206,12,3,191,2,0.058252427184466,0.315789473684211,204,13,13,0.0637254901960784,0.342105263157895,V0.5_c2,bgs,9,38,61604
snp_n2,198,11,3,184,2,0.0555555555555556,0.289473684210526,196,12,12,0.0612244897959184,0.315789473684211,V0.5_c2,bgs,9,38,61604
snp_n5,181,11,3,167,2,0.0607734806629834,0.289473684210526,179,12,12,0.0670391061452514,0.315789473684211,V0.5_c2,bgs,9,38,61604
simes_only_sparse,90,4,3,83,1,0.0444444444444444,0.105263157894737,89,6,6,0.0674157303370787,0.157894736842105,V0.5_c2,bgs,9,38,61604
simes_only_longdense,4,0,0,4,0,0,0,4,0,0,0,0,V0.5_c2,bgs,9,38,61604
simes_nosparse,4,0,0,4,0,0,0,4,0,0,0,0,V0.5_c2,bgs,9,38,61604
simes_n2_nosparse,6,0,0,6,0,0,0,6,0,0,0,0,V0.5_c2,bgs,9,38,61604
simes_n2,76,4,2,70,1,0.0526315789473684,0.105263157894737,75,5,5,0.0666666666666667,0.131578947368421,V0.5_c2,bgs,9,38,61604
rep,34,3,0,31,0,0.0882352941176471,0.0789473684210526,34,3,3,0.0882352941176471,0.0789473684210526,V0.5_c2,bgs,9,38,61604
simes,65,3,2,60,1,0.0461538461538462,0.0789473684210526,64,4,4,0.0625,0.105263157894737,V0.5_c2,bgs,9,38,61604
emlg,0,0,0,0,0,,0,0,0,0,0,0,V0.5_c2,bgs,9,38,61604
snp,155,11,4,140,3,0.0709677419354839,0.34375,152,12,13,0.0789473684210526,0.40625,V0.5_c2,bgs,10,32,60085
snp_n2,156,11,4,141,3,0.0705128205128205,0.34375,153,12,13,0.0784313725490196,0.40625,V0.5_c2,bgs,10,32,60085
snp_n5,153,11,5,137,3,0.0718954248366013,0.34375,150,13,14,0.0866666666666667,0.4375,V0.5_c2,bgs,10,32,60085
simes_only_sparse,94,11,2,81,1,0.117021276595745,0.34375,93,12,13,0.129032258064516,0.40625,V0.5_c2,bgs,10,32,60085
simes_only_longdense,1,0,0,1,0,0,0,1,0,0,0,0,V0.5_c2,bgs,10,32,60085
simes_nosparse,1,0,0,1,0,0,0,1,0,0,0,0,V0.5_c2,bgs,10,32,60085
simes_n2_nosparse,1,0,0,1,0,0,0,1,0,0,0,0,V0.5_c2,bgs,10,32,60085
simes_n2,78,7,1,70,0,0.0897435897435897,0.21875,78,8,9,0.102564102564103,0.28125,V0.5_c2,bgs,10,32,60085
rep,40,6,1,33,0,0.15,0.1875,40,7,8,0.175,0.25,V0.5_c2,bgs,10,32,60085
simes,75,7,1,67,0,0.0933333333333333,0.21875,75,8,9,0.106666666666667,0.28125,V0.5_c2,bgs,10,32,60085
emlg,0,0,0,0,0,,0,0,0,0,0,0,V0.5_c2,bgs,10,32,60085
snp,21,7,1,13,1,0.333333333333333,0.333333333333333,20,7,9,0.35,0.428571428571429,V1_c1.5,nobgs,1,21,91185
snp_n2,26,8,1,17,1,0.307692307692308,0.380952380952381,25,8,10,0.32,0.476190476190476,V1_c1.5,nobgs,1,21,91185
snp_n5,26,8,3,15,3,0.307692307692308,0.380952380952381,23,8,10,0.347826086956522,0.476190476190476,V1_c1.5,nobgs,1,21,91185
simes_only_sparse,7,3,0,4,0,0.428571428571429,0.142857142857143,7,3,4,0.428571428571429,0.19047619047619,V1_c1.5,nobgs,1,21,91185
simes_only_longdense,7,4,0,3,0,0.571428571428571,0.19047619047619,7,4,5,0.571428571428571,0.238095238095238,V1_c1.5,nobgs,1,21,91185
simes_nosparse,2,2,0,0,0,1,0.0952380952380952,2,2,3,1,0.142857142857143,V1_c1.5,nobgs,1,21,91185
simes_n2_nosparse,2,2,0,0,0,1,0.0952380952380952,2,2,3,1,0.142857142857143,V1_c1.5,nobgs,1,21,91185
simes_n2,5,5,0,0,0,1,0.238095238095238,5,5,7,1,0.333333333333333,V1_c1.5,nobgs,1,21,91185
rep,4,4,0,0,0,1,0.19047619047619,4,4,6,1,0.285714285714286,V1_c1.5,nobgs,1,21,91185
simes,5,5,0,0,0,1,0.238095238095238,5,5,7,1,0.333333333333333,V1_c1.5,nobgs,1,21,91185
emlg,0,0,0,0,0,,0,0,0,0,0,0,V1_c1.5,nobgs,1,21,91185
snp,100,2,4,94,0,0.02,0.0740740740740741,100,6,6,0.06,0.222222222222222,V1_c1.5,nobgs,2,27,91759
snp_n2,105,2,4,99,0,0.0190476190476191,0.0740740740740741,105,6,6,0.0571428571428571,0.222222222222222,V1_c1.5,nobgs,2,27,91759
snp_n5,99,3,4,92,1,0.0303030303030303,0.111111111111111,98,6,6,0.0612244897959184,0.222222222222222,V1_c1.5,nobgs,2,27,91759
simes_only_sparse,49,2,1,46,0,0.0408163265306122,0.0740740740740741,49,3,3,0.0612244897959184,0.111111111111111,V1_c1.5,nobgs,2,27,91759
simes_only_longdense,13,0,1,12,0,0,0,13,1,1,0.0769230769230769,0.037037037037037,V1_c1.5,nobgs,2,27,91759
simes_nosparse,3,0,1,2,0,0,0,3,1,1,0.333333333333333,0.037037037037037,V1_c1.5,nobgs,2,27,91759
simes_n2_nosparse,6,0,2,4,0,0,0,6,2,2,0.333333333333333,0.0740740740740741,V1_c1.5,nobgs,2,27,91759
simes_n2,38,1,2,35,0,0.0263157894736842,0.037037037037037,38,3,3,0.0789473684210526,0.111111111111111,V1_c1.5,nobgs,2,27,91759
rep,11,0,0,11,0,0,0,11,0,0,0,0,V1_c1.5,nobgs,2,27,91759
simes,28,1,2,25,0,0.0357142857142857,0.037037037037037,28,3,3,0.107142857142857,0.111111111111111,V1_c1.5,nobgs,2,27,91759
emlg,0,0,0,0,0,,0,0,0,0,0,0,V1_c1.5,nobgs,2,27,91759
snp,34,7,0,27,0,0.205882352941176,0.291666666666667,34,7,8,0.205882352941176,0.333333333333333,V1_c1.5,nobgs,3,24,91104
snp_n2,37,7,0,30,0,0.189189189189189,0.291666666666667,37,7,8,0.189189189189189,0.333333333333333,V1_c1.5,nobgs,3,24,91104
snp_n5,35,7,0,28,0,0.2,0.291666666666667,35,7,8,0.2,0.333333333333333,V1_c1.5,nobgs,3,24,91104
simes_only_sparse,12,3,0,9,0,0.25,0.125,12,3,4,0.25,0.166666666666667,V1_c1.5,nobgs,3,24,91104
simes_only_longdense,5,2,0,3,0,0.4,0.0833333333333333,5,2,2,0.4,0.0833333333333333,V1_c1.5,nobgs,3,24,91104
simes_nosparse,2,1,0,1,0,0.5,0.0416666666666667,2,1,1,0.5,0.0416666666666667,V1_c1.5,nobgs,3,24,91104
simes_n2_nosparse,6,3,0,3,0,0.5,0.125,6,3,3,0.5,0.125,V1_c1.5,nobgs,3,24,91104
simes_n2,13,4,0,9,0,0.307692307692308,0.166666666666667,13,4,5,0.307692307692308,0.208333333333333,V1_c1.5,nobgs,3,24,91104
rep,7,3,0,4,0,0.428571428571429,0.125,7,3,4,0.428571428571429,0.166666666666667,V1_c1.5,nobgs,3,24,91104
simes,13,4,0,9,0,0.307692307692308,0.166666666666667,13,4,5,0.307692307692308,0.208333333333333,V1_c1.5,nobgs,3,24,91104
emlg,0,0,0,0,0,,0,0,0,0,0,0,V1_c1.5,nobgs,3,24,91104
snp,4,3,1,0,1,0.75,0.111111111111111,3,3,3,1,0.111111111111111,V1_c1.5,nobgs,4,27,90013
snp_n2,4,3,1,0,1,0.75,0.111111111111111,3,3,3,1,0.111111111111111,V1_c1.5,nobgs,4,27,90013
snp_n5,8,4,1,3,1,0.5,0.148148148148148,7,4,4,0.571428571428571,0.148148148148148,V1_c1.5,nobgs,4,27,90013
simes_only_sparse,1,1,0,0,0,1,0.037037037037037,1,1,1,1,0.037037037037037,V1_c1.5,nobgs,4,27,90013
simes_only_longdense,1,1,0,0,0,1,0.037037037037037,1,1,1,1,0.037037037037037,V1_c1.5,nobgs,4,27,90013
simes_nosparse,0,0,0,0,0,,0,0,0,0,0,0,V1_c1.5,nobgs,4,27,90013
simes_n2_nosparse,1,1,0,0,0,1,0.037037037037037,1,1,1,1,0.037037037037037,V1_c1.5,nobgs,4,27,90013
simes_n2,2,2,0,0,0,1,0.0740740740740741,2,2,2,1,0.0740740740740741,V1_c1.5,nobgs,4,27,90013
rep,0,0,0,0,0,,0,0,0,0,0,0,V1_c1.5,nobgs,4,27,90013
simes,2,2,0,0,0,1,0.0740740740740741,2,2,2,1,0.0740740740740741,V1_c1.5,nobgs,4,27,90013
emlg,0,0,0,0,0,,0,0,0,0,0,0,V1_c1.5,nobgs,4,27,90013
snp,1,0,0,1,0,0,0,1,0,0,0,0,V1_c1.5,nobgs,5,22,90547
snp_n2,1,0,0,1,0,0,0,1,0,0,0,0,V1_c1.5,nobgs,5,22,90547
snp_n5,9,1,1,7,0,0.111111111111111,0.0454545454545455,9,2,2,0.222222222222222,0.0909090909090909,V1_c1.5,nobgs,5,22,90547
simes_only_sparse,1,0,0,1,0,0,0,1,0,0,0,0,V1_c1.5,nobgs,5,22,90547
simes_only_longdense,0,0,0,0,0,,0,0,0,0,0,0,V1_c1.5,nobgs,5,22,90547
simes_nosparse,0,0,0,0,0,,0,0,0,0,0,0,V1_c1.5,nobgs,5,22,90547
simes_n2_nosparse,0,0,0,0,0,,0,0,0,0,0,0,V1_c1.5,nobgs,5,22,90547
simes_n2,1,0,0,1,0,0,0,1,0,0,0,0,V1_c1.5,nobgs,5,22,90547
rep,0,0,0,0,0,,0,0,0,0,0,0,V1_c1.5,nobgs,5,22,90547
simes,1,0,0,1,0,0,0,1,0,0,0,0,V1_c1.5,nobgs,5,22,90547
emlg,0,0,0,0,0,,0,0,0,0,0,0,V1_c1.5,nobgs,5,22,90547
snp,593,7,2,584,1,0.0118043844856661,0.35,592,8,9,0.0135135135135135,0.45,V1_c1.5,nobgs,6,20,91998
snp_n2,586,7,1,578,1,0.0119453924914676,0.35,585,7,8,0.011965811965812,0.4,V1_c1.5,nobgs,6,20,91998
snp_n5,369,7,1,361,1,0.018970189701897,0.35,368,7,8,0.0190217391304348,0.4,V1_c1.5,nobgs,6,20,91998
simes_only_sparse,171,3,0,168,0,0.0175438596491228,0.15,171,3,4,0.0175438596491228,0.2,V1_c1.5,nobgs,6,20,91998
simes_only_longdense,63,3,1,59,1,0.0476190476190476,0.15,62,3,3,0.0483870967741936,0.15,V1_c1.5,nobgs,6,20,91998
simes_nosparse,80,1,2,77,0,0.0125,0.05,80,3,3,0.0375,0.15,V1_c1.5,nobgs,6,20,91998
simes_n2_nosparse,124,2,1,121,0,0.0161290322580645,0.1,124,3,3,0.0241935483870968,0.15,V1_c1.5,nobgs,6,20,91998
simes_n2,258,5,1,252,0,0.0193798449612403,0.25,258,6,7,0.0232558139534884,0.35,V1_c1.5,nobgs,6,20,91998
rep,113,4,2,107,0,0.0353982300884956,0.2,113,6,7,0.0530973451327434,0.35,V1_c1.5,nobgs,6,20,91998
simes,204,5,2,197,0,0.0245098039215686,0.25,204,7,8,0.0343137254901961,0.4,V1_c1.5,nobgs,6,20,91998
emlg,0,0,0,0,0,,0,0,0,0,0,0,V1_c1.5,nobgs,6,20,91998
snp,77,7,1,69,1,0.0909090909090909,0.291666666666667,76,7,9,0.0921052631578947,0.375,V1_c1.5,nobgs,7,24,90928
snp_n2,87,8,1,78,1,0.0919540229885057,0.333333333333333,86,8,10,0.0930232558139535,0.416666666666667,V1_c1.5,nobgs,7,24,90928
snp_n5,64,8,2,54,1,0.125,0.333333333333333,63,9,11,0.142857142857143,0.458333333333333,V1_c1.5,nobgs,7,24,90928
simes_only_sparse,19,0,0,19,0,0,0,19,0,0,0,0,V1_c1.5,nobgs,7,24,90928
simes_only_longdense,14,4,1,9,1,0.285714285714286,0.166666666666667,13,4,6,0.307692307692308,0.25,V1_c1.5,nobgs,7,24,90928
simes_nosparse,7,2,0,5,0,0.285714285714286,0.0833333333333333,7,2,4,0.285714285714286,0.166666666666667,V1_c1.5,nobgs,7,24,90928
simes_n2_nosparse,6,2,0,4,0,0.333333333333333,0.0833333333333333,6,2,4,0.333333333333333,0.166666666666667,V1_c1.5,nobgs,7,24,90928
simes_n2,16,2,0,14,0,0.125,0.0833333333333333,16,2,4,0.125,0.166666666666667,V1_c1.5,nobgs,7,24,90928
rep,2,1,0,1,0,0.5,0.0416666666666667,2,1,1,0.5,0.0416666666666667,V1_c1.5,nobgs,7,24,90928
simes,14,2,0,12,0,0.142857142857143,0.0833333333333333,14,2,4,0.142857142857143,0.166666666666667,V1_c1.5,nobgs,7,24,90928
emlg,0,0,0,0,0,,0,0,0,0,0,0,V1_c1.5,nobgs,7,24,90928
snp,238,6,5,227,3,0.0252100840336134,0.272727272727273,235,8,8,0.0340425531914894,0.363636363636364,V1_c1.5,nobgs,8,22,90460
snp_n2,219,6,5,208,3,0.0273972602739726,0.272727272727273,216,8,8,0.037037037037037,0.363636363636364,V1_c1.5,nobgs,8,22,90460
snp_n5,140,6,5,129,2,0.0428571428571429,0.272727272727273,138,9,9,0.0652173913043478,0.409090909090909,V1_c1.5,nobgs,8,22,90460
simes_only_sparse,63,1,1,61,0,0.0158730158730159,0.0454545454545455,63,2,2,0.0317460317460317,0.0909090909090909,V1_c1.5,nobgs,8,22,90460
simes_only_longdense,25,1,0,24,0,0.04,0.0454545454545455,25,1,1,0.04,0.0454545454545455,V1_c1.5,nobgs,8,22,90460
simes_nosparse,65,2,1,62,0,0.0307692307692308,0.0909090909090909,65,3,3,0.0461538461538462,0.136363636363636,V1_c1.5,nobgs,8,22,90460
simes_n2_nosparse,76,2,2,72,1,0.0263157894736842,0.0909090909090909,75,3,3,0.04,0.136363636363636,V1_c1.5,nobgs,8,22,90460
simes_n2,119,3,3,113,2,0.0252100840336134,0.136363636363636,117,4,4,0.0341880341880342,0.181818181818182,V1_c1.5,nobgs,8,22,90460
rep,77,2,2,73,0,0.025974025974026,0.0909090909090909,77,4,4,0.051948051948052,0.181818181818182,V1_c1.5,nobgs,8,22,90460
simes,128,3,2,123,1,0.0234375,0.136363636363636,127,4,4,0.031496062992126,0.181818181818182,V1_c1.5,nobgs,8,22,90460
emlg,0,0,0,0,0,,0,0,0,0,0,0,V1_c1.5,nobgs,8,22,90460
snp,0,0,0,0,0,,0,0,0,0,0,0,V1_c1.5,nobgs,9,25,90358
snp_n2,0,0,0,0,0,,0,0,0,0,0,0,V1_c1.5,nobgs,9,25,90358
snp_n5,0,0,0,0,0,,0,0,0,0,0,0,V1_c1.5,nobgs,9,25,90358
simes_only_sparse,0,0,0,0,0,,0,0,0,0,0,0,V1_c1.5,nobgs,9,25,90358
simes_only_longdense,0,0,0,0,0,,0,0,0,0,0,0,V1_c1.5,nobgs,9,25,90358
simes_nosparse,0,0,0,0,0,,0,0,0,0,0,0,V1_c1.5,nobgs,9,25,90358
simes_n2_nosparse,0,0,0,0,0,,0,0,0,0,0,0,V1_c1.5,nobgs,9,25,90358
simes_n2,0,0,0,0,0,,0,0,0,0,0,0,V1_c1.5,nobgs,9,25,90358
rep,0,0,0,0,0,,0,0,0,0,0,0,V1_c1.5,nobgs,9,25,90358
simes,0,0,0,0,0,,0,0,0,0,0,0,V1_c1.5,nobgs,9,25,90358
emlg,0,0,0,0,0,,0,0,0,0,0,0,V1_c1.5,nobgs,9,25,90358
snp,131,4,2,125,2,0.0305343511450382,0.181818181818182,129,4,6,0.0310077519379845,0.272727272727273,V1_c1.5,nobgs,10,22,91302
snp_n2,135,4,2,129,2,0.0296296296296296,0.181818181818182,133,4,6,0.0300751879699248,0.272727272727273,V1_c1.5,nobgs,10,22,91302
snp_n5,109,4,3,102,3,0.036697247706422,0.181818181818182,106,4,6,0.0377358490566038,0.272727272727273,V1_c1.5,nobgs,10,22,91302
simes_only_sparse,28,4,1,23,1,0.142857142857143,0.181818181818182,27,4,6,0.148148148148148,0.272727272727273,V1_c1.5,nobgs,10,22,91302
simes_only_longdense,12,0,0,12,0,0,0,12,0,0,0,0,V1_c1.5,nobgs,10,22,91302
simes_nosparse,3,0,0,3,0,0,0,3,0,0,0,0,V1_c1.5,nobgs,10,22,91302
simes_n2_nosparse,6,0,0,6,0,0,0,6,0,0,0,0,V1_c1.5,nobgs,10,22,91302
simes_n2,34,4,1,29,1,0.117647058823529,0.181818181818182,33,4,6,0.121212121212121,0.272727272727273,V1_c1.5,nobgs,10,22,91302
rep,11,3,1,7,1,0.272727272727273,0.136363636363636,10,3,5,0.3,0.227272727272727,V1_c1.5,nobgs,10,22,91302
simes,22,3,1,18,1,0.136363636363636,0.136363636363636,21,3,4,0.142857142857143,0.181818181818182,V1_c1.5,nobgs,10,22,91302
emlg,0,0,0,0,0,,0,0,0,0,0,0,V1_c1.5,nobgs,10,22,91302
snp,14,4,1,9,0,0.285714285714286,0.19047619047619,14,5,6,0.357142857142857,0.285714285714286,V1_c1.5,bgs,1,21,76254
snp_n2,16,4,1,11,0,0.25,0.19047619047619,16,5,6,0.3125,0.285714285714286,V1_c1.5,bgs,1,21,76254
snp_n5,15,4,1,10,0,0.266666666666667,0.19047619047619,15,5,6,0.333333333333333,0.285714285714286,V1_c1.5,bgs,1,21,76254
simes_only_sparse,5,2,1,2,0,0.4,0.0952380952380952,5,3,4,0.6,0.19047619047619,V1_c1.5,bgs,1,21,76254
simes_only_longdense,0,0,0,0,0,,0,0,0,0,0,0,V1_c1.5,bgs,1,21,76254
simes_nosparse,0,0,0,0,0,,0,0,0,0,0,0,V1_c1.5,bgs,1,21,76254
simes_n2_nosparse,0,0,0,0,0,,0,0,0,0,0,0,V1_c1.5,bgs,1,21,76254
simes_n2,2,1,0,1,0,0.5,0.0476190476190476,2,1,1,0.5,0.0476190476190476,V1_c1.5,bgs,1,21,76254
rep,0,0,0,0,0,,0,0,0,0,0,0,V1_c1.5,bgs,1,21,76254
simes,2,1,0,1,0,0.5,0.0476190476190476,2,1,1,0.5,0.0476190476190476,V1_c1.5,bgs,1,21,76254
emlg,0,0,0,0,0,,0,0,0,0,0,0,V1_c1.5,bgs,1,21,76254
snp,186,10,5,171,3,0.0537634408602151,0.416666666666667,183,12,13,0.0655737704918033,0.541666666666667,V1_c1.5,bgs,2,24,76238
snp_n2,186,10,4,172,2,0.0537634408602151,0.416666666666667,184,12,13,0.0652173913043478,0.541666666666667,V1_c1.5,bgs,2,24,76238
snp_n5,166,11,5,150,3,0.0662650602409639,0.458333333333333,163,13,14,0.0797546012269939,0.583333333333333,V1_c1.5,bgs,2,24,76238
simes_only_sparse,86,6,2,78,1,0.0697674418604651,0.25,85,7,8,0.0823529411764706,0.333333333333333,V1_c1.5,bgs,2,24,76238
simes_only_longdense,8,3,0,5,0,0.375,0.125,8,3,3,0.375,0.125,V1_c1.5,bgs,2,24,76238
simes_nosparse,6,2,0,4,0,0.333333333333333,0.0833333333333333,6,2,2,0.333333333333333,0.0833333333333333,V1_c1.5,bgs,2,24,76238
simes_n2_nosparse,10,2,0,8,0,0.2,0.0833333333333333,10,2,2,0.2,0.0833333333333333,V1_c1.5,bgs,2,24,76238
simes_n2,59,7,1,51,0,0.11864406779661,0.291666666666667,59,8,9,0.135593220338983,0.375,V1_c1.5,bgs,2,24,76238
rep,18,3,1,14,0,0.166666666666667,0.125,18,4,5,0.222222222222222,0.208333333333333,V1_c1.5,bgs,2,24,76238
simes,47,7,1,39,0,0.148936170212766,0.291666666666667,47,8,9,0.170212765957447,0.375,V1_c1.5,bgs,2,24,76238
emlg,0,0,0,0,0,,0,0,0,0,0,0,V1_c1.5,bgs,2,24,76238
snp,43,1,0,42,0,0.0232558139534884,0.0384615384615385,43,1,1,0.0232558139534884,0.0384615384615385,V1_c1.5,bgs,3,26,75866
snp_n2,52,3,0,49,0,0.0576923076923077,0.115384615384615,52,3,4,0.0576923076923077,0.153846153846154,V1_c1.5,bgs,3,26,75866
snp_n5,52,3,1,48,1,0.0576923076923077,0.115384615384615,51,3,4,0.0588235294117647,0.153846153846154,V1_c1.5,bgs,3,26,75866
simes_only_sparse,28,1,0,27,0,0.0357142857142857,0.0384615384615385,28,1,1,0.0357142857142857,0.0384615384615385,V1_c1.5,bgs,3,26,75866
simes_only_longdense,0,0,0,0,0,,0,0,0,0,0,0,V1_c1.5,bgs,3,26,75866
simes_nosparse,0,0,0,0,0,,0,0,0,0,0,0,V1_c1.5,bgs,3,26,75866
simes_n2_nosparse,0,0,0,0,0,,0,0,0,0,0,0,V1_c1.5,bgs,3,26,75866
simes_n2,16,1,0,15,0,0.0625,0.0384615384615385,16,1,1,0.0625,0.0384615384615385,V1_c1.5,bgs,3,26,75866
rep,4,0,0,4,0,0,0,4,0,0,0,0,V1_c1.5,bgs,3,26,75866
simes,12,1,0,11,0,0.0833333333333333,0.0384615384615385,12,1,1,0.0833333333333333,0.0384615384615385,V1_c1.5,bgs,3,26,75866
emlg,0,0,0,0,0,,0,0,0,0,0,0,V1_c1.5,bgs,3,26,75866
snp,7,2,0,5,0,0.285714285714286,0.0909090909090909,7,2,2,0.285714285714286,0.0909090909090909,V1_c1.5,bgs,4,22,77260
snp_n2,8,2,0,6,0,0.25,0.0909090909090909,8,2,2,0.25,0.0909090909090909,V1_c1.5,bgs,4,22,77260
snp_n5,14,2,1,11,0,0.142857142857143,0.0909090909090909,14,3,3,0.214285714285714,0.136363636363636,V1_c1.5,bgs,4,22,77260
simes_only_sparse,5,1,0,4,0,0.2,0.0454545454545455,5,1,1,0.2,0.0454545454545455,V1_c1.5,bgs,4,22,77260
simes_only_longdense,1,1,0,0,0,1,0.0454545454545455,1,1,1,1,0.0454545454545455,V1_c1.5,bgs,4,22,77260
simes_nosparse,1,1,0,0,0,1,0.0454545454545455,1,1,1,1,0.0454545454545455,V1_c1.5,bgs,4,22,77260
simes_n2_nosparse,1,1,0,0,0,1,0.0454545454545455,1,1,1,1,0.0454545454545455,V1_c1.5,bgs,4,22,77260
simes_n2,2,2,0,0,0,1,0.0909090909090909,2,2,2,1,0.0909090909090909,V1_c1.5,bgs,4,22,77260
rep,0,0,0,0,0,,0,0,0,0,0,0,V1_c1.5,bgs,4,22,77260
simes,2,2,0,0,0,1,0.0909090909090909,2,2,2,1,0.0909090909090909,V1_c1.5,bgs,4,22,77260
emlg,0,0,0,0,0,,0,0,0,0,0,0,V1_c1.5,bgs,4,22,77260
snp,22,3,2,17,1,0.136363636363636,0.142857142857143,21,4,4,0.19047619047619,0.19047619047619,V1_c1.5,bgs,5,21,75723
snp_n2,25,3,2,20,1,0.12,0.142857142857143,24,4,4,0.166666666666667,0.19047619047619,V1_c1.5,bgs,5,21,75723
snp_n5,28,4,2,22,1,0.142857142857143,0.19047619047619,27,5,5,0.185185185185185,0.238095238095238,V1_c1.5,bgs,5,21,75723
simes_only_sparse,13,3,1,9,0,0.230769230769231,0.142857142857143,13,4,4,0.307692307692308,0.19047619047619,V1_c1.5,bgs,5,21,75723
simes_only_longdense,0,0,0,0,0,,0,0,0,0,0,0,V1_c1.5,bgs,5,21,75723
simes_nosparse,0,0,0,0,0,,0,0,0,0,0,0,V1_c1.5,bgs,5,21,75723
simes_n2_nosparse,0,0,0,0,0,,0,0,0,0,0,0,V1_c1.5,bgs,5,21,75723
simes_n2,3,0,0,3,0,0,0,3,0,0,0,0,V1_c1.5,bgs,5,21,75723
rep,1,0,0,1,0,0,0,1,0,0,0,0,V1_c1.5,bgs,5,21,75723
simes,3,0,0,3,0,0,0,3,0,0,0,0,V1_c1.5,bgs,5,21,75723
emlg,0,0,0,0,0,,0,0,0,0,0,0,V1_c1.5,bgs,5,21,75723
snp,235,6,5,224,2,0.025531914893617,0.315789473684211,233,9,9,0.0386266094420601,0.473684210526316,V1_c1.5,bgs,6,19,76175
snp_n2,244,6,5,233,2,0.0245901639344262,0.315789473684211,242,9,9,0.0371900826446281,0.473684210526316,V1_c1.5,bgs,6,19,76175
snp_n5,205,7,6,192,3,0.0341463414634146,0.368421052631579,202,10,10,0.0495049504950495,0.526315789473684,V1_c1.5,bgs,6,19,76175
simes_only_sparse,84,3,3,78,1,0.0357142857142857,0.157894736842105,83,5,6,0.0602409638554217,0.315789473684211,V1_c1.5,bgs,6,19,76175
simes_only_longdense,22,0,1,21,0,0,0,22,1,1,0.0454545454545455,0.0526315789473684,V1_c1.5,bgs,6,19,76175
simes_nosparse,8,0,0,8,0,0,0,8,0,0,0,0,V1_c1.5,bgs,6,19,76175
simes_n2_nosparse,18,0,0,18,0,0,0,18,0,0,0,0,V1_c1.5,bgs,6,19,76175
simes_n2,75,3,3,69,1,0.04,0.157894736842105,74,5,6,0.0675675675675676,0.315789473684211,V1_c1.5,bgs,6,19,76175
rep,24,1,1,22,0,0.0416666666666667,0.0526315789473684,24,2,2,0.0833333333333333,0.105263157894737,V1_c1.5,bgs,6,19,76175
simes,52,3,3,46,1,0.0576923076923077,0.157894736842105,51,5,6,0.0980392156862745,0.315789473684211,V1_c1.5,bgs,6,19,76175
emlg,0,0,0,0,0,,0,0,0,0,0,0,V1_c1.5,bgs,6,19,76175
snp,130,6,2,122,1,0.0461538461538462,0.272727272727273,129,7,8,0.0542635658914729,0.363636363636364,V1_c1.5,bgs,7,22,75818
snp_n2,133,6,2,125,1,0.0451127819548872,0.272727272727273,132,7,8,0.053030303030303,0.363636363636364,V1_c1.5,bgs,7,22,75818
snp_n5,97,6,1,90,1,0.0618556701030928,0.272727272727273,96,6,7,0.0625,0.318181818181818,V1_c1.5,bgs,7,22,75818
simes_only_sparse,25,0,0,25,0,0,0,25,0,0,0,0,V1_c1.5,bgs,7,22,75818
simes_only_longdense,11,5,0,6,0,0.454545454545455,0.227272727272727,11,5,6,0.454545454545455,0.272727272727273,V1_c1.5,bgs,7,22,75818
simes_nosparse,6,2,0,4,0,0.333333333333333,0.0909090909090909,6,2,3,0.333333333333333,0.136363636363636,V1_c1.5,bgs,7,22,75818
simes_n2_nosparse,6,2,0,4,0,0.333333333333333,0.0909090909090909,6,2,3,0.333333333333333,0.136363636363636,V1_c1.5,bgs,7,22,75818
simes_n2,34,4,0,30,0,0.117647058823529,0.181818181818182,34,4,5,0.117647058823529,0.227272727272727,V1_c1.5,bgs,7,22,75818
rep,8,0,0,8,0,0,0,8,0,0,0,0,V1_c1.5,bgs,7,22,75818
simes,12,2,0,10,0,0.166666666666667,0.0909090909090909,12,2,3,0.166666666666667,0.136363636363636,V1_c1.5,bgs,7,22,75818
emlg,0,0,0,0,0,,0,0,0,0,0,0,V1_c1.5,bgs,7,22,75818
snp,111,7,2,102,1,0.0630630630630631,0.333333333333333,110,8,8,0.0727272727272727,0.380952380952381,V1_c1.5,bgs,8,21,76555
snp_n2,105,7,3,95,2,0.0666666666666667,0.333333333333333,103,8,8,0.0776699029126214,0.380952380952381,V1_c1.5,bgs,8,21,76555
snp_n5,105,7,5,93,4,0.0666666666666667,0.333333333333333,101,8,8,0.0792079207920792,0.380952380952381,V1_c1.5,bgs,8,21,76555
simes_only_sparse,46,6,1,39,0,0.130434782608696,0.285714285714286,46,7,7,0.152173913043478,0.333333333333333,V1_c1.5,bgs,8,21,76555
simes_only_longdense,12,1,1,10,1,0.0833333333333333,0.0476190476190476,11,1,1,0.0909090909090909,0.0476190476190476,V1_c1.5,bgs,8,21,76555
simes_nosparse,8,1,0,7,0,0.125,0.0476190476190476,8,1,1,0.125,0.0476190476190476,V1_c1.5,bgs,8,21,76555
simes_n2_nosparse,9,1,0,8,0,0.111111111111111,0.0476190476190476,9,1,1,0.111111111111111,0.0476190476190476,V1_c1.5,bgs,8,21,76555
simes_n2,34,6,0,28,0,0.176470588235294,0.285714285714286,34,6,6,0.176470588235294,0.285714285714286,V1_c1.5,bgs,8,21,76555
rep,11,4,0,7,0,0.363636363636364,0.19047619047619,11,4,4,0.363636363636364,0.19047619047619,V1_c1.5,bgs,8,21,76555
simes,25,6,0,19,0,0.24,0.285714285714286,25,6,6,0.24,0.285714285714286,V1_c1.5,bgs,8,21,76555
emlg,0,0,0,0,0,,0,0,0,0,0,0,V1_c1.5,bgs,8,21,76555
snp,7,2,0,5,0,0.285714285714286,0.0714285714285714,7,2,2,0.285714285714286,0.0714285714285714,V1_c1.5,bgs,9,28,75852
snp_n2,8,3,0,5,0,0.375,0.107142857142857,8,3,3,0.375,0.107142857142857,V1_c1.5,bgs,9,28,75852
snp_n5,8,3,0,5,0,0.375,0.107142857142857,8,3,3,0.375,0.107142857142857,V1_c1.5,bgs,9,28,75852
simes_only_sparse,2,1,0,1,0,0.5,0.0357142857142857,2,1,1,0.5,0.0357142857142857,V1_c1.5,bgs,9,28,75852
simes_only_longdense,0,0,0,0,0,,0,0,0,0,0,0,V1_c1.5,bgs,9,28,75852
simes_nosparse,0,0,0,0,0,,0,0,0,0,0,0,V1_c1.5,bgs,9,28,75852
simes_n2_nosparse,0,0,0,0,0,,0,0,0,0,0,0,V1_c1.5,bgs,9,28,75852
simes_n2,2,1,0,1,0,0.5,0.0357142857142857,2,1,1,0.5,0.0357142857142857,V1_c1.5,bgs,9,28,75852
rep,1,1,0,0,0,1,0.0357142857142857,1,1,1,1,0.0357142857142857,V1_c1.5,bgs,9,28,75852
simes,2,1,0,1,0,0.5,0.0357142857142857,2,1,1,0.5,0.0357142857142857,V1_c1.5,bgs,9,28,75852
emlg,0,0,0,0,0,,0,0,0,0,0,0,V1_c1.5,bgs,9,28,75852
snp,36,4,1,31,0,0.111111111111111,0.222222222222222,36,5,5,0.138888888888889,0.277777777777778,V1_c1.5,bgs,10,18,77195
snp_n2,38,4,1,33,0,0.105263157894737,0.222222222222222,38,5,5,0.131578947368421,0.277777777777778,V1_c1.5,bgs,10,18,77195
snp_n5,36,4,1,31,0,0.111111111111111,0.222222222222222,36,5,5,0.138888888888889,0.277777777777778,V1_c1.5,bgs,10,18,77195
simes_only_sparse,7,2,0,5,0,0.285714285714286,0.111111111111111,7,2,2,0.285714285714286,0.111111111111111,V1_c1.5,bgs,10,18,77195
simes_only_longdense,3,1,0,2,0,0.333333333333333,0.0555555555555556,3,1,1,0.333333333333333,0.0555555555555556,V1_c1.5,bgs,10,18,77195
simes_nosparse,0,0,0,0,0,,0,0,0,0,0,0,V1_c1.5,bgs,10,18,77195
simes_n2_nosparse,1,0,0,1,0,0,0,1,0,0,0,0,V1_c1.5,bgs,10,18,77195
simes_n2,5,2,0,3,0,0.4,0.111111111111111,5,2,2,0.4,0.111111111111111,V1_c1.5,bgs,10,18,77195
rep,2,1,0,1,0,0.5,0.0555555555555556,2,1,1,0.5,0.0555555555555556,V1_c1.5,bgs,10,18,77195
simes,5,2,0,3,0,0.4,0.111111111111111,5,2,2,0.4,0.111111111111111,V1_c1.5,bgs,10,18,77195
emlg,0,0,0,0,0,,0,0,0,0,0,0,V1_c1.5,bgs,10,18,77195
snp,6,3,0,3,0,0.5,0.3,6,3,3,0.5,0.3,V2_c1,nobgs,1,10,104374
snp_n2,14,5,3,6,3,0.357142857142857,0.5,11,5,5,0.454545454545455,0.5,V2_c1,nobgs,1,10,104374
snp_n5,16,3,4,9,2,0.1875,0.3,14,5,5,0.357142857142857,0.5,V2_c1,nobgs,1,10,104374
simes_only_sparse,0,0,0,0,0,,0,0,0,0,0,0,V2_c1,nobgs,1,10,104374
simes_only_longdense,6,3,1,2,1,0.5,0.3,5,3,3,0.6,0.3,V2_c1,nobgs,1,10,104374
simes_nosparse,3,2,0,1,0,0.666666666666667,0.2,3,2,2,0.666666666666667,0.2,V2_c1,nobgs,1,10,104374
simes_n2_nosparse,2,2,0,0,0,1,0.2,2,2,2,1,0.2,V2_c1,nobgs,1,10,104374
simes_n2,2,2,0,0,0,1,0.2,2,2,2,1,0.2,V2_c1,nobgs,1,10,104374
rep,3,2,0,1,0,0.666666666666667,0.2,3,2,2,0.666666666666667,0.2,V2_c1,nobgs,1,10,104374
simes,3,2,0,1,0,0.666666666666667,0.2,3,2,2,0.666666666666667,0.2,V2_c1,nobgs,1,10,104374
emlg,0,0,0,0,0,,0,0,0,0,0,0,V2_c1,nobgs,1,10,104374
snp,36,6,5,25,4,0.166666666666667,0.545454545454545,32,7,7,0.21875,0.636363636363636,V2_c1,nobgs,2,11,104416
snp_n2,30,6,5,19,4,0.2,0.545454545454545,26,7,7,0.269230769230769,0.636363636363636,V2_c1,nobgs,2,11,104416
snp_n5,24,5,3,16,2,0.208333333333333,0.454545454545455,22,6,6,0.272727272727273,0.545454545454545,V2_c1,nobgs,2,11,104416
simes_only_sparse,2,0,0,2,0,0,0,2,0,0,0,0,V2_c1,nobgs,2,11,104416
simes_only_longdense,5,3,1,1,0,0.6,0.272727272727273,5,4,4,0.8,0.363636363636364,V2_c1,nobgs,2,11,104416
simes_nosparse,10,4,3,3,3,0.4,0.363636363636364,7,4,4,0.571428571428571,0.363636363636364,V2_c1,nobgs,2,11,104416
simes_n2_nosparse,10,4,3,3,3,0.4,0.363636363636364,7,4,4,0.571428571428571,0.363636363636364,V2_c1,nobgs,2,11,104416
simes_n2,10,4,3,3,3,0.4,0.363636363636364,7,4,4,0.571428571428571,0.363636363636364,V2_c1,nobgs,2,11,104416
rep,8,3,2,3,1,0.375,0.272727272727273,7,4,4,0.571428571428571,0.363636363636364,V2_c1,nobgs,2,11,104416
simes,10,4,3,3,3,0.4,0.363636363636364,7,4,4,0.571428571428571,0.363636363636364,V2_c1,nobgs,2,11,104416
emlg,0,0,0,0,0,,0,0,0,0,0,0,V2_c1,nobgs,2,11,104416
snp,72,10,13,49,12,0.138888888888889,0.625,60,11,11,0.183333333333333,0.6875,V2_c1,nobgs,3,16,103512
snp_n2,65,10,10,45,8,0.153846153846154,0.625,57,12,12,0.210526315789474,0.75,V2_c1,nobgs,3,16,103512
snp_n5,50,9,7,34,6,0.18,0.5625,44,10,10,0.227272727272727,0.625,V2_c1,nobgs,3,16,103512
simes_only_sparse,4,0,0,4,0,0,0,4,0,0,0,0,V2_c1,nobgs,3,16,103512
simes_only_longdense,16,7,2,7,2,0.4375,0.4375,14,7,7,0.5,0.4375,V2_c1,nobgs,3,16,103512
simes_nosparse,14,7,3,4,3,0.5,0.4375,11,7,7,0.636363636363636,0.4375,V2_c1,nobgs,3,16,103512
simes_n2_nosparse,17,7,5,5,5,0.411764705882353,0.4375,12,7,7,0.583333333333333,0.4375,V2_c1,nobgs,3,16,103512
simes_n2,19,7,5,7,5,0.368421052631579,0.4375,14,7,7,0.5,0.4375,V2_c1,nobgs,3,16,103512
rep,9,5,1,3,1,0.555555555555556,0.3125,8,5,5,0.625,0.3125,V2_c1,nobgs,3,16,103512
simes,15,7,3,5,3,0.466666666666667,0.4375,12,7,7,0.583333333333333,0.4375,V2_c1,nobgs,3,16,103512
emlg,0,0,0,0,0,,0,0,0,0,0,0,V2_c1,nobgs,3,16,103512
snp,27,7,7,13,7,0.259259259259259,0.7,20,7,7,0.35,0.7,V2_c1,nobgs,4,10,105523
snp_n2,28,7,7,14,7,0.25,0.7,21,7,7,0.333333333333333,0.7,V2_c1,nobgs,4,10,105523
snp_n5,13,5,2,6,2,0.384615384615385,0.5,11,5,5,0.454545454545455,0.5,V2_c1,nobgs,4,10,105523
simes_only_sparse,1,0,1,0,0,0,0,1,1,1,1,0.1,V2_c1,nobgs,4,10,105523
simes_only_longdense,3,2,1,0,0,0.666666666666667,0.2,3,3,3,1,0.3,V2_c1,nobgs,4,10,105523
simes_nosparse,6,4,0,2,0,0.666666666666667,0.4,6,4,4,0.666666666666667,0.4,V2_c1,nobgs,4,10,105523
simes_n2_nosparse,6,4,0,2,0,0.666666666666667,0.4,6,4,4,0.666666666666667,0.4,V2_c1,nobgs,4,10,105523
simes_n2,7,4,1,2,1,0.571428571428571,0.4,6,4,4,0.666666666666667,0.4,V2_c1,nobgs,4,10,105523
rep,5,3,1,1,1,0.6,0.3,4,3,3,0.75,0.3,V2_c1,nobgs,4,10,105523
simes,7,4,1,2,1,0.571428571428571,0.4,6,4,4,0.666666666666667,0.4,V2_c1,nobgs,4,10,105523
emlg,0,0,0,0,0,,0,0,0,0,0,0,V2_c1,nobgs,4,10,105523
snp,12,6,2,4,2,0.5,0.428571428571429,10,6,6,0.6,0.428571428571429,V2_c1,nobgs,5,14,104714
snp_n2,14,6,3,5,2,0.428571428571429,0.428571428571429,12,7,7,0.583333333333333,0.5,V2_c1,nobgs,5,14,104714
snp_n5,13,6,2,5,1,0.461538461538462,0.428571428571429,12,7,7,0.583333333333333,0.5,V2_c1,nobgs,5,14,104714
simes_only_sparse,0,0,0,0,0,,0,0,0,0,0,0,V2_c1,nobgs,5,14,104714
simes_only_longdense,2,2,0,0,0,1,0.142857142857143,2,2,2,1,0.142857142857143,V2_c1,nobgs,5,14,104714
simes_nosparse,3,2,1,0,1,0.666666666666667,0.142857142857143,2,2,2,1,0.142857142857143,V2_c1,nobgs,5,14,104714
simes_n2_nosparse,4,3,1,0,1,0.75,0.214285714285714,3,3,3,1,0.214285714285714,V2_c1,nobgs,5,14,104714
simes_n2,4,3,1,0,1,0.75,0.214285714285714,3,3,3,1,0.214285714285714,V2_c1,nobgs,5,14,104714
rep,0,0,0,0,0,,0,0,0,0,0,0,V2_c1,nobgs,5,14,104714
simes,3,2,1,0,1,0.666666666666667,0.142857142857143,2,2,2,1,0.142857142857143,V2_c1,nobgs,5,14,104714
emlg,0,0,0,0,0,,0,0,0,0,0,0,V2_c1,nobgs,5,14,104714
snp,123,6,3,114,3,0.0487804878048781,0.545454545454545,120,6,6,0.05,0.545454545454545,V2_c1,nobgs,6,11,105361
snp_n2,97,6,3,88,3,0.0618556701030928,0.545454545454545,94,6,6,0.0638297872340426,0.545454545454545,V2_c1,nobgs,6,11,105361
snp_n5,60,4,3,53,3,0.0666666666666667,0.363636363636364,57,4,4,0.0701754385964912,0.363636363636364,V2_c1,nobgs,6,11,105361
simes_only_sparse,11,0,0,11,0,0,0,11,0,0,0,0,V2_c1,nobgs,6,11,105361
simes_only_longdense,13,3,1,9,1,0.230769230769231,0.272727272727273,12,3,3,0.25,0.272727272727273,V2_c1,nobgs,6,11,105361
simes_nosparse,45,3,1,41,1,0.0666666666666667,0.272727272727273,44,3,3,0.0681818181818182,0.272727272727273,V2_c1,nobgs,6,11,105361
simes_n2_nosparse,35,3,1,31,1,0.0857142857142857,0.272727272727273,34,3,3,0.0882352941176471,0.272727272727273,V2_c1,nobgs,6,11,105361
simes_n2,49,3,2,44,2,0.0612244897959184,0.272727272727273,47,3,3,0.0638297872340426,0.272727272727273,V2_c1,nobgs,6,11,105361
rep,42,2,1,39,1,0.0476190476190476,0.181818181818182,41,2,2,0.0487804878048781,0.181818181818182,V2_c1,nobgs,6,11,105361
simes,51,3,1,47,1,0.0588235294117647,0.272727272727273,50,3,3,0.06,0.272727272727273,V2_c1,nobgs,6,11,105361
emlg,0,0,0,0,0,,0,0,0,0,0,0,V2_c1,nobgs,6,11,105361
snp,6,3,2,1,2,0.5,0.2,4,3,3,0.75,0.2,V2_c1,nobgs,7,15,103638
snp_n2,6,3,2,1,2,0.5,0.2,4,3,3,0.75,0.2,V2_c1,nobgs,7,15,103638
snp_n5,6,3,2,1,2,0.5,0.2,4,3,3,0.75,0.2,V2_c1,nobgs,7,15,103638
simes_only_sparse,0,0,0,0,0,,0,0,0,0,0,0,V2_c1,nobgs,7,15,103638
simes_only_longdense,3,1,0,2,0,0.333333333333333,0.0666666666666667,3,1,1,0.333333333333333,0.0666666666666667,V2_c1,nobgs,7,15,103638
simes_nosparse,1,1,0,0,0,1,0.0666666666666667,1,1,1,1,0.0666666666666667,V2_c1,nobgs,7,15,103638
simes_n2_nosparse,2,1,0,1,0,0.5,0.0666666666666667,2,1,1,0.5,0.0666666666666667,V2_c1,nobgs,7,15,103638
simes_n2,2,1,0,1,0,0.5,0.0666666666666667,2,1,1,0.5,0.0666666666666667,V2_c1,nobgs,7,15,103638
rep,1,1,0,0,0,1,0.0666666666666667,1,1,1,1,0.0666666666666667,V2_c1,nobgs,7,15,103638
simes,1,1,0,0,0,1,0.0666666666666667,1,1,1,1,0.0666666666666667,V2_c1,nobgs,7,15,103638
emlg,0,0,0,0,0,,0,0,0,0,0,0,V2_c1,nobgs,7,15,103638
snp,93,8,3,82,3,0.0860215053763441,0.5,90,8,8,0.0888888888888889,0.5,V2_c1,nobgs,8,16,104276
snp_n2,76,8,2,66,2,0.105263157894737,0.5,74,8,8,0.108108108108108,0.5,V2_c1,nobgs,8,16,104276
snp_n5,44,8,3,33,3,0.181818181818182,0.5,41,8,8,0.195121951219512,0.5,V2_c1,nobgs,8,16,104276
simes_only_sparse,0,0,0,0,0,,0,0,0,0,0,0,V2_c1,nobgs,8,16,104276
simes_only_longdense,9,5,0,4,0,0.555555555555556,0.3125,9,5,5,0.555555555555556,0.3125,V2_c1,nobgs,8,16,104276
simes_nosparse,17,5,0,12,0,0.294117647058824,0.3125,17,5,5,0.294117647058824,0.3125,V2_c1,nobgs,8,16,104276
simes_n2_nosparse,14,5,0,9,0,0.357142857142857,0.3125,14,5,5,0.357142857142857,0.3125,V2_c1,nobgs,8,16,104276
simes_n2,14,5,0,9,0,0.357142857142857,0.3125,14,5,5,0.357142857142857,0.3125,V2_c1,nobgs,8,16,104276
rep,14,4,0,10,0,0.285714285714286,0.25,14,4,4,0.285714285714286,0.25,V2_c1,nobgs,8,16,104276
simes,17,5,0,12,0,0.294117647058824,0.3125,17,5,5,0.294117647058824,0.3125,V2_c1,nobgs,8,16,104276
emlg,0,0,0,0,0,,0,0,0,0,0,0,V2_c1,nobgs,8,16,104276
snp,0,0,0,0,0,,0,0,0,0,0,0,V2_c1,nobgs,9,17,105156
snp_n2,0,0,0,0,0,,0,0,0,0,0,0,V2_c1,nobgs,9,17,105156
snp_n5,0,0,0,0,0,,0,0,0,0,0,0,V2_c1,nobgs,9,17,105156
simes_only_sparse,0,0,0,0,0,,0,0,0,0,0,0,V2_c1,nobgs,9,17,105156
simes_only_longdense,0,0,0,0,0,,0,0,0,0,0,0,V2_c1,nobgs,9,17,105156
simes_nosparse,0,0,0,0,0,,0,0,0,0,0,0,V2_c1,nobgs,9,17,105156
simes_n2_nosparse,0,0,0,0,0,,0,0,0,0,0,0,V2_c1,nobgs,9,17,105156
simes_n2,0,0,0,0,0,,0,0,0,0,0,0,V2_c1,nobgs,9,17,105156
rep,0,0,0,0,0,,0,0,0,0,0,0,V2_c1,nobgs,9,17,105156
simes,0,0,0,0,0,,0,0,0,0,0,0,V2_c1,nobgs,9,17,105156
emlg,0,0,0,0,0,,0,0,0,0,0,0,V2_c1,nobgs,9,17,105156
snp,95,6,3,86,2,0.0631578947368421,0.461538461538462,93,7,7,0.0752688172043011,0.538461538461538,V2_c1,nobgs,10,13,105148
snp_n2,85,5,3,77,2,0.0588235294117647,0.384615384615385,83,6,6,0.072289156626506,0.461538461538462,V2_c1,nobgs,10,13,105148
snp_n5,51,2,3,46,1,0.0392156862745098,0.153846153846154,50,4,4,0.08,0.307692307692308,V2_c1,nobgs,10,13,105148
simes_only_sparse,16,0,0,16,0,0,0,16,0,0,0,0,V2_c1,nobgs,10,13,105148
simes_only_longdense,15,0,0,15,0,0,0,15,0,0,0,0,V2_c1,nobgs,10,13,105148
simes_nosparse,21,3,1,17,1,0.142857142857143,0.230769230769231,20,3,3,0.15,0.230769230769231,V2_c1,nobgs,10,13,105148
simes_n2_nosparse,23,3,2,18,2,0.130434782608696,0.230769230769231,21,3,3,0.142857142857143,0.230769230769231,V2_c1,nobgs,10,13,105148
simes_n2,32,3,2,27,2,0.09375,0.230769230769231,30,3,3,0.1,0.230769230769231,V2_c1,nobgs,10,13,105148
rep,22,1,1,20,1,0.0454545454545455,0.0769230769230769,21,1,1,0.0476190476190476,0.0769230769230769,V2_c1,nobgs,10,13,105148
simes,29,3,1,25,1,0.103448275862069,0.230769230769231,28,3,3,0.107142857142857,0.230769230769231,V2_c1,nobgs,10,13,105148
emlg,0,0,0,0,0,,0,0,0,0,0,0,V2_c1,nobgs,10,13,105148
snp,15,6,2,7,2,0.4,0.5,13,6,6,0.461538461538462,0.5,V2_c1,bgs,1,12,87767
snp_n2,14,5,2,7,2,0.357142857142857,0.416666666666667,12,5,5,0.416666666666667,0.416666666666667,V2_c1,bgs,1,12,87767
snp_n5,8,4,1,3,1,0.5,0.333333333333333,7,4,4,0.571428571428571,0.333333333333333,V2_c1,bgs,1,12,87767
simes_only_sparse,0,0,0,0,0,,0,0,0,0,0,0,V2_c1,bgs,1,12,87767
simes_only_longdense,4,3,0,1,0,0.75,0.25,4,3,3,0.75,0.25,V2_c1,bgs,1,12,87767
simes_nosparse,5,2,1,2,1,0.4,0.166666666666667,4,2,2,0.5,0.166666666666667,V2_c1,bgs,1,12,87767
simes_n2_nosparse,2,1,1,0,1,0.5,0.0833333333333333,1,1,1,1,0.0833333333333333,V2_c1,bgs,1,12,87767
simes_n2,2,1,1,0,1,0.5,0.0833333333333333,1,1,1,1,0.0833333333333333,V2_c1,bgs,1,12,87767
rep,5,2,1,2,0,0.4,0.166666666666667,5,3,3,0.6,0.25,V2_c1,bgs,1,12,87767
simes,5,2,1,2,1,0.4,0.166666666666667,4,2,2,0.5,0.166666666666667,V2_c1,bgs,1,12,87767
emlg,0,0,0,0,0,,0,0,0,0,0,0,V2_c1,bgs,1,12,87767
snp,77,6,2,69,2,0.0779220779220779,0.461538461538462,75,6,6,0.08,0.461538461538462,V2_c1,bgs,2,13,87586
snp_n2,79,6,3,70,3,0.0759493670886076,0.461538461538462,76,6,6,0.0789473684210526,0.461538461538462,V2_c1,bgs,2,13,87586
snp_n5,52,5,5,42,5,0.0961538461538462,0.384615384615385,47,5,5,0.106382978723404,0.384615384615385,V2_c1,bgs,2,13,87586
simes_only_sparse,13,0,0,13,0,0,0,13,0,0,0,0,V2_c1,bgs,2,13,87586
simes_only_longdense,15,3,1,11,1,0.2,0.230769230769231,14,3,3,0.214285714285714,0.230769230769231,V2_c1,bgs,2,13,87586
simes_nosparse,11,5,0,6,0,0.454545454545455,0.384615384615385,11,5,5,0.454545454545455,0.384615384615385,V2_c1,bgs,2,13,87586
simes_n2_nosparse,11,4,0,7,0,0.363636363636364,0.307692307692308,11,4,4,0.363636363636364,0.307692307692308,V2_c1,bgs,2,13,87586
simes_n2,16,4,0,12,0,0.25,0.307692307692308,16,4,4,0.25,0.307692307692308,V2_c1,bgs,2,13,87586
rep,7,1,0,6,0,0.142857142857143,0.0769230769230769,7,1,1,0.142857142857143,0.0769230769230769,V2_c1,bgs,2,13,87586
simes,17,5,0,12,0,0.294117647058824,0.384615384615385,17,5,5,0.294117647058824,0.384615384615385,V2_c1,bgs,2,13,87586
emlg,0,0,0,0,0,,0,0,0,0,0,0,V2_c1,bgs,2,13,87586
snp,41,9,4,28,4,0.219512195121951,0.692307692307692,37,9,10,0.243243243243243,0.769230769230769,V2_c1,bgs,3,13,87551
snp_n2,38,8,4,26,3,0.210526315789474,0.615384615384615,35,9,10,0.257142857142857,0.769230769230769,V2_c1,bgs,3,13,87551
snp_n5,26,7,1,18,1,0.269230769230769,0.538461538461538,25,7,8,0.28,0.615384615384615,V2_c1,bgs,3,13,87551
simes_only_sparse,5,1,0,4,0,0.2,0.0769230769230769,5,1,1,0.2,0.0769230769230769,V2_c1,bgs,3,13,87551
simes_only_longdense,3,2,0,1,0,0.666666666666667,0.153846153846154,3,2,2,0.666666666666667,0.153846153846154,V2_c1,bgs,3,13,87551
simes_nosparse,10,5,2,3,2,0.5,0.384615384615385,8,5,6,0.625,0.461538461538462,V2_c1,bgs,3,13,87551
simes_n2_nosparse,9,4,2,3,2,0.444444444444444,0.307692307692308,7,4,5,0.571428571428571,0.384615384615385,V2_c1,bgs,3,13,87551
simes_n2,12,5,2,5,2,0.416666666666667,0.384615384615385,10,5,6,0.5,0.461538461538462,V2_c1,bgs,3,13,87551
rep,9,5,2,2,2,0.555555555555556,0.384615384615385,7,5,6,0.714285714285714,0.461538461538462,V2_c1,bgs,3,13,87551
simes,12,6,2,4,2,0.5,0.461538461538462,10,6,7,0.6,0.538461538461538,V2_c1,bgs,3,13,87551
emlg,0,0,0,0,0,,0,0,0,0,0,0,V2_c1,bgs,3,13,87551
snp,10,7,2,1,2,0.7,0.7,8,7,7,0.875,0.7,V2_c1,bgs,4,10,87266
snp_n2,11,7,2,2,2,0.636363636363636,0.7,9,7,7,0.777777777777778,0.7,V2_c1,bgs,4,10,87266
snp_n5,10,7,0,3,0,0.7,0.7,10,7,7,0.7,0.7,V2_c1,bgs,4,10,87266
simes_only_sparse,2,1,0,1,0,0.5,0.1,2,1,1,0.5,0.1,V2_c1,bgs,4,10,87266
simes_only_longdense,1,1,0,0,0,1,0.1,1,1,1,1,0.1,V2_c1,bgs,4,10,87266
simes_nosparse,2,2,0,0,0,1,0.2,2,2,2,1,0.2,V2_c1,bgs,4,10,87266
simes_n2_nosparse,3,3,0,0,0,1,0.3,3,3,3,1,0.3,V2_c1,bgs,4,10,87266
simes_n2,4,4,0,0,0,1,0.4,4,4,4,1,0.4,V2_c1,bgs,4,10,87266
rep,0,0,0,0,0,,0,0,0,0,0,0,V2_c1,bgs,4,10,87266
simes,3,3,0,0,0,1,0.3,3,3,3,1,0.3,V2_c1,bgs,4,10,87266
emlg,0,0,0,0,0,,0,0,0,0,0,0,V2_c1,bgs,4,10,87266
snp,10,4,1,5,1,0.4,0.444444444444444,9,4,4,0.444444444444444,0.444444444444444,V2_c1,bgs,5,9,86617
snp_n2,7,3,1,3,1,0.428571428571429,0.333333333333333,6,3,3,0.5,0.333333333333333,V2_c1,bgs,5,9,86617
snp_n5,7,3,1,3,1,0.428571428571429,0.333333333333333,6,3,3,0.5,0.333333333333333,V2_c1,bgs,5,9,86617
simes_only_sparse,2,1,1,0,1,0.5,0.111111111111111,1,1,1,1,0.111111111111111,V2_c1,bgs,5,9,86617
simes_only_longdense,0,0,0,0,0,,0,0,0,0,0,0,V2_c1,bgs,5,9,86617
simes_nosparse,1,1,0,0,0,1,0.111111111111111,1,1,1,1,0.111111111111111,V2_c1,bgs,5,9,86617
simes_n2_nosparse,0,0,0,0,0,,0,0,0,0,0,0,V2_c1,bgs,5,9,86617
simes_n2,2,2,0,0,0,1,0.222222222222222,2,2,2,1,0.222222222222222,V2_c1,bgs,5,9,86617
rep,1,1,0,0,0,1,0.111111111111111,1,1,1,1,0.111111111111111,V2_c1,bgs,5,9,86617
simes,4,3,0,1,0,0.75,0.333333333333333,4,3,3,0.75,0.333333333333333,V2_c1,bgs,5,9,86617
emlg,0,0,0,0,0,,0,0,0,0,0,0,V2_c1,bgs,5,9,86617
snp,65,7,3,55,3,0.107692307692308,0.583333333333333,62,7,7,0.112903225806452,0.583333333333333,V2_c1,bgs,6,12,88045
snp_n2,59,7,3,49,3,0.11864406779661,0.583333333333333,56,7,7,0.125,0.583333333333333,V2_c1,bgs,6,12,88045
snp_n5,39,6,0,33,0,0.153846153846154,0.5,39,6,6,0.153846153846154,0.5,V2_c1,bgs,6,12,88045
simes_only_sparse,29,2,0,27,0,0.0689655172413793,0.166666666666667,29,2,2,0.0689655172413793,0.166666666666667,V2_c1,bgs,6,12,88045
simes_only_longdense,4,1,0,3,0,0.25,0.0833333333333333,4,1,1,0.25,0.0833333333333333,V2_c1,bgs,6,12,88045
simes_nosparse,14,4,2,8,2,0.285714285714286,0.333333333333333,12,4,4,0.333333333333333,0.333333333333333,V2_c1,bgs,6,12,88045
simes_n2_nosparse,15,4,2,9,2,0.266666666666667,0.333333333333333,13,4,4,0.307692307692308,0.333333333333333,V2_c1,bgs,6,12,88045
simes_n2,31,6,3,22,3,0.193548387096774,0.5,28,6,6,0.214285714285714,0.5,V2_c1,bgs,6,12,88045
rep,22,3,2,17,1,0.136363636363636,0.25,21,4,4,0.19047619047619,0.333333333333333,V2_c1,bgs,6,12,88045
simes,30,5,2,23,2,0.166666666666667,0.416666666666667,28,5,5,0.178571428571429,0.416666666666667,V2_c1,bgs,6,12,88045
emlg,0,0,0,0,0,,0,0,0,0,0,0,V2_c1,bgs,6,12,88045
snp,34,7,3,24,3,0.205882352941176,0.466666666666667,31,7,7,0.225806451612903,0.466666666666667,V2_c1,bgs,7,15,87487
snp_n2,27,6,3,18,3,0.222222222222222,0.4,24,6,6,0.25,0.4,V2_c1,bgs,7,15,87487
snp_n5,9,5,0,4,0,0.555555555555556,0.333333333333333,9,5,5,0.555555555555556,0.333333333333333,V2_c1,bgs,7,15,87487
simes_only_sparse,4,2,0,2,0,0.5,0.133333333333333,4,2,2,0.5,0.133333333333333,V2_c1,bgs,7,15,87487
simes_only_longdense,3,2,0,1,0,0.666666666666667,0.133333333333333,3,2,2,0.666666666666667,0.133333333333333,V2_c1,bgs,7,15,87487
simes_nosparse,8,5,0,3,0,0.625,0.333333333333333,8,5,5,0.625,0.333333333333333,V2_c1,bgs,7,15,87487
simes_n2_nosparse,7,4,0,3,0,0.571428571428571,0.266666666666667,7,4,4,0.571428571428571,0.266666666666667,V2_c1,bgs,7,15,87487
simes_n2,9,6,0,3,0,0.666666666666667,0.4,9,6,6,0.666666666666667,0.4,V2_c1,bgs,7,15,87487
rep,1,1,0,0,0,1,0.0666666666666667,1,1,1,1,0.0666666666666667,V2_c1,bgs,7,15,87487
simes,9,6,0,3,0,0.666666666666667,0.4,9,6,6,0.666666666666667,0.4,V2_c1,bgs,7,15,87487
emlg,0,0,0,0,0,,0,0,0,0,0,0,V2_c1,bgs,7,15,87487
snp,60,5,2,53,2,0.0833333333333333,0.454545454545455,58,5,5,0.0862068965517242,0.454545454545455,V2_c1,bgs,8,11,87728
snp_n2,61,5,2,54,2,0.0819672131147541,0.454545454545455,59,5,5,0.0847457627118644,0.454545454545455,V2_c1,bgs,8,11,87728
snp_n5,45,4,1,40,1,0.0888888888888889,0.363636363636364,44,4,4,0.0909090909090909,0.363636363636364,V2_c1,bgs,8,11,87728
simes_only_sparse,19,3,3,13,2,0.157894736842105,0.272727272727273,17,4,4,0.235294117647059,0.363636363636364,V2_c1,bgs,8,11,87728
simes_only_longdense,1,0,0,1,0,0,0,1,0,0,0,0,V2_c1,bgs,8,11,87728
simes_nosparse,14,1,0,13,0,0.0714285714285714,0.0909090909090909,14,1,1,0.0714285714285714,0.0909090909090909,V2_c1,bgs,8,11,87728
simes_n2_nosparse,18,1,0,17,0,0.0555555555555556,0.0909090909090909,18,1,1,0.0555555555555556,0.0909090909090909,V2_c1,bgs,8,11,87728
simes_n2,29,2,1,26,1,0.0689655172413793,0.181818181818182,28,2,2,0.0714285714285714,0.181818181818182,V2_c1,bgs,8,11,87728
rep,20,2,0,18,0,0.1,0.181818181818182,20,2,2,0.1,0.181818181818182,V2_c1,bgs,8,11,87728
simes,20,2,1,17,1,0.1,0.181818181818182,19,2,2,0.105263157894737,0.181818181818182,V2_c1,bgs,8,11,87728
emlg,0,0,0,0,0,,0,0,0,0,0,0,V2_c1,bgs,8,11,87728
snp,0,0,0,0,0,,0,0,0,0,0,0,V2_c1,bgs,9,10,87695
snp_n2,0,0,0,0,0,,0,0,0,0,0,0,V2_c1,bgs,9,10,87695
snp_n5,0,0,0,0,0,,0,0,0,0,0,0,V2_c1,bgs,9,10,87695
simes_only_sparse,0,0,0,0,0,,0,0,0,0,0,0,V2_c1,bgs,9,10,87695
simes_only_longdense,0,0,0,0,0,,0,0,0,0,0,0,V2_c1,bgs,9,10,87695
simes_nosparse,0,0,0,0,0,,0,0,0,0,0,0,V2_c1,bgs,9,10,87695
simes_n2_nosparse,0,0,0,0,0,,0,0,0,0,0,0,V2_c1,bgs,9,10,87695
simes_n2,0,0,0,0,0,,0,0,0,0,0,0,V2_c1,bgs,9,10,87695
rep,0,0,0,0,0,,0,0,0,0,0,0,V2_c1,bgs,9,10,87695
simes,0,0,0,0,0,,0,0,0,0,0,0,V2_c1,bgs,9,10,87695
emlg,0,0,0,0,0,,0,0,0,0,0,0,V2_c1,bgs,9,10,87695
snp,38,5,4,29,4,0.131578947368421,0.357142857142857,34,5,5,0.147058823529412,0.357142857142857,V2_c1,bgs,10,14,88419
snp_n2,37,5,3,29,3,0.135135135135135,0.357142857142857,34,5,5,0.147058823529412,0.357142857142857,V2_c1,bgs,10,14,88419
snp_n5,12,3,0,9,0,0.25,0.214285714285714,12,3,3,0.25,0.214285714285714,V2_c1,bgs,10,14,88419
simes_only_sparse,15,0,1,14,0,0,0,15,1,1,0.0666666666666667,0.0714285714285714,V2_c1,bgs,10,14,88419
simes_only_longdense,3,3,0,0,0,1,0.214285714285714,3,3,3,1,0.214285714285714,V2_c1,bgs,10,14,88419
simes_nosparse,16,5,2,9,2,0.3125,0.357142857142857,14,5,5,0.357142857142857,0.357142857142857,V2_c1,bgs,10,14,88419
simes_n2_nosparse,18,5,1,12,1,0.277777777777778,0.357142857142857,17,5,5,0.294117647058824,0.357142857142857,V2_c1,bgs,10,14,88419
simes_n2,28,5,3,20,3,0.178571428571429,0.357142857142857,25,5,5,0.2,0.357142857142857,V2_c1,bgs,10,14,88419
rep,15,3,3,9,3,0.2,0.214285714285714,12,3,3,0.25,0.214285714285714,V2_c1,bgs,10,14,88419
simes,22,5,3,14,3,0.227272727272727,0.357142857142857,19,5,5,0.263157894736842,0.357142857142857,V2_c1,bgs,10,14,88419
emlg,0,0,0,0,0,,0,0,0,0,0,0,V2_c1,bgs,10,14,88419
