marker	chr	old_chr	old_start	old_end	new_chr	new_start	new_end	bin_length	cM_FTC	cM_BEPA	rate_FTC_cMperMb	rate_BEPA_cMperMb	rate_mean_cMperMb
83_2	1	1	270042	540082	1	1	270041	270041	0.0	0.0	2.5959	0.4703	1.5331
83_1	1	1	1	270041	1	270042	540082	270041	0.701	0.127	2.1081	0.6218	1.3649
186_2	1	Un	37568202	37637380	1	610262	679440	69179		0.317		1.0121	1.0121
92_1	1	1	541083	794592	1	680441	933950	253510	1.417	0.534	3.4104	1.3082	2.3593
92_2	1	1	794593	1048102	1	933951	1187460	253510	2.937	0.861	7.5315	6.1674	6.8495
97_1	1	1	1049103	1296725	1	1188461	1436083	247623	5.221	3.649	7.3439	8.9265	8.1352
97_2	1	1	1296726	1544349	1	1436084	1683707	247624	6.603	5.317	10.0604	11.9844	11.0224
175_1	1	Un	36027951	36113661	1	1684708	1770418	85711	9.399	8.626	15.2775	16.0826	15.68
175_2	1	Un	36113662	36199373	1	1770419	1856130	85712	10.474	9.392	10.1537	20.424	15.2889
165_1	1	Un	34620012	34704198	1	1857131	1941317	84187	11.142	12.132	11.8787	41.7311	26.8049
165_2	1	Un	34704199	34788385	1	1941318	2025504	84187	12.495	16.492	20.6836	23.75	22.2168
30_1	1	1	1545350	2033021	1	2026505	2514176	487672	18.818	20.946	16.2019	15.6945	15.9482
30_2	1	1	2033022	2520693	1	2514177	3001848	487672	25.045	28.649	14.2504	15.1393	14.6949
30_3	1	1	2520694	3008365	1	3001849	3489520	487672	32.717	35.712	11.6626	11.8533	11.758
30_4	1	1	3008366	3496037	1	3489521	3977192	487672	36.42	40.21	6.7084	8.559	7.6337
30_5	1	1	3496038	3983709	1	3977193	4464864	487672	39.26	44.06	6.326	7.9377	7.1319
30_6	1	1	3983710	4471381	1	4464865	4952536	487672	42.59	47.952	5.0567	5.3171	5.1869
30_7	1	1	4471382	4959053	1	4952537	5440208	487672	44.192	49.246	2.4494	2.9364	2.6929
30_8	1	1	4959054	5446725	1	5440209	5927880	487672	44.979	50.816	2.2638	3.1548	2.7093
30_9	1	1	5446726	5934397	1	5927881	6415552	487672	46.4	52.323	2.7233	2.2296	2.4764
7_1	1	1	5935398	6434893	1	6416553	6916048	499496	47.654	53.006	2.03	0.9577	1.4938
7_2	1	1	6434894	6934389	1	6916049	7415544	499496	48.418	53.275	1.3123	1.1842	1.2483
7_3	1	1	6934390	7433885	1	7415545	7915040	499496	48.965	54.189	1.011	1.5496	1.2803
7_4	1	1	7433886	7933381	1	7915041	8414536	499496	49.428	54.823	0.3777	1.3454	0.8615
7_5	1	1	7933382	8432877	1	8414537	8914032	499496		55.533		0.1061	0.1061
7_6	1	1	8432878	8932373	1	8914033	9413528	499496	49.531	54.929	0.1889	0.4374	0.3132
7_7	1	1	8932374	9431869	1	9413529	9913024	499496	49.711	55.096	0.3934	0.0591	0.2263
7_8	1	1	9431870	9931365	1	9913025	10412520	499496	49.924	54.988	0.1582	0.1712	0.1647
7_9	1	1	9931366	10430861	1	10412521	10912016	499496	49.869	54.925	0.8979	0.6847	0.7913
7_10	1	1	10430862	10930357	1	10912017	11411512	499496	50.821	55.672	1.3193	0.1772	0.7482
7_11	1	1	10930358	11429853	1	11411513	11911008	499496	51.187	54.748	3.2803	0.2903	1.7853
7_12	1	1	11429854	11929349	1	11911009	12410504	499496	54.098	55.382	2.7728	0.7167	1.7448
7_13	1	1	11929350	12428846	1	12410505	12910001	499497	53.957	55.464	0.2893	0.0661	0.1777
7_14	1	1	12428847	12928343	1	12910002	13409498	499497	53.809	55.316	0.2893	0.7608	0.5251
7_15	1	1	12928344	13427840	1	13409499	13908995	499497	53.668	56.224	1.5325	1.4344	1.4834
7_16	1	1	13427841	13927337	1	13908996	14408492	499497	52.278	56.749	0.1572	1.7297	0.9435
7_17	1	1	13927338	14426834	1	14408493	14907989	499497	53.511	57.952	0.7728	2.3557	1.5643
7_18	1	1	14426835	14926331	1	14907990	15407486	499497	53.05		0.3103		0.3103
7_19	1	1	14926332	15425828	1	15407487	15906983	499497	53.201	60.279	0.1231	2.6086	1.3659
7_20	1	1	15425829	15925325	1	15906984	16406480	499497	53.173	61.861	0.038	2.7618	1.3999
7_21	1	1	15925326	16424822	1	16406481	16905977	499497	53.163	63.038	0.003	4.2242	2.1136
7_22	1	1	16424823	16924319	1	16905978	17405474	499497	53.17	66.081	0.1722	5.2403	2.7063
7_23	1	1	16924320	17423816	1	17405475	17904971	499497	53.335	68.273	0.1321	2.6677	1.3999
7_24	1	1	17423817	17923313	1	17904972	18404468	499497	53.302	68.746	0.0831	2.7257	1.4044
7_25	1	1	17923314	18422810	1	18404469	18903965	499497	53.418	70.996	0.01	3.3894	1.6997
7_26	1	1	18422811	18922307	1	18903966	19403462	499497	53.292	72.132	0.1291	2.7908	1.46
7_27	1	1	18922308	19421804	1	19403463	19902959	499497	53.289	73.784	0.036	1.6124	0.8242
7_28	1	1	19421805	19921301	1	19902960	20402456	499497	53.256		0.4776		0.4776
119_1	1	Un	26706540	26851619	1	20403457	20548536	145080	52.896		0.2391		0.2391
119_2	1	Un	26851620	26996700	1	20548537	20693617	145081	53.368	74.498	0.9069	1.007	0.9569
22_15	1	1	26799033	27290228	1	20694618	21185813	491196	53.317	75.08	0.0802	2.5051	1.2927
22_14	1	1	26307837	26799032	1	21185814	21677009	491196	53.303	76.528	1.022	2.9316	1.9768
22_13	1	1	25816642	26307836	1	21677010	22168204	491195	54.321	77.96	0.738	4.4748	2.6064
22_12	1	1	25325447	25816641	1	22168205	22659399	491195	52.578		2.3606		2.3606
22_11	1	1	24834252	25325446	1	22659400	23150594	491195	52.002	83.122	2.7861	4.3438	3.5649
22_10	1	1	24343057	24834251	1	23150595	23641789	491195	55.315	84.361	3.6187	2.4023	3.0105
22_9	1	1	23851862	24343056	1	23641790	24132984	491195	55.557		2.0389		2.0389
22_8	1	1	23360667	23851861	1	24132985	24624179	491195	57.318	86.662	2.9388	1.7766	2.3577
22_7	1	1	22869472	23360666	1	24624180	25115374	491195	58.444	86.979	2.5336	1.1248	1.8292
22_6	1	1	22378277	22869471	1	25115375	25606569	491195	59.807	87.767	4.9665	3.9037	4.4351
22_5	1	1	21887082	22378276	1	25606570	26097764	491195	63.323	90.814	3.9923	3.4803	3.7363
22_4	1	1	21395887	21887081	1	26097765	26588959	491195	63.729	91.186	1.6989	2.8624	2.2807
22_3	1	1	20904692	21395886	1	26588960	27080154	491195	64.992	93.626	3.3398	6.815	5.0774
22_2	1	1	20413497	20904691	1	27080155	27571349	491195	67.01	97.881	6.7041	11.5188	9.1115
22_1	1	1	19922302	20413496	1	27571350	28062544	491195	71.578	104.942	13.1649	15.1442	14.1546
74_1	1	Un	18321482	18662692	1	28063545	28404755	341211		111.638		10.3295	10.3295
74_2	1	Un	18662693	19003903	1	28404756	28745966	341211	83.461	112.776	21.0742	14.2786	17.6764
82_2	1	1	27886349	28185914	1	28746967	29046532	299566	94.334	121.099	19.6037	14.0816	16.8426
82_1	1	1	27586784	27886348	1	29046533	29346097	299565	95.634	121.52	4.8908	2.4834	3.6871
123_2	1	1	27438506	27585783	1	29494375	29641652	147278	97.617	122.766	5.335	3.3522	4.3436
98_2	2	Un	23549012	23754800	2	1	205789	205789	0.0	0.0	2.1187	1.7688	1.9438
98_1	2	Un	23343224	23549011	2	205790	411577	205788	0.436	0.364	0.4482	2.8889	1.6685
63_2	2	2	482804	965607	2	412578	895381	482804	0.247	1.592	0.4359	2.6458	1.5409
63_1	2	2	1	482803	2	895382	1378184	482803	0.797	2.555	0.7781	1.9001	1.3391
0_1	2	2	966608	1464496	2	1379185	1877073	497889	1.005	3.443	0.4923	2.5858	1.5391
0_2	2	2	1464497	1962385	2	1877074	2374962	497889	1.284	5.113	1.1097	3.8754	2.4926
0_3	2	2	1962386	2460274	2	2374963	2872851	497889	2.11	7.302	3.3853	5.5565	4.4709
0_4	2	2	2460275	2958163	2	2872852	3370740	497889	4.655	10.646	6.5356	10.1699	8.3528
0_5	2	2	2958164	3456052	2	3370741	3868629	497889	8.618	17.429	7.1231	10.7574	8.9403
0_6	2	2	3456053	3953941	2	3868630	4366518	497889	11.748	21.358	6.7746	7.6312	7.2029
0_7	2	2	3953942	4451830	2	4366519	4864407	497889	15.364	25.028	4.5884	5.688	5.1382
0_8	2	2	4451831	4949719	2	4864408	5362296	497889	16.317	27.022	3.1794	3.072	3.1257
0_9	2	2	4949720	5447608	2	5362297	5860185	497889	18.53	28.087	3.3853	2.3138	2.8495
0_10	2	2	5447609	5945497	2	5860186	6358074	497889	19.688	29.326	2.0898	3.7428	2.9163
0_11	2	2	5945498	6443386	2	6358075	6855963	497889	20.611	31.814	2.38	3.3441	2.862
0_12	2	2	6443387	6941275	2	6855964	7353852	497889	22.058	32.656	1.5405	1.7072	1.6239
0_13	2	2	6941276	7439164	2	7353853	7851741	497889	22.145	33.514	0.3786	0.1998	0.2892
0_14	2	2	7439165	7937053	2	7851742	8349630	497889	22.435	32.855	0.6457	0.8948	0.7703
0_15	2	2	7937054	8434942	2	8349631	8847519	497889	22.788	34.405	0.6186	2.0527	1.3357
0_16	2	2	8434943	8932831	2	8847520	9345408	497889	23.051	34.899	0.5945	0.6397	0.6171
0_17	2	2	8932832	9430720	2	9345409	9843297	497889	23.38	35.042	0.9932	0.722	0.8576
0_18	2	2	9430721	9928609	2	9843298	10341186	497889	24.04	35.618	0.8265	0.8918	0.8592
0_19	2	2	9928610	10426498	2	10341187	10839075	497889	24.203	35.93	0.4539	0.4509	0.4524
0_20	2	2	10426499	10924387	2	10839076	11336964	497889	24.492	36.067	0.9791	0.4599	0.7195
0_21	2	2	10924388	11422276	2	11336965	11834853	497889	25.178	36.388	0.721	0.9239	0.8225
0_22	2	2	11422277	11920166	2	11834854	12332743	497890	25.21	36.987	0.3434	0.5734	0.4584
0_23	2	2	11920167	12418056	2	12332744	12830633	497890	25.52	36.959	0.472	0.3746	0.4233
0_24	2	2	12418057	12915946	2	12830634	13328523	497890	25.68	37.36	0.7441	0.5061	0.6251
0_25	2	2	12915947	13413836	2	13328524	13826413	497890	26.261	37.463	0.472	0.1346	0.3033
0_26	2	2	13413837	13911726	2	13826414	14324303	497890	26.15	37.494	0.1446	0.4278	0.2862
0_27	2	2	13911727	14409616	2	14324304	14822193	497890	26.117	37.889	0.2782	0.3153	0.2968
0_28	2	2	14409617	14907506	2	14822194	15320083	497890	26.427	37.808	0.3445	0.2159	0.2802
0_29	2	2	14907507	15405396	2	15320084	15817973	497890	26.46	38.104	0.2541	0.5343	0.3942
0_30	2	2	15405397	15903286	2	15817974	16315863	497890	26.68	38.34	1.1167	0.2521	0.6844
0_31	2	2	15903287	16401176	2	16315864	16813753	497890	27.572	38.355	2.3158	0.4409	1.3783
0_32	2	2	16401177	16899066	2	16813754	17311643	497890	28.986	38.779	2.3569	1.0876	1.7222
0_33	2	2	16899067	17396956	2	17311644	17809533	497890	29.919	39.438	2.5769	3.1553	2.8661
0_34	2	2	17396957	17894846	2	17809534	18307423	497890	31.552	41.921	3.0459	3.4907	3.2683
0_35	2	2	17894847	18392736	2	18307424	18805313	497890	32.952	42.914	5.212	4.7601	4.9861
0_36	2	2	18392737	18890626	2	18805314	19303203	497890	36.742	46.661	6.8409	7.2114	7.0262
0_37	2	2	18890627	19388516	2	19303204	19801093	497890	39.764	50.095	6.2674	10.0805	8.174
0_38	2	2	19388517	19886406	2	19801094	20298983	497890	42.983	56.699	8.8052	12.2397	10.5224
0_39	2	2	19886407	20384296	2	20298984	20796873	497890	48.532	62.283	15.8619	13.4598	14.6608
0_40	2	2	20384297	20882186	2	20796874	21294763	497890	58.778	70.102	18.02	20.0918	19.0559
0_41	2	2	20882187	21380076	2	21294764	21792653	497890	66.476	82.29	13.7008	18.5463	16.1235
0_42	2	2	21380077	21877966	2	21792654	22290543	497890	72.421	88.57	9.9972	9.955	9.9761
0_43	2	2	21877967	22375856	2	22290544	22788433	497890	76.431	92.203	6.7106	6.78	6.7453
102_1	2	2	22829186	23062418	2	22789434	23022666	233233	78.222	94.431	5.4235	5.1284	5.2759
102_2	2	2	23062419	23295652	2	23022667	23255900	233234	79.684	95.279	3.3579	2.5535	2.9557
96_2	2	2	22602521	22828185	2	23256901	23482565	225665	79.779	95.615	0.3924	0.6665	0.5294
96_1	2	2	22376857	22602520	2	23482566	23708229	225664	79.863	94.975	0.3722	2.8361	1.6041
33_1	3	3	1	466942	3	1	466942	466942	0.0	0.0	3.2938	5.7288	4.5113
33_2	3	3	466943	933885	3	466943	933885	466943	1.538	2.675	8.0031	8.2847	8.1439
33_3	3	3	933886	1400828	3	933886	1400828	466943	7.474	7.737	8.8972	12.2231	10.5602
33_4	3	3	1400829	1867771	3	1400829	1867771	466943	9.847	14.09	4.9149	11.5453	8.2301
33_5	3	3	1867772	2334714	3	1867772	2334714	466943	12.064	18.519	2.8515	7.4613	5.1564
33_6	3	3	2334715	2801657	3	2334715	2801657	466943	12.51	21.058	1.1265	4.0626	2.5945
33_7	3	3	2801658	3268600	3	2801658	3268600	466943	13.116	22.313	0.3778	1.2302	0.804
15_1	3	3	3269601	3761755	3	3269601	3761755	492155	12.868		0.3423		0.3423
15_2	3	3	3761756	4253910	3	3761756	4253910	492155	12.783	22.829	0.9255	1.2281	1.0768
15_3	3	3	4253911	4746065	3	4253911	4746065	492155	13.779	24.112	1.5493	2.4931	2.0212
15_4	3	3	4746066	5238220	3	4746066	5238220	492155	14.308	25.283	0.8077	1.4792	1.1435
15_5	3	3	5238221	5730375	3	5238221	5730375	492155	14.574	25.568	0.4592	0.6126	0.5359
15_6	3	3	5730376	6222530	3	5730376	6222530	492155	14.76	25.886	0.8605	0.8056	0.8331
15_7	3	3	6222531	6714686	3	6222531	6714686	492156	15.421	26.361	1.6661	0.9377	1.3019
15_8	3	3	6714687	7206842	3	6714687	7206842	492156	16.4	26.809	2.0928	0.7772	1.435
15_9	3	3	7206843	7698998	3	7206843	7698998	492156	17.481	27.126	2.7725	1.4396	2.106
15_10	3	3	7698999	8191154	3	7698999	8191154	492156	19.129	28.226	2.8761	1.6722	2.2742
15_11	3	3	8191155	8683310	3	8191155	8683310	492156	20.312	28.772	1.8714	1.4142	1.6428
15_12	3	3	8683311	9175466	3	8683311	9175466	492156	20.971	29.618	1.7139	1.2862	1.5
15_13	3	3	9175467	9667622	3	9175467	9667622	492156	21.999	30.038	1.6773	0.9956	1.3365
15_14	3	3	9667623	10159778	3	9667623	10159778	492156	22.622	30.598	1.5036	1.0444	1.274
15_15	3	3	10159779	10651934	3	10159779	10651934	492156	23.479	31.066	1.404	0.5354	0.9697
15_16	3	3	10651935	11144090	3	10651935	11144090	492156	24.004	31.125	1.402	1.2506	1.3263
15_17	3	3	11144091	11636246	3	11144091	11636246	492156	24.859	32.297	2.3113	1.7251	2.0182
15_18	3	3	11636247	12128402	3	11636247	12128402	492156	26.279	32.823	2.6506	2.6526	2.6516
15_19	3	3	12128403	12620558	3	12128403	12620558	492156	27.468	34.908	3.376	2.805	3.0905
15_20	3	3	12620559	13112714	3	12620559	13112714	492156	29.602	35.584	3.1128	2.5033	2.808
15_21	3	3	13112715	13604870	3	13112715	13604870	492156	30.532	37.372	2.1904	6.2968	4.2436
15_22	3	3	13604871	14097026	3	13604871	14097026	492156	31.758	41.782	3.8822	7.463	5.6726
78_1	3	3	14098027	14417486	3	14098027	14417486	319460	34.022	44.081	4.3606	6.046	5.2033
78_2	3	3	14417487	14736947	3	14417487	14736947	319461	34.925	46.173	9.648	13.3161	11.4821
169_1	3	Un	35298962	35376096	3	14737948	14815082	77135	39.027		19.4731		19.4731
169_2	3	Un	35376097	35453231	3	14815083	14892217	77135	40.308	52.016	13.8292	15.7147	14.772
81_1	3	3	14737948	15006379	3	14893218	15161649	268432	42.497	53.248	10.8047	12.5572	11.6809
81_2	3	3	15006380	15274812	3	15161650	15430082	268433	45.086	57.569	8.1242	15.1997	11.662
201_2	3	Un	38980238	39051539	3	15502384	15573685	71302		61.009		6.8461	6.8461
50_2	3	3	15656486	16037158	3	15955359	16336031	380673	51.582	63.387	17.2812	7.2395	12.2603
50_3	3	3	16037159	16417832	3	16336032	16716705	380674		68.164		17.6608	17.6608
50_4	3	3	16417833	16798506	3	16716706	17097379	380674	72.929	76.833	23.0674	19.7371	21.4023
135_2	3	Un	30220115	30343148	3	17098380	17221413	123034	74.977	80.668	7.6246	25.4491	16.5369
135_1	3	Un	30097082	30220114	3	17221414	17344446	123033	75.795	86.399	8.8548	3.8534	6.3541
120_2	3	Un	27149252	27300803	3	17345447	17496998	151552	77.291	81.675	7.2349	13.5728	10.4039
120_1	3	Un	26997701	27149251	3	17496999	17648549	151551	77.892	82.465	3.8339	5.2127	4.5233
161_1	3	Un	33862777	33941867	3	17649550	17728640	79091	78.318		4.9895		4.9895
161_2	3	Un	33941868	34020958	3	17728641	17807731	79091	78.867		6.9414		6.9414
65_1	4	4	1	356292	4	1	356292	356292	0.0	0.0	3.7694	8.5604	6.1649
65_2	4	4	356293	712584	4	356293	712584	356292	1.343	3.05	3.9588	5.0829	4.5209
65_3	4	4	712585	1068876	4	712585	1068876	356292	2.821	3.622	5.0044	5.2432	5.1238
222_1	4	4	1069877	1121605	4	1069877	1121605	51729	4.152	5.993	9.0483	9.4791	9.2637
20_1	4	4	1174335	1665662	4	1174335	1665662	491328	7.61	8.639	10.6831	8.6613	9.6722
20_2	4	4	1665663	2156990	4	1665663	2156990	491328	12.865	13.057	11.1687	10.0371	10.6029
20_3	4	4	2156991	2648318	4	2156991	2648318	491328	18.585	18.502	11.7498	11.6613	11.7056
20_4	4	4	2648319	3139646	4	2648319	3139646	491328	24.411	24.516	13.2233	11.8627	12.543
20_5	4	4	3139647	3630974	4	3139647	3630974	491328	31.579	30.159	12.7318	13.6976	13.2147
20_6	4	4	3630975	4122302	4	3630975	4122302	491328	36.922	37.976	9.0347	10.265	9.6499
20_7	4	4	4122303	4613630	4	4122303	4613630	491328	40.457	40.246	6.229	4.3657	5.2973
20_8	4	4	4613631	5104958	4	4613631	5104958	491328	43.043	42.266	3.0733	3.8996	3.4865
20_9	4	4	5104959	5596286	4	5104959	5596286	491328	43.477	44.078	3.1791	2.7361	2.9576
20_10	4	4	5596287	6087614	4	5596287	6087614	491328	46.167		5.648		5.648
20_11	4	4	6087615	6578942	4	6087615	6578942	491328	49.027	46.299	3.7063	2.076	2.8912
20_12	4	4	6578943	7070270	4	6578943	7070270	491328	49.809	47.138	1.2995	1.8185	1.559
20_13	4	4	7070271	7561598	4	7070271	7561598	491328	50.304	48.086	1.0645	1.1001	1.0823
20_14	4	4	7561599	8052926	4	7561599	8052926	491328	50.855	48.219	0.7856	0.5048	0.6452
20_15	4	4	8052927	8544255	4	8052927	8544255	491329	51.076	48.582	0.6055	1.1377	0.8716
20_16	4	4	8544256	9035584	4	8544256	9035584	491329	51.45	49.337	0.5764	0.9227	0.7495
17_1	4	4	9036585	9524499	4	9036585	9524499	487915	51.642	49.488	0.8216	1.0352	0.9284
17_2	4	4	9524500	10012414	4	9524500	10012414	487915	52.254	50.35	1.1416	1.0863	1.1139
17_3	4	4	10012415	10500329	4	10012415	10500329	487915	52.756	50.548	0.6466	0.7153	0.6809
17_4	4	4	10500330	10988244	4	10500330	10988244	487915	52.885	51.048	0.8044	1.2574	1.0309
17_5	4	4	10988245	11476159	4	10988245	11476159	487915	53.541	51.775	1.8333	1.4173	1.6253
17_6	4	4	11476160	11964074	4	11476160	11964074	487915	54.674	52.431	1.6898	0.8003	1.245
17_7	4	4	11964075	12451989	4	11964075	12451989	487915	55.19	52.556	0.8557	0.6692	0.7625
17_8	4	4	12451990	12939904	4	12451990	12939904	487915	55.509	53.084	0.5165	1.6181	1.0673
17_9	4	4	12939905	13427819	4	12939905	13427819	487915	55.694	54.135	0.1783	1.7974	0.9879
17_10	4	4	13427820	13915734	4	13427820	13915734	487915	55.683	54.838	0.6108	2.0526	1.3317
17_11	4	4	13915735	14403649	4	13915735	14403649	487915	56.29	56.138	0.9961	2.1838	1.5899
17_12	4	4	14403650	14891564	4	14403650	14891564	487915	56.655	56.969	0.8434	2.4687	1.6561
17_13	4	4	14891565	15379479	4	14891565	15379479	487915	57.113	58.547	1.1129	2.4994	1.8062
17_14	4	4	15379480	15867394	4	15379480	15867394	487915	57.741	59.408	1.0135	1.9788	1.4962
17_15	4	4	15867395	16355309	4	15867395	16355309	487915	58.102	60.478	0.6456	2.8058	1.7257
17_16	4	4	16355310	16843224	4	16355310	16843224	487915	58.371	62.146	0.3822	2.3693	1.3758
17_17	4	4	16843225	17331140	4	16843225	17331140	487916	58.475	62.79	0.206	1.0248	0.6154
17_18	4	4	17331141	17819056	4	17331141	17819056	487916	58.572	63.146	0.3836	1.0184	0.701
24_12	4	4	27887033	28355687	4	17820057	18288711	468655	58.846	63.775	0.441	2.5677	1.5043
24_11	4	4	27418378	27887032	4	18288712	18757366	468655	58.99	65.58	0.1398	2.1754	1.1576
24_10	4	4	26949723	27418377	4	18757367	19226021	468655	58.977	65.814	0.0128	0.4001	0.2064
24_9	4	4	26481068	26949722	4	19226022	19694676	468655	58.978	65.955	0.2283	0.4716	0.3499
24_8	4	4	26012413	26481067	4	19694677	20163331	468655	59.191	66.256	0.1654	0.5505	0.3579
24_7	4	4	25543758	26012412	4	20163332	20631986	468655	59.133	66.471	0.064	0.5185	0.2913
24_6	4	4	25075103	25543757	4	20631987	21100641	468655	59.131	66.742	0.0011	0.2187	0.1099
24_5	4	4	24606448	25075102	4	21100642	21569296	468655	59.134	66.676	0.0032	0.2123	0.1077
24_4	4	4	24137793	24606447	4	21569297	22037951	468655	59.134	66.941	0.0	0.6455	0.3227
24_3	4	4	23669138	24137792	4	22037952	22506606	468655	59.134	67.281	0.0331	0.6017	0.3174
24_2	4	4	23200483	23669137	4	22506607	22975261	468655	59.103	67.505	0.0661	0.0363	0.0512
24_1	4	4	22731829	23200482	4	22975262	23443915	468654	59.072	67.315	0.5042	0.0745	0.2893
108_2	4	Un	25112069	25286697	4	23444916	23619544	174629	58.704		0.3874		0.3874
108_1	4	Un	24937440	25112068	4	23619545	23794173	174629		67.433		0.0421	0.0421
28_10	4	4	22239751	22730828	4	23795174	24286251	491078	59.394	67.28	0.5082	2.1675	1.3378
28_9	4	4	21748673	22239750	4	24286252	24777329	491078	59.212	69.221	0.1446	0.4897	0.3172
28_8	4	4	21257596	21748672	4	24777330	25268406	491077	59.252	67.761	0.0916	0.9907	0.5412
28_7	4	4	20766519	21257595	4	25268407	25759483	491077	59.302	68.248	0.058	0.7993	0.4287
28_6	4	4	20275442	20766518	4	25759484	26250560	491077	59.309	68.546	0.2077	0.3034	0.2555
28_5	4	4	19784365	20275441	4	26250561	26741637	491077	59.506	68.546	0.2657	0.4419	0.3538
28_4	4	4	19293288	19784364	4	26741638	27232714	491077	59.57	68.98	0.4796	1.0609	0.7702
28_3	4	4	18802211	19293287	4	27232715	27723791	491077	59.977	69.588	0.8237	2.1137	1.4687
28_2	4	4	18311134	18802210	4	27723792	28214868	491077	60.379	71.056	0.7137	2.2187	1.4662
28_1	4	4	17820057	18311133	4	28214869	28705945	491077	60.678		0.6187		0.6187
42_1	4	4	28356688	28775706	4	28706946	29125964	419019	60.965	72.779	1.353	2.9645	2.1587
42_2	4	4	28775707	29194725	4	29125965	29544983	419019	61.862	75.106	3.4736	2.5249	2.9992
42_3	4	4	29194726	29613744	4	29544984	29964002	419019	63.876	74.895	5.415	1.0179	3.2165
42_4	4	4	29613745	30032763	4	29964003	30383021	419019	66.4	75.959	6.0856	5.847	5.9663
42_5	4	4	30032764	30451783	4	30383022	30802041	419020	68.976	79.795	4.9732	8.1491	6.5612
41_1	4	4	30452784	30888816	4	30803042	31239074	436033	70.615		3.6365		3.6365
41_2	4	4	30888817	31324849	4	31239075	31675107	436033	72.12	86.419	8.5544	10.0439	9.2992
41_3	4	4	31324850	31760882	4	31675108	32111140	436033	78.075	92.858	12.655	16.907	14.781
41_4	4	4	31760883	32196915	4	32111141	32547173	436033	83.156	101.163	12.7444	26.4277	19.5861
41_5	4	4	32196916	32632948	4	32547174	32983206	436033	89.189		26.8026		26.8026
121_2	4	Un	27497751	27693698	4	32984207	33180154	195948	103.339	124.282	30.7815	26.0672	28.4244
121_1	4	Un	27301804	27497750	4	33180155	33376101	195947	104.978	125.9	9.3394	8.6146	8.977
152_2	4	Un	32681414	32814531	4	33377102	33510219	133118	106.715	127.396	3.1149	7.8353	5.4751
152_1	4	Un	32548296	32681413	4	33510220	33643337	133118		128.24		17.2284	17.2284
90_2	4	Un	22067872	22322408	4	33644338	33898874	254537		133.046		15.9469	15.9469
90_1	4	Un	21813335	22067871	4	33898875	34153411	254537	107.308	135.406	1.0181	9.2717	5.1449
54_1	5	Un	11244841	11649025	5	1	404185	404185	0.0	0.0	0.5146	1.0218	0.7682
54_2	5	Un	11649026	12053210	5	404186	808370	404185	0.208	0.413	0.7484	2.4642	1.6063
54_3	5	Un	12053211	12457396	5	808371	1212556	404186	0.605	1.992	1.5097	4.0951	2.8024
48_1	5	Un	9504855	9939600	5	1213557	1648302	434746	1.453	3.79	3.2004	8.3699	5.7851
48_2	5	Un	9939601	10374346	5	1648303	2083048	434746	3.342	9.15	3.6009	7.2099	5.4054
48_3	5	Un	10374347	10809093	5	2083049	2517795	434747	4.584	10.059	3.1041	3.5779	3.341
48_4	5	Un	10809094	11243840	5	2517796	2952542	434747	6.041	12.261	1.7202	2.0659	1.8931
19_16	5	5	7385334	7877689	5	2953543	3445898	492356	6.131		0.0658		0.0658
19_15	5	5	6892978	7385333	5	3445899	3938254	492356	5.978	12.934	0.0884	0.9005	0.4945
19_14	5	5	6400622	6892977	5	3938255	4430610	492356	6.218	13.566	0.4113	1.5355	0.9734
19_13	5	5	5908266	6400621	5	4430611	4922966	492356	6.383	14.446	1.5385	2.2991	1.9188
19_12	5	5	5415910	5908265	5	4922967	5415322	492356	7.733	15.83	2.617	2.3296	2.4733
19_11	5	5	4923554	5415909	5	5415323	5907678	492356	8.96	16.74	1.7183	1.4827	1.6005
19_10	5	5	4431198	4923553	5	5907679	6400034	492356	9.425	17.29	1.1282	0.7383	0.9333
19_9	5	5	3938842	4431197	5	6400035	6892390	492356	10.071	17.467	1.7244	1.5995	1.662
19_8	5	5	3446486	3938841	5	6892391	7384746	492356	11.123	18.865	3.0953	2.745	2.9202
19_7	5	5	2954131	3446485	5	7384747	7877101	492355	13.119	20.17	2.3916	1.9244	2.158
19_6	5	5	2461776	2954130	5	7877102	8369456	492355	13.478	20.76	1.2735	1.9061	1.5898
19_5	5	5	1969421	2461775	5	8369457	8861811	492355	14.373	22.047	1.5588	1.6137	1.5862
19_4	5	5	1477066	1969420	5	8861812	9354166	492355	15.013	22.349	1.763	0.4671	1.115
19_3	5	5	984711	1477065	5	9354167	9846521	492355	16.109	22.507	2.3743	1.7609	2.0676
19_2	5	5	492356	984710	5	9846522	10338876	492355	17.351	24.083	3.272	2.8384	3.0552
19_1	5	5	1	492355	5	10338877	10831231	492355	19.331	25.302	5.6588	5.0958	5.3773
38_1	5	5	7878690	8321596	5	10832232	11275138	442907	22.789	28.98	5.0881	6.8061	5.9471
38_2	5	5	8321597	8764503	5	11275139	11718045	442907	23.969	31.506	6.8784	6.4257	6.6521
38_3	5	5	8764504	9207410	5	11718046	12160952	442907	28.882	34.672	7.2024	5.5734	6.3879
38_4	5	5	9207411	9650317	5	12160953	12603859	442907	30.349	36.443	4.125	6.4923	5.3087
38_5	5	5	9650318	10093224	5	12603860	13046766	442907	32.536	40.423	9.0177	15.3452	12.1814
38_6	5	5	10093225	10536132	5	13046767	13489674	442908	38.337	50.036	11.0479	17.8328	14.4403
93_2	5	5	10767245	10997357	5	13490675	13720787	230113	41.158	54.34	9.6719	12.3163	10.9941
93_1	5	5	10537133	10767244	5	13720788	13950899	230112	43.827	57.027	14.5241	20.601	17.5626
73_2	5	5	11370048	11741737	5	13951900	14323589	371690	48.885	65.3	14.9571	20.5822	17.7696
73_1	5	5	10998358	11370047	5	14323590	14695279	371690	53.902	70.891	12.589	14.2527	13.4209
112_2	5	Un	25811401	25990228	5	14696280	14875107	178828	57.042	74.535	8.5017	11.1605	9.8311
112_1	5	Un	25632574	25811400	5	14875108	15053934	178827	57.771	75.97	5.242	6.0779	5.66
142_1	5	5	11742738	11847896	5	15054935	15160093	105159	58.729	76.491	2.4864	4.0016	3.244
142_2	5	5	11847897	11953055	5	15160094	15265252	105159	58.388	76.963	3.2093	0.2446	1.7269
125_2	5	5	12102727	12251397	5	15266253	15414923	148671	57.981	76.548	4.4832	2.1657	3.3245
125_1	5	5	11954056	12102726	5	15414924	15563594	148671	59.628	77.562	11.0782	6.8204	8.9493
61_3	6	Un	15407393	15741363	6	1	333971	333971	0.0		0.7486		0.7486
61_2	6	Un	15073423	15407392	6	333972	667941	333970	0.25	0.0	1.7367	11.3304	6.5335
61_1	6	Un	14739453	15073422	6	667942	1001911	333970	1.16	3.784	2.0259	9.4615	5.7437
66_2	6	6	442378	884755	6	1002912	1445289	442378	1.715	6.842	1.7101	8.5924	5.1513
66_1	6	6	1	442377	6	1445290	1887666	442377	2.582	10.929	1.4921	3.6459	2.569
76_2	6	Un	19302991	19601078	6	1888667	2186754	298088	2.929		1.2401		1.2401
76_1	6	Un	19004904	19302990	6	2186755	2484841	298087	3.412		0.2283		0.2283
35_7	6	6	3603776	4056779	6	2485842	2938845	453004	2.775	12.268	0.5437	1.6012	1.0724
35_6	6	6	3150772	3603775	6	2938846	3391849	453004	2.961	13.329	0.9327	2.6567	1.7947
35_5	6	6	2697768	3150771	6	3391850	3844853	453004	3.62	14.675	2.2373	4.7207	3.479
35_4	6	6	2244765	2697767	6	3844854	4297856	453003	4.988	17.606	2.7351	4.6015	3.6683
35_3	6	6	1791762	2244764	6	4297857	4750859	453003	6.098	18.844	2.2881	2.7836	2.5358
35_2	6	6	1338759	1791761	6	4750860	5203862	453003	7.061	20.128	2.6953	3.2318	2.9635
35_1	6	6	885756	1338758	6	5203863	5656865	453003	8.54	21.772	3.9086	3.3783	3.6434
13_1	6	6	4057780	4552169	6	5657866	6152255	494390	10.687	23.262	4.1317	3.0761	3.6039
13_2	6	6	4552170	5046559	6	6152256	6646645	494390	12.544	24.753	2.8702	2.6244	2.7473
13_3	6	6	5046560	5540949	6	6646646	7141035	494390	13.525	25.857	1.6809	1.0356	1.3582
13_4	6	6	5540950	6035339	6	7141036	7635425	494390	14.206	25.777	1.6879	0.537	1.1124
13_5	6	6	6035340	6529729	6	7635426	8129815	494390	15.194	26.388	2.0672	1.2935	1.6804
13_6	6	6	6529730	7024119	6	8129816	8624205	494390	16.25	27.056	1.4948	0.889	1.1919
13_7	6	6	7024120	7518509	6	8624206	9118595	494390	16.672	27.267	0.6837	0.9699	0.8268
13_8	6	6	7518510	8012899	6	9118596	9612985	494390	16.926	28.015	1.0498	1.2429	1.1463
13_9	6	6	8012900	8507289	6	9612986	10107375	494390	17.71	28.496	0.9254	0.9436	0.9345
13_10	6	6	8507290	9001679	6	10107376	10601765	494390	17.841	28.948	0.6665	1.0154	0.841
13_11	6	6	9001680	9496069	6	10601766	11096155	494390	18.369	29.5	1.0538	0.9031	0.9785
13_12	6	6	9496070	9990459	6	11096156	11590545	494390	18.883	29.841	0.9274	0.8475	0.8875
13_13	6	6	9990460	10484849	6	11590546	12084935	494390	19.286	30.338	1.1256	1.0437	1.0846
13_14	6	6	10484850	10979239	6	12084936	12579325	494390	19.996	30.873	1.601	1.5898	1.5954
13_15	6	6	10979240	11473629	6	12579326	13073715	494390	20.869	31.91	1.873	2.0864	1.9797
13_16	6	6	11473630	11968019	6	13073716	13568105	494390	21.848	32.936	1.87	1.5585	1.7143
13_17	6	6	11968020	12462409	6	13568106	14062495	494390	22.718	33.451	2.0015	2.2199	2.1107
13_18	6	6	12462410	12956799	6	14062496	14556885	494390	23.827	35.131	2.1056	3.0613	2.5835
13_19	6	6	12956800	13451189	6	14556886	15051275	494390	24.8	36.478	4.0919	5.5594	4.8256
13_20	6	6	13451190	13945579	6	15051276	15545665	494390	27.873	40.628	7.3586	6.597	6.9778
13_21	6	6	13945580	14439970	6	15545666	16040056	494391	32.076	43.001	6.7214	7.3009	7.0112
13_22	6	6	14439971	14934361	6	16040057	16534447	494391	34.519	47.847	8.8857	12.1584	10.5221
13_23	6	6	14934362	15428752	6	16534448	17028838	494391	40.862	55.023	12.8593	16.4829	14.6711
13_24	6	6	15428753	15923143	6	17028839	17523229	494391	47.234	64.145	13.6046	19.5817	16.5932
13_25	6	6	15923144	16417534	6	17523230	18017620	494391	54.314	74.385	16.0164	18.4043	17.2103
140_1	6	6	16418535	16539092	6	18018621	18139178	120558	60.093		10.8931		10.8931
140_2	6	6	16539093	16659650	6	18139179	18259736	120558		81.14		13.1864	13.1864
117_1	6	6	16660651	16872162	6	18260737	18472248	211512	60.807	82.245	0.6693	4.998	2.8337
117_2	6	6	16872163	17083675	6	18472249	18683761	211513		83.032		3.348	3.348
156_1	6	Un	33192445	33277554	6	18684762	18769871	85110	60.527		0.5449		0.5449
156_2	6	Un	33277555	33362665	6	18769872	18854982	85111	61.05	83.738	6.1449	3.0117	4.5783
129_2	7	Un	28681962	28819305	7	1	137344	137344	0.742	0.0	2.592	7.8198	5.2059
129_1	7	Un	28544618	28681961	7	137345	274688	137344	1.098	1.074	2.7065	32.4521	17.5793
131_1	7	Un	29057819	29183966	7	275689	401836	126148	1.473	8.765	4.2411	32.7816	18.5114
131_2	7	Un	29183967	29310115	7	401837	527985	126149	0.0	9.561	3.6075	8.5344	6.0709
86_2	7	7	269863	539725	7	528986	798848	269863	2.646	11.54	7.6226	7.9063	7.7645
86_1	7	7	1	269862	7	798849	1068710	269862	3.574	13.268	4.8465	7.6887	6.2676
118_1	7	7	540726	733991	7	1069711	1262976	193266	5.081	15.403	10.7766	11.5327	11.1547
118_2	7	7	733992	927258	7	1262977	1456243	193267	8.163	18.179	17.5243	18.5323	18.0283
55_1	7	7	928259	1351804	7	1457244	1880789	423546	13.89		14.6367		14.6367
55_2	7	7	1351805	1775351	7	1880790	2304336	423547	18.891	32.568	10.6104	14.8785	12.7445
55_3	7	7	1775352	2198898	7	2304337	2727883	423547	22.878	35.386	7.5472	5.1565	6.3519
39_1	7	7	2199899	2681550	7	2728884	3210535	481652	25.511	37.091	5.1173	8.1657	6.6415
39_2	7	7	2681551	3163202	7	3210536	3692187	481652	27.664	43.023	11.7678	15.2641	13.516
39_3	7	7	3163203	3644854	7	3692188	4173839	481652	36.847		13.1547		13.1547
39_4	7	7	3644855	4126506	7	4173840	4655491	481652	40.336	59.147	7.1556	13.0274	10.0915
39_5	7	7	4126507	4608158	7	4655492	5137143	481652	43.74	61.847	5.2278	4.716	4.9719
23_1	7	7	4609159	5092638	7	5138144	5621623	483480	45.382	63.699	2.4725	3.7465	3.1095
23_2	7	7	5092639	5576119	7	5621624	6105104	483481	46.131	65.47	1.0559	2.4686	1.7622
23_3	7	7	5576120	6059600	7	6105105	6588585	483481	46.403	66.086	0.4354	0.9876	0.7115
23_4	7	7	6059601	6543081	7	6588586	7072066	483481	46.552	66.425	1.12	0.4695	0.7948
23_5	7	7	6543082	7026562	7	7072067	7555547	483481	47.486	66.54	1.2462	0.4768	0.8615
23_6	7	7	7026563	7510043	7	7555548	8039028	483481	47.757	66.886	0.4085	0.7663	0.5874
23_7	7	7	7510044	7993524	7	8039029	8522509	483481	47.881	67.281	0.1779	0.8977	0.5378
23_8	7	7	7993525	8477005	7	8522510	9005990	483481	47.929	67.754	0.4716	1.3279	0.8998
23_9	7	7	8477006	8960486	7	9005991	9489471	483481	48.337	68.565	0.3103	0.8346	0.5725
23_10	7	7	8960487	9443967	7	9489472	9972952	483481	48.229	68.561	0.2017	0.5223	0.362
23_11	7	7	9443968	9927448	7	9972953	10456433	483481	48.532	69.07	0.5502	0.8108	0.6805
23_12	7	7	9927449	10410929	7	10456434	10939914	483481	48.761	69.345	0.1586	0.1757	0.1671
106_1	7	Un	24563072	24749755	7	10940915	11127598	186684	48.662	69.214	0.0803	0.9278	0.504
106_2	7	Un	24749756	24936439	7	11127599	11314282	186684	48.803	69.83	0.2262	0.3703	0.2983
47_4	7	Un	9066810	9503854	7	11315283	11752327	437045	48.775	69.399	0.0013	0.2067	0.104
47_3	7	Un	8629765	9066809	7	11752328	12189372	437045	48.804	69.675	0.0469	0.3363	0.1916
47_2	7	Un	8192720	8629764	7	12189373	12626417	437045	48.734	69.693	0.0526	0.1991	0.1258
47_1	7	Un	7755675	8192719	7	12626418	13063462	437045	48.758	69.501	0.072	0.0288	0.0504
1_1	7	7	10411930	10903403	7	13064463	13555936	491474	48.799	69.719	0.0251	0.7347	0.3799
1_2	7	7	10903404	11394877	7	13555937	14047410	491474	48.782		0.0732		0.0732
1_4	7	7	11886352	12377825	7	14538885	15030358	491474	48.907	70.926	0.2937	0.853	0.5734
1_5	7	7	12377826	12869299	7	15030359	15521832	491474	49.215	71.396	0.2838	0.6419	0.4628
1_6	7	7	12869300	13360773	7	15521833	16013306	491474	49.186	71.557	0.1526	0.177	0.1648
1_7	7	7	13360774	13852247	7	16013307	16504780	491474	49.365	71.57	0.2157	0.3276	0.2717
1_8	7	7	13852248	14343721	7	16504781	16996254	491474	49.398	71.879	0.1038	0.472	0.2879
1_9	7	7	14343722	14835196	7	16996255	17487729	491475	49.467	72.034	0.4008	0.1577	0.2792
1_10	7	7	14835197	15326671	7	17487730	17979204	491475	49.792	72.034	0.6165	0.3133	0.4649
1_11	7	7	15326672	15818146	7	17979205	18470679	491475	50.073	72.342	0.2869	0.6399	0.4634
1_12	7	7	15818147	16309621	7	18470680	18962154	491475	50.074	72.663	0.056	1.4111	0.7336
1_13	7	7	16309622	16801096	7	18962155	19453629	491475	50.128	73.729	0.2197	0.8007	0.5102
1_14	7	7	16801097	17292571	7	19453630	19945104	491475	50.29	73.45	0.1089	0.1363	0.1226
1_15	7	7	17292572	17784046	7	19945105	20436579	491475	50.235	73.595	0.3062	0.3703	0.3383
1_16	7	7	17784047	18275521	7	20436580	20928054	491475	50.591	73.814	0.4425	0.5483	0.4954
1_17	7	7	18275522	18766996	7	20928055	21419529	491475	50.67	74.134	0.8342	0.9777	0.906
1_18	7	7	18766997	19258471	7	21419530	21911004	491475	51.411	74.775	0.527	0.9695	0.7483
1_19	7	7	19258472	19749946	7	21911005	22402479	491475	51.188	75.087	0.2309	0.4771	0.354
1_20	7	7	19749947	20241421	7	22402480	22893954	491475	51.184	75.244	0.5748	0.7498	0.6623
1_21	7	7	20241422	20732896	7	22893955	23385429	491475	51.753	75.824	0.4751	0.8454	0.6603
1_22	7	7	20732897	21224371	7	23385430	23876904	491475	51.651	76.075	0.8057	0.8485	0.8271
1_23	7	7	21224372	21715846	7	23876905	24368379	491475	52.545	76.658	2.0476	0.3886	1.2181
1_24	7	7	21715847	22207321	7	24368380	24859854	491475		76.457		0.4242	0.4242
1_25	7	7	22207322	22698796	7	24859855	25351329	491475	54.67	77.075	1.7403	1.9157	1.828
1_26	7	7	22698797	23190271	7	25351330	25842804	491475	55.111	78.34	1.6166	3.3135	2.465
1_27	7	7	23190272	23681746	7	25842805	26334279	491475	56.259	80.332	2.7763	3.9147	3.3455
1_28	7	7	23681747	24173221	7	26334280	26825754	491475	57.84	82.188	3.7113	5.57	4.6406
1_29	7	7	24173222	24664696	7	26825755	27317229	491475	59.907	85.807	7.6291	7.7003	7.6647
1_30	7	7	24664697	25156171	7	27317230	27808704	491475	65.339	89.757	9.0863	9.7452	9.4157
1_31	7	7	25156172	25647646	7	27808705	28300179	491475		95.386		12.2641	12.2641
1_32	7	7	25647647	26139121	7	28300180	28791654	491475	73.304	101.812	11.5537	18.0396	14.7966
1_33	7	7	26139122	26630596	7	28791655	29283129	491475	82.374	113.118	17.5828	20.6633	19.123
1_34	7	7	26630597	27122071	7	29283130	29774604	491475	90.587	122.123	12.9844	13.74	13.3622
1_35	7	7	27122072	27613546	7	29774605	30266079	491475	95.137		8.0292		8.0292
132_1	7	Un	29311116	29440825	7	30267080	30396789	129710	97.035	130.905	5.375	6.1766	5.7758
132_2	7	Un	29440826	29570536	7	30396790	30526500	129711	97.509		1.607		1.607
113_1	7	7	27614547	27775994	7	30527501	30688948	161448	97.479		1.4252		1.4252
113_2	7	7	27775995	27937443	7	30688949	30850397	161449	97.948	129.787	2.9049	2.554	2.7294
56_1	8	Un	12458397	12848036	8	1	389640	389640	0.0		8.146		8.146
56_2	8	Un	12848037	13237676	8	389641	779280	389640	3.174	0.335	4.5298	0.8598	2.6948
56_3	8	Un	13237677	13627317	8	779281	1168921	389641	3.53	0.0	1.7079	2.5925	2.1502
53_1	8	8	1	456852	8	1169922	1626773	456852	4.564	2.445	1.6389	4.777	3.208
53_2	8	8	456853	913704	8	1626774	2083625	456852	4.974	4.209	1.0288	4.4084	2.7186
53_3	8	8	913705	1370556	8	2083626	2540477	456852	5.504	6.473	1.7762	3.5403	2.6582
36_1	8	8	1371557	1818596	8	2541478	2988517	447040	6.59	7.43	4.9212	4.1301	4.5256
36_2	8	8	1818597	2265636	8	2988518	3435557	447040	9.933	10.19	8.0474	7.3316	7.6895
36_3	8	8	2265637	2712676	8	3435558	3882597	447040	13.785	13.985	7.0676	8.3225	7.6951
36_4	8	8	2712677	3159717	8	3882598	4329638	447041	16.252	17.631	5.3753	9.9879	7.6816
36_5	8	8	3159718	3606758	8	4329639	4776679	447041	18.591	22.915	4.5186	9.6434	7.081
36_6	8	8	3606759	4053799	8	4776680	5223720	447041	20.292	26.253	4.1674	6.2668	5.2171
36_7	8	8	4053800	4500840	8	5223721	5670761	447041	22.317	28.518	2.7242	4.1038	3.414
9_1	8	8	4501841	4988251	8	5671762	6158172	486411	22.784	30.007	1.7618	2.4368	2.0993
9_2	8	8	4988252	5474662	8	6158173	6644583	486411	23.998	30.843	1.9469	2.5483	2.2476
9_3	8	8	5474663	5961073	8	6644584	7130994	486411	24.678	32.486	1.2078	3.3531	2.2805
9_4	8	8	5961074	6447484	8	7130995	7617405	486411	25.173	34.105	1.1513	2.7775	1.9644
9_5	8	8	6447485	6933895	8	7617406	8103816	486411	25.798	35.188	0.8028	1.5954	1.1991
9_6	8	8	6933896	7420306	8	8103817	8590227	486411	25.954	35.657	0.8265	1.7896	1.3081
9_7	8	8	7420307	7906717	8	8590228	9076638	486411	26.602	36.929	0.9025	1.8369	1.3697
9_8	8	8	7906718	8393128	8	9076639	9563049	486411	26.832	37.444	0.2498	0.44	0.3449
9_9	8	8	8393129	8879539	8	9563050	10049460	486411	26.845	37.357	0.7154	0.6569	0.6862
9_10	8	8	8879540	9365950	8	10049461	10535871	486411	27.528	38.083	0.7853	1.0814	0.9333
9_11	8	8	9365951	9852361	8	10535872	11022282	486411	27.609	38.409	0.0606	0.5756	0.3181
9_12	8	8	9852362	10338772	8	11022283	11508693	486411	27.587	38.643	0.0072	0.9097	0.4584
9_13	8	8	10338773	10825183	8	11508694	11995104	486411	27.616	39.294	0.1686	0.8737	0.5212
9_14	8	8	10825184	11311594	8	11995105	12481515	486411	27.751	39.493	0.3495	0.3567	0.3531
9_15	8	8	11311595	11798005	8	12481516	12967926	486411	27.956	39.641	0.5469	0.6527	0.5998
9_16	8	8	11798006	12284416	8	12967927	13454337	486411	28.283	40.128	0.4626	0.332	0.3973
9_17	8	8	12284417	12770827	8	13454338	13940748	486411	28.406	39.964	0.3228	0.4975	0.4102
9_18	8	8	12770828	13257238	8	13940749	14427159	486411	28.597	40.612	1.1503	1.47	1.3102
9_19	8	8	13257239	13743649	8	14427160	14913570	486411	29.525	41.394	2.0127	1.9017	1.9572
9_20	8	8	13743650	14230060	8	14913571	15399981	486411	30.555	42.462	3.2812	2.4054	2.8433
9_21	8	8	14230061	14716471	8	15399982	15886392	486411	32.717	43.734	3.8178	2.5164	3.1671
9_22	8	8	14716472	15202882	8	15886393	16372803	486411	34.269	44.91	4.4602	4.1272	4.2937
9_23	8	8	15202883	15689293	8	16372804	16859214	486411	37.056	47.749	5.1973	7.0198	6.1086
9_24	8	8	15689294	16175704	8	16859215	17345625	486411	39.325	51.739	6.845	11.333	9.089
9_25	8	8	16175705	16662115	8	17345626	17832036	486411	43.715	58.774	11.2076	16.2198	13.7137
9_26	8	8	16662116	17148526	8	17832037	18318447	486411	50.228	67.518	11.8706	14.0396	12.9551
9_27	8	8	17148527	17634937	8	18318448	18804858	486411	55.263	72.432	10.9033	9.9916	10.4474
9_28	8	8	17634938	18121348	8	18804859	19291269	486411	60.835	77.238	13.9811	12.202	13.0915
71_1	8	8	18122349	18533928	8	19292270	19703849	411580	68.355	83.858	11.9119	11.2515	11.5817
71_2	8	8	18533929	18945509	8	19703850	20115430	411581	71.098	86.932	7.1222	7.9536	7.5379
138_2	8	8	19251091	19368704	8	20116431	20234044	117614	73.178	89.244	7.8314	6.3072	7.0693
138_1	8	8	19133478	19251090	8	20234045	20351657	117613		89.349		2.1839	2.1839
153_2	8	8	19039494	19132477	8	20352658	20445641	92984		89.733		8.1693	8.1693
153_1	8	8	18946510	19039493	8	20445642	20538625	92984		90.977		13.3786	13.3786
31_1	9	9	1	478688	9	1	478688	478688	0.0	0.0	5.7553	2.9748	4.3651
31_2	9	9	478689	957376	9	478689	957376	478688	2.755	1.424	5.865	5.8002	5.8326
31_3	9	9	957377	1436065	9	957377	1436065	478689	5.615	5.553	8.8815	11.2735	10.0775
31_4	9	9	1436066	1914754	9	1436066	1914754	478689	11.258	12.217	11.4041	22.6776	17.0408
31_5	9	9	1914755	2393443	9	1914755	2393443	478689	16.533	27.264	8.328	21.4482	14.8881
31_6	9	9	2393444	2872132	9	2393444	2872132	478689	19.231	32.751	3.2693	7.1299	5.1996
31_7	9	9	2872133	3350821	9	2872133	3350821	478689	19.663	34.09	0.9568	2.8024	1.8796
31_8	9	9	3350822	3829510	9	3350822	3829510	478689	20.147	35.434	0.634	1.1197	0.8768
31_9	9	9	3829511	4308199	9	3829511	4308199	478689	20.27	35.162	0.2198	0.2184	0.2191
8_28	9	9	17409012	17894190	9	4309200	4794378	485179		35.224		0.1002	0.1002
8_27	9	9	16923833	17409011	9	4794379	5279557	485179	20.465	35.259	0.4122	0.7224	0.5673
8_26	9	9	16438654	16923832	9	5279558	5764736	485179		35.925		1.08	1.08
8_25	9	9	15953475	16438653	9	5764737	6249915	485179	21.069	36.307	0.2769	1.5767	0.9268
8_24	9	9	15468296	15953474	9	6249916	6735094	485179	20.868	37.455	0.8004	1.7921	1.2963
8_23	9	9	14983117	15468295	9	6735095	7220273	485179		38.046		0.9316	0.9316
8_22	9	9	14497938	14983116	9	7220274	7705452	485179	22.234	38.359	1.7444	0.8646	1.3045
8_21	9	9	14012760	14497937	9	7705453	8190630	485178	23.407	38.885	1.6582	1.6942	1.6762
8_20	9	9	13527582	14012759	9	8190631	8675808	485178	23.843	40.003	0.3895	1.5407	0.9651
8_19	9	9	13042404	13527581	9	8675809	9160986	485178	23.785	40.38	0.6369	0.5215	0.5792
8_18	9	9	12557226	13042403	9	9160987	9646164	485178	24.461	40.509	1.9694	1.2449	1.6071
8_17	9	9	12072048	12557225	9	9646165	10131342	485178	25.696	41.588	1.6077	1.3387	1.4732
8_16	9	9	11586870	12072047	9	10131343	10616520	485178	26.021	41.808	0.5452	0.6255	0.5854
8_15	9	9	11101692	11586869	9	10616521	11101698	485178	26.225	42.195	1.4428	0.6987	1.0708
8_14	9	9	10616514	11101691	9	11101699	11586876	485178	27.421	42.486	2.4084	1.1552	1.7818
8_13	9	9	10131336	10616513	9	11586877	12072054	485178	28.562	43.316	1.2902	1.5994	1.4448
8_12	9	9	9646158	10131335	9	12072055	12557232	485178	28.673	44.038	0.8224	1.1491	0.9858
8_11	9	9	9160980	9646157	9	12557233	13042410	485178	29.36	44.431	0.5266	0.5503	0.5384
8_10	9	9	8675802	9160979	9	13042411	13527588	485178	29.184	44.572	0.4771	0.4668	0.4719
8_9	9	9	8190624	8675801	9	13527589	14012766	485178	29.823	44.884	2.3558	1.5582	1.957
8_8	9	9	7705446	8190623	9	14012767	14497944	485178	31.47	46.084	2.7753	2.8598	2.8175
8_7	9	9	7220268	7705445	9	14497945	14983122	485178	32.516	47.659	2.2136	2.5589	2.3862
8_6	9	9	6735090	7220267	9	14983123	15468300	485178	33.618	48.567	2.9711	3.5142	3.2427
8_5	9	9	6249912	6735089	9	15468301	15953478	485178	35.399	51.069	4.4303	4.0418	4.2361
8_4	9	9	5764734	6249911	9	15953479	16438656	485178	37.917	52.489	4.6148	6.6419	5.6283
8_3	9	9	5279556	5764733	9	16438657	16923834	485178	39.877	57.514	5.8762	7.9909	6.9336
8_2	9	9	4794378	5279555	9	16923835	17409012	485178	43.619	60.243	7.5313	12.9076	10.2195
8_1	9	9	4309200	4794377	9	17409013	17894190	485178	47.185	70.039	11.8909	14.2093	13.0501
77_1	9	9	17895191	18197494	9	17895191	18197494	302304	54.082	72.746	13.6548	9.3882	11.5215
77_2	9	9	18197495	18499799	9	18197495	18499799	302305	56.703	76.583	9.3158	11.0089	10.1623
91_2	9	9	18766024	19031248	9	18500800	18766024	265225	59.551	79.209	9.462	9.4602	9.4611
91_1	9	9	18500800	18766023	9	18766025	19031248	265224	61.907	81.786	8.1692	11.4599	9.8146
105_1	9	9	19032249	19258665	9	19032249	19258665	226417	63.734	85.077	5.7814	10.7071	8.2443
105_2	9	9	19258666	19485083	9	19258666	19485083	226418	64.643	86.853	5.4835	10.3955	7.9395
183_2	9	9	19546689	19607294	9	19486084	19546689	60606	65.768	88.933	7.9369	15.3424	11.6396
183_1	9	9	19486084	19546688	9	19546690	19607294	60605	66.271	90.0	15.7768	33.0723	24.4245
198_2	9	Un	38652355	38706708	9	19662648	19717001	54354		94.669		15.584	15.584
189_1	9	9	19627166	19685624	9	19718002	19776460	58459	69.41	92.653	18.256	56.5481	37.4021
189_2	9	9	19685625	19744083	9	19776461	19834919	58459		101.221		32.8577	32.8577
177_1	9	Un	36343914	36418411	9	19835920	19910417	74498	71.678	96.791	13.5854	17.2563	15.4208
177_2	9	Un	36418412	36492910	9	19910418	19984916	74499	72.133	98.771	20.9369	25.5261	23.2315
244_1	9	Un	42813443	42864682	9	19985917	20037156	51240	74.575	100.323	15.4464	16.5031	15.9748
87_2	9	9	19997282	20249479	9	20089398	20341595	252198	76.27	103.191	5.0881	0.6686	2.8783
87_1	9	9	19745084	19997281	9	20341596	20593793	252198	76.896	100.018	2.4822	12.5814	7.5318
111_1	10	Un	25287698	25459635	10	1	171938	171938	2.019	0.0	1.8728	4.4784	3.1756
111_2	10	Un	25459636	25631573	10	171939	343876	171938	2.341	0.77	1.4967	4.3674	2.932
130_2	10	Un	28938562	29056818	10	344877	463133	118257	2.495	1.389	2.0427	3.9719	3.0073
130_1	10	Un	28820306	28938561	10	463134	581389	118256	1.801	1.82	1.7156	1.9194	1.8175
101_2	10	Un	24369760	24562071	10	582390	774701	192312	2.024		2.315		2.315
101_1	10	Un	24177449	24369759	10	774702	967012	192311	2.608		0.0083		0.0083
58_2	10	Un	13998363	14368407	10	1338058	1708102	370045	2.031	3.537	0.3111	2.3738	1.3425
58_1	10	Un	13628318	13998362	10	1708103	2078147	370045	2.926		0.2242		0.2242
5_1	10	10	1	484706	10	2079148	2563853	484706	2.21	6.091	3.2045	4.9134	4.059
5_2	10	10	484707	969413	10	2563854	3048560	484707	0.0		1.9187		1.9187
5_3	10	10	969414	1454120	10	3048561	3533267	484707	4.07	12.223	5.2166	5.3125	5.2645
5_4	10	10	1454121	1938827	10	3533268	4017974	484707	5.057	13.816	3.2226	6.4637	4.8431
5_5	10	10	1938828	2423534	10	4017975	4502681	484707	7.194	18.489	3.2989	7.4426	5.3708
5_6	10	10	2423535	2908241	10	4502682	4987388	484707	8.255	21.031	2.6913	4.4934	3.5924
5_7	10	10	2908242	3392948	10	4987389	5472095	484707	9.803	22.845	3.5413	2.9348	3.2381
5_8	10	10	3392949	3877655	10	5472096	5956802	484707	11.688	23.876	4.4924	4.1675	4.33
5_9	10	10	3877656	4362362	10	5956803	6441509	484707	14.158	26.885	4.8782	3.9756	4.4269
5_10	10	10	4362363	4847069	10	6441510	6926216	484707	16.417	27.73	4.8751	3.1101	3.9926
5_11	10	10	4847070	5331776	10	6926217	7410923	484707	18.884	29.9	3.9756	2.7511	3.3634
5_12	10	10	5331777	5816483	10	7410924	7895630	484707	20.271	30.397	1.7268	1.1223	1.4245
5_13	10	10	5816484	6301190	10	7895631	8380337	484707	20.558	30.988	0.6819	0.786	0.7339
5_14	10	10	6301191	6785897	10	8380338	8865044	484707	20.932	31.159	0.6241	1.0377	0.8309
5_15	10	10	6785898	7270604	10	8865045	9349751	484707	21.163	31.994	1.3802	1.7206	1.5504
5_16	10	10	7270605	7755311	10	9349752	9834458	484707	22.27	32.827	1.4297	1.8217	1.6257
5_17	10	10	7755312	8240018	10	9834459	10319165	484707	22.549	33.76	0.4312	1.6268	1.029
5_18	10	10	8240019	8724725	10	10319166	10803872	484707	22.688	34.404	0.4838	1.2317	0.8578
5_19	10	10	8724726	9209432	10	10803873	11288579	484707	23.018	34.954	1.4204	0.9562	1.1883
5_20	10	10	9209433	9694139	10	11288580	11773286	484707	24.065	35.331	2.3096	0.7272	1.5184
5_21	10	10	9694140	10178846	10	11773287	12257993	484707	25.257	35.659	1.7351	1.2719	1.5035
5_22	10	10	10178847	10663553	10	12257994	12742700	484707	25.747	36.564	2.4015	2.8491	2.6253
5_23	10	10	10663554	11148260	10	12742701	13227407	484707	27.585	38.421	2.7821	2.9667	2.8744
5_24	10	10	11148261	11632967	10	13227408	13712114	484707	28.444	39.44	3.0585	4.4088	3.7336
5_25	10	10	11632968	12117674	10	13712115	14196821	484707	30.55	42.695	7.8697	8.1616	8.0157
5_26	10	10	12117675	12602381	10	14196822	14681528	484707	36.073	47.352	10.7054	12.4075	11.5564
5_27	10	10	12602382	13087088	10	14681529	15166235	484707	40.928	54.723	9.0838	15.791	12.4374
5_28	10	10	13087089	13571795	10	15166236	15650942	484707	44.879	62.66	11.8948	19.1012	15.498
5_29	10	10	13571796	14056502	10	15650943	16135649	484707	52.459	73.24	17.8458	21.905	19.8754
5_30	10	10	14056503	14541209	10	16135650	16620356	484707	62.179	83.895	13.4456	14.056	13.7508
149_1	10	Un	31976087	32069761	10	16621357	16715031	93675	62.878	84.132	0.5705	0.7372	0.6539
149_2	10	Un	32069762	32163437	10	16715032	16808707	93676	61.96	84.178	2.292	1.3088	1.8004
208_2	10	Un	39765811	39820485	10	16809708	16864382	54675	62.491	84.353	7.5549	6.9696	7.2622
208_1	10	Un	39711137	39765810	10	16864383	16919056	54674	60.979	85.083	3.5406	0.2343	1.8875
59_1	10	10	14542210	14913952	10	16920057	17291799	371743	63.443	84.29	6.2872	3.5259	4.9066
59_2	10	10	14913953	15285696	10	17291800	17663543	371744	64.663	83.017	2.3713	1.9462	2.1587
59_3	10	10	15285697	15657440	10	17663544	18035287	371744	65.206	85.737	1.4607	7.3169	4.3888
80_1	11	Un	19602079	19897696	11	1	295618	295618	0.195	0.0	0.6596	2.7975	1.7285
80_2	11	Un	19897697	20193314	11	295619	591236	295618	0.0	0.827	0.4549	3.2394	1.8471
167_2	11	Un	35065027	35142483	11	669694	747150	77457	0.45		1.6835		1.6835
75_1	11	11	1	310076	11	748151	1058226	310076	0.774	2.447	1.7134	1.108	1.4107
75_2	11	11	310077	620152	11	1058227	1368302	310076	1.315	1.68	0.1822	0.8569	0.5195
49_4	11	11	1808693	2204539	11	1369303	1765149	395847	0.895	3.016	0.4441	4.2224	2.3333
49_3	11	11	1412846	1808692	11	1765150	2160996	395847	0.982	4.846	0.3423	2.8546	1.5984
49_2	11	11	1016999	1412845	11	2160997	2556843	395847	1.166	5.276	0.6859	2.4378	1.5619
49_1	11	11	621153	1016998	11	2556844	2952689	395846	1.525	6.776	2.4368	3.942	3.1894
11_1	11	11	2205540	2703476	11	2953690	3451626	497937	3.222	8.602	4.3602	6.3933	5.3767
11_2	11	11	2703477	3201413	11	3451627	3949563	497937	5.649	12.823	3.0988	5.6915	4.3952
11_3	11	11	3201414	3699350	11	3949564	4447500	497937	6.308	14.27	3.9252	3.885	3.9051
11_4	11	11	3699351	4197287	11	4447501	4945437	497937	9.558	16.692	2.9632	3.5286	3.2459
11_5	11	11	4197288	4695224	11	4945438	5443374	497937	9.259	17.784	1.8777	2.666	2.2718
11_6	11	11	4695225	5193161	11	5443375	5941311	497937	11.428	19.347	2.4039	2.9271	2.6655
11_7	11	11	5193162	5691098	11	5941312	6439248	497937	11.653	20.699	0.1938	1.3797	0.7867
11_8	11	11	5691099	6189035	11	6439249	6937185	497937	11.621	20.721	0.6467	1.3496	0.9981
11_9	11	11	6189036	6686972	11	6937186	7435122	497937	12.297	22.043	0.9198	2.664	1.7919
11_10	11	11	6686973	7184909	11	7435123	7933059	497937	12.537	23.374	0.5593	2.3497	1.4545
11_11	11	11	7184910	7682846	11	7933060	8430996	497937	12.854	24.383	0.6406	1.5122	1.0764
11_12	11	11	7682847	8180783	11	8430997	8928933	497937	13.175	24.88	0.6497	1.4259	1.0378
11_13	11	11	8180784	8678720	11	8928934	9426870	497937	13.501	25.803	1.1036	1.5153	1.3095
11_14	11	11	8678721	9176657	11	9426871	9924807	497937	14.274	26.389	1.5685	1.3747	1.4716
11_15	11	11	9176658	9674595	11	9924808	10422745	497938	15.063	27.172	1.204	1.4189	1.3115
11_16	11	11	9674596	10172533	11	10422746	10920683	497938	15.473	27.802	0.7963	1.1668	0.9816
11_17	11	11	10172534	10670471	11	10920684	11418621	497938	15.856	28.334	2.3105	2.3527	2.3316
11_18	11	11	10670472	11168409	11	11418622	11916559	497938	17.774	30.145	3.0205	2.0675	2.544
11_19	11	11	11168410	11666347	11	11916560	12414497	497938	18.864	30.393	1.464	1.1507	1.3074
11_20	11	11	11666348	12164285	11	12414498	12912435	497938	19.232	31.291	1.3787	1.7412	1.56
11_21	11	11	12164286	12662223	11	12912436	13410373	497938	20.237	32.127	2.0474	2.5515	2.2995
11_22	11	11	12662224	13160161	11	13410374	13908311	497938	21.271	33.832	4.2274	4.7486	4.488
11_23	11	11	13160162	13658099	11	13908312	14406249	497938	24.447	36.856	7.5783	6.1956	6.8869
11_24	11	11	13658100	14156037	11	14406250	14904187	497938	28.818	40.002	11.3488	13.5117	12.4303
11_25	11	11	14156038	14653975	11	14904188	15402125	497938	35.749	50.312	11.7505	17.9199	14.8352
11_26	11	11	14653976	15151913	11	15402126	15900063	497938	40.52	57.848	10.6704	16.5969	13.6337
151_1	11	Un	32355919	32451606	11	15901064	15996751	95688	44.24	63.519	15.1049	18.8767	16.9908
151_2	11	Un	32451607	32547295	11	15996752	16092440	95689		65.276		12.3247	12.3247
79_2	11	11	15444794	15736674	11	16093441	16385321	291881	49.406	67.099	15.7447	10.313	13.0289
79_1	11	11	15152914	15444793	11	16385322	16677201	291880	53.409	70.295	27.5117	15.6402	21.5759
103_2	11	11	15934848	16132021	11	16678202	16875375	197174	64.191		25.8097		25.8097
103_1	11	11	15737675	15934847	11	16875376	17072548	197173	64.835	78.588	6.5779	16.5931	11.5855
100_2	11	11	16347661	16562300	11	17073549	17288188	214640	61.533	81.074	5.3612	8.6444	7.0028
100_1	11	11	16133022	16347660	11	17288189	17502827	214639	62.575	82.232	3.0138	8.309	5.6614
190_1	11	11	16563301	16634676	11	17503828	17575203	71376		84.054		12.6522	12.6522
190_2	11	11	16634677	16706052	11	17575204	17646579	71376	62.829		1.1793		1.1793
114_1	12	Un	25991229	26175874	12	1	184646	184646	0.0	1.059	2.4479	5.7353	4.0916
114_2	12	Un	26175875	26360520	12	184647	369292	184646	0.452	0.0	5.6039	0.5514	3.0777
139_2	12	Un	30706349	30817804	12	370293	481748	111456	1.87	0.875	11.2473	6.6563	8.9518
139_1	12	Un	30594894	30706348	12	481749	593203	111455	3.382	1.734	16.5403	10.2676	13.4039
195_2	12	Un	38307285	38380945	12	594204	667864	73661	5.261	2.98	18.3473	16.4385	17.3929
195_1	12	Un	38233625	38307284	12	667865	741524	73660	6.45		5.6667		5.6667
180_1	12	Un	36787135	36856035	12	742525	811425	68901	6.088	5.671	22.189	19.3289	20.7589
158_1	12	12	1	90198	12	881327	971524	90198	11.37		28.0411		28.0411
158_2	12	12	90199	180396	12	971525	1061722	90198	12.808	10.433	20.3923	30.7936	25.593
62_1	12	12	181397	536391	12	1062723	1417717	354995	17.769	19.936	18.4534	32.7917	25.6225
62_2	12	12	536392	891386	12	1417718	1772712	354995	23.485	29.406	12.0466	18.5876	15.3171
62_3	12	12	891387	1246382	12	1772713	2127708	354996	26.322	33.133	7.3279	12.9037	10.1158
99_2	12	Un	23966125	24176448	12	2128709	2339032	210324	28.165	37.647	6.6824	14.0673	10.3749
99_1	12	Un	23755801	23966124	12	2339033	2549356	210324	29.623	40.082	17.9119	14.8282	16.37
68_1	12	Un	16636734	17071319	12	2550357	2984942	434586	37.726	45.562	14.1338	10.1433	12.1386
68_2	12	Un	17071320	17505905	12	2984943	3419528	434586	40.337	47.771	4.0744	4.052	4.0632
64_1	12	12	1247383	1727896	12	3420529	3901042	480514	41.365	49.181	3.5408	3.0179	3.2793
64_2	12	12	1727897	2208411	12	3901043	4381557	480515	43.662	50.605	4.8174	3.2921	4.0548
6_29	12	12	16053194	16547614	12	4382558	4876978	494421	46.033	52.371	4.2701	2.5781	3.4241
6_28	12	12	15558773	16053193	12	4876979	5371399	494421	47.859	53.139	2.3128	1.7091	2.011
6_27	12	12	15064352	15558772	12	5371400	5865820	494421	48.32	54.061	1.526	1.7445	1.6353
6_26	12	12	14569931	15064351	12	5865821	6360241	494421	49.368	54.864	2.8882	1.5766	2.2324
6_25	12	12	14075510	14569930	12	6360242	6854662	494421	51.176	55.62	2.4069	1.2348	1.8208
6_24	12	12	13581089	14075509	12	6854663	7349083	494421	51.748	56.085	0.5613	0.8869	0.7241
6_23	12	12	13086668	13581088	12	7349084	7843504	494421	51.731	56.497	0.1214	0.4096	0.2655
6_22	12	12	12592247	13086667	12	7843505	8337925	494421	51.868	56.49	0.3246	0.1729	0.2487
6_21	12	12	12097826	12592246	12	8337926	8832346	494421	52.052	56.668	1.0174	0.808	0.9127
6_20	12	12	11603405	12097825	12	8832347	9326767	494421	52.874	57.289	1.5007	1.1245	1.3126
6_19	12	12	11108984	11603404	12	9326768	9821188	494421	53.536	57.78	1.0598	1.0103	1.0351
6_18	12	12	10614563	11108983	12	9821189	10315609	494421	53.922	58.288	0.3772	0.715	0.5461
6_17	12	12	10120142	10614562	12	10315610	10810030	494421	53.909	58.487	0.6917	0.3095	0.5006
6_16	12	12	9625721	10120141	12	10810031	11304451	494421	54.606	58.594	0.8505	0.9108	0.8807
6_15	12	12	9131300	9625720	12	11304452	11798872	494421	54.75		0.899		0.899
6_14	12	12	8636879	9131299	12	11798873	12293293	494421	55.495	59.838	1.8163	1.0875	1.4519
6_13	12	12	8142458	8636878	12	12293294	12787714	494421	56.546	60.207	1.1468	1.5351	1.3409
6_12	12	12	7648037	8142457	12	12787715	13282135	494421	56.629	61.356	0.7392	1.9892	1.3642
6_11	12	12	7153616	7648036	12	13282136	13776556	494421	57.277	62.174	1.0851	1.886	1.4855
6_10	12	12	6659195	7153615	12	13776557	14270977	494421	57.702	63.221	1.6211	2.7183	2.1697
6_9	12	12	6164774	6659194	12	14270978	14765398	494421	58.88	64.862	2.0519	2.8083	2.4301
6_8	12	12	5670353	6164773	12	14765399	15259819	494421	59.731	65.998	1.5018	2.9206	2.2112
6_7	12	12	5175932	5670352	12	15259820	15754240	494421	60.365	67.75	3.7165	6.1446	4.9306
6_6	12	12	4681512	5175931	12	15754241	16248660	494420	63.406	72.074	5.4053	6.7402	6.0728
6_5	12	12	4187092	4681511	12	16248661	16743080	494420	65.71	74.415	3.0824	3.673	3.3777
6_4	12	12	3692672	4187091	12	16743081	17237500	494420	66.454	75.706	0.8363	3.045	1.9406
6_3	12	12	3198252	3692671	12	17237501	17731920	494420	66.537	77.426	0.9011	3.5253	2.2132
6_2	12	12	2703832	3198251	12	17731921	18226340	494420	67.345	79.192	1.4441	1.8098	1.6269
6_1	12	12	2209412	2703831	12	18226341	18720760	494420	67.965		0.5346		0.5346
70_2	12	12	16919067	17289518	12	18721761	19092212	370452	67.841	80.0	1.0288	1.6545	1.3417
70_1	12	12	16548615	16919066	12	19092213	19462664	370452	68.792	81.34	2.8472	5.5004	4.1738
60_3	12	12	18030885	18401067	12	19463665	19833847	370183	69.953	84.08	5.5725	7.6062	6.5893
60_2	12	12	17660702	18030884	12	19833848	20204030	370183	72.924	86.98	7.1276	5.9822	6.5549
60_1	12	12	17290519	17660701	12	20204031	20574213	370183	75.23	88.509	5.0223	7.559	6.2907
148_1	12	Un	31778178	31876631	12	20575214	20673667	98454	75.965	91.557	4.9255	17.3052	11.1153
148_2	12	Un	31876632	31975086	12	20673668	20772122	98455	76.874	94.285	9.2326	27.7081	18.4703
51_3	13	13	982843	1474264	13	1	491422	491422	0.0	0.0	0.759	3.5184	2.1387
51_2	13	13	491422	982842	13	491423	982843	491421	0.373	1.729	0.466	4.3842	2.4251
51_1	13	13	1	491421	13	982844	1474264	491421	0.458	4.309	0.3562	3.2681	1.8121
52_1	13	13	1475265	1924895	13	1475265	1924895	449631	0.716	4.876	0.8326	3.3653	2.0989
52_2	13	13	1924896	2374526	13	1924896	2374526	449631	1.225	7.409	1.9249	6.0094	3.9672
52_3	13	13	2374527	2824157	13	2374527	2824157	449631	2.447	10.28	2.4346	5.5159	3.9752
4_1	13	13	2825158	3314407	13	2825158	3314407	489250	3.465	12.484	2.0819	4.3868	3.2344
4_2	13	13	3314408	3803657	13	3314408	3803657	489250	4.445	14.49	2.6438	5.0547	3.8493
4_3	13	13	3803658	4292907	13	3803658	4292907	489250	6.052	17.43	3.5187	4.0368	3.7778
4_4	13	13	4292908	4782157	13	4292908	4782157	489250	7.888	18.44	3.8702	2.8544	3.3623
4_5	13	13	4782158	5271407	13	4782158	5271407	489250	9.839	20.223	3.9397	2.65	3.2949
4_6	13	13	5271408	5760657	13	5271408	5760657	489250	11.743	21.033	3.7067	2.4602	3.0835
4_7	13	13	5760658	6249907	13	5760658	6249907	489250	13.466		2.5396		2.5396
4_8	13	13	6249908	6739157	13	6249908	6739157	489250	14.228	23.834	1.7956	2.1945	1.995
4_9	13	13	6739158	7228407	13	6739158	7228407	489250	15.223	24.254	1.1191	0.3689	0.744
4_10	13	13	7228408	7717657	13	7228408	7717657	489250	15.323	24.195	0.8809	1.5033	1.1921
4_11	13	13	7717658	8206907	13	7717658	8206907	489250	16.085	25.725	1.0179	2.4926	1.7552
4_12	13	13	8206908	8696157	13	8206908	8696157	489250	16.319	26.634	0.5805	1.5135	1.047
4_13	13	13	8696158	9185407	13	8696158	9185407	489250	16.653	27.206	0.6306	1.1088	0.8697
4_14	13	13	9185408	9674657	13	9185408	9674657	489250	16.936	27.719	0.9433	0.9586	0.9509
4_15	13	13	9674658	10163907	13	9674658	10163907	489250	17.576	28.144	1.0138	1.1926	1.1032
4_16	13	13	10163908	10653157	13	10163908	10653157	489250	17.928	28.886	0.5386	1.1313	0.8349
4_17	13	13	10653158	11142407	13	10653158	11142407	489250	18.103	29.251	0.5151	0.8615	0.6883
4_18	13	13	11142408	11631657	13	11142408	11631657	489250	18.432	29.729	0.5335	0.3945	0.464
4_19	13	13	11631658	12120908	13	11631658	12120908	489251	18.625	29.637	0.3771	0.3669	0.372
4_20	13	13	12120909	12610159	13	12120909	12610159	489251	18.801	30.088	1.0843	0.6214	0.8528
4_21	13	13	12610160	13099410	13	12610160	13099410	489251	19.686	30.245	1.5728	0.6643	1.1185
4_22	13	13	13099411	13588661	13	13099411	13588661	489251	20.34	30.738	1.4819	1.2253	1.3536
4_23	13	13	13588662	14077912	13	13588662	14077912	489251	21.136	31.444	1.0628	1.5268	1.2948
4_24	13	13	14077913	14567163	13	14077913	14567163	489251	21.38	32.232	0.4027	1.7496	1.0761
4_25	13	13	14567164	15056414	13	14567164	15056414	489251	21.53	33.156	1.2161	1.6903	1.4532
4_26	13	13	15056415	15545665	13	15056415	15545665	489251	22.57	33.886	1.9622	2.5416	2.2519
4_27	13	13	15545666	16034916	13	15545666	16034916	489251	23.45	35.643	2.0388	3.5759	2.8074
4_28	13	13	16034917	16524167	13	16034917	16524167	489251	24.565	37.385	3.4236	4.9044	4.164
4_29	13	13	16524168	17013418	13	16524168	17013418	489251	26.8	40.442	5.4621	5.0373	5.2497
4_30	13	13	17013419	17502669	13	17013419	17502669	489251		42.314		5.8324	5.8324
4_31	13	13	17502670	17991920	13	17502670	17991920	489251	32.582	46.149	8.464	12.4159	10.4399
4_32	13	13	17991921	18481171	13	17991921	18481171	489251	39.223	54.463	15.4398	15.8937	15.6668
57_3	13	13	19261118	19650590	13	18482172	18871644	389473	46.935	60.924	14.433	13.7774	14.1052
57_2	13	13	18871645	19261117	13	18871645	19261117	389473	51.2	65.896	10.8891	11.1086	10.9988
57_1	13	13	18482172	18871644	13	19261118	19650590	389473	55.417	69.577	21.283	12.6443	16.9637
220_1	13	Un	40784669	40844717	13	19651591	19711639	60049	64.294		29.9434		29.9434
107_2	13	13	19861046	20070501	13	19772689	19982144	209456	68.04	76.151	5.8037	14.9615	10.3826
107_1	13	13	19651591	19861045	13	19982145	20191599	209455	66.646	79.018	7.4273	10.0234	8.7254
200_1	13	Un	38806662	38857298	13	20192600	20243236	50637	65.511	79.564	3.4152	3.9003	3.6578
150_2	13	Un	32259678	32354918	13	20294875	20390115	95241	65.773	80.015	1.665	3.9578	2.8114
150_1	13	Un	32164438	32259677	13	20390116	20485355	95240	65.877	80.434	2.8545	3.0698	2.9621
133_2	13	Un	29704740	29837943	13	20619559	20752762	133204	64.792	81.07	4.3675	2.5601	3.4638
176_2	14	Un	36271644	36342913	14	71271	142540	71270		0.0		11.0429	11.0429
116_2	14	14	172861	345721	14	143541	316401	172861	0.364	1.359	2.1058	6.897	4.5014
116_1	14	14	1	172860	14	316402	489261	172860	0.0	2.041	1.124	2.9954	2.0597
197_1	14	Un	38481573	38539286	14	490262	547975	57714	0.689		5.1321		5.1321
197_2	14	Un	38539287	38597001	14	547976	605690	57715	0.893	2.398	15.0168	4.4994	9.7581
168_2	14	Un	35220723	35297961	14	606691	683929	77239	2.584	3.132	19.1537	8.7293	13.9415
168_1	14	Un	35143484	35220722	14	683930	761168	77239	3.684	3.67	11.2968	6.9019	9.0993
12_1	14	14	346722	836575	14	762169	1252022	489854	6.671	5.629	11.3585	11.2616	11.3101
12_2	14	14	836576	1326429	14	1252023	1741876	489854	12.48	12.391	15.1964	13.9603	14.5784
12_3	14	14	1326430	1816283	14	1741877	2231730	489854	21.559	19.306	19.0965	15.2831	17.1898
12_4	14	14	1816284	2306137	14	2231731	2721584	489854	31.189	27.364	15.6128	14.145	14.8789
12_5	14	14	2306138	2795991	14	2721585	3211438	489854	36.855	33.164	10.9655	10.942	10.9537
12_6	14	14	2795992	3285845	14	3211439	3701292	489854	41.932	38.084	7.9442	9.5396	8.7419
12_7	14	14	3285846	3775699	14	3701293	4191146	489854	44.638	42.51	5.9497	6.4325	6.1911
12_8	14	14	3775700	4265553	14	4191147	4681000	489854	47.761	44.386	5.8436	3.4908	4.6672
12_9	14	14	4265554	4755407	14	4681001	5170854	489854	50.363		3.9134		3.9134
12_10	14	14	4755408	5245261	14	5170855	5660708	489854	51.595	47.64	1.9618	3.3459	2.6538
12_11	14	14	5245262	5735115	14	5660709	6150562	489854	52.285	49.303	2.4313	2.2027	2.317
12_12	14	14	5735116	6224969	14	6150563	6640416	489854	53.977	49.798	3.1754	2.219	2.6972
12_13	14	14	6224970	6714823	14	6640417	7130270	489854	55.396	51.477	3.1315	2.462	2.7968
12_14	14	14	6714824	7204677	14	7130271	7620124	489854	57.045	52.21	2.7539	1.2871	2.0205
12_15	14	14	7204678	7694531	14	7620125	8109978	489854	58.094	52.738	2.5916	1.3228	1.9572
12_16	14	14	7694532	8184385	14	8109979	8599832	489854	59.584	53.506	2.5406	1.4178	1.9792
12_17	14	14	8184386	8674240	14	8599833	9089687	489855	60.583	54.127	2.1537	2.267	2.2104
12_18	14	14	8674241	9164095	14	9089688	9579542	489855	61.694	55.727	2.1802	2.3558	2.268
12_19	14	14	9164096	9653950	14	9579543	10069397	489855	62.719	56.435	1.8679	1.576	1.722
12_20	14	14	9653951	10143805	14	10069398	10559252	489855	63.524	57.271	2.022	2.0037	2.0128
12_21	14	14	10143806	10633660	14	10559253	11049107	489855	64.7	58.398	1.7536	2.9264	2.34
12_22	14	14	10633661	11123515	14	11049108	11538962	489855	65.242	60.138	1.3729	3.155	2.2639
12_23	14	14	11123516	11613370	14	11538963	12028817	489855	66.045	61.489	1.1197	2.4926	1.8061
12_24	14	14	11613371	12103225	14	12028818	12518672	489855	66.339	62.58	0.9482	1.8036	1.3759
12_25	14	14	12103226	12593080	14	12518673	13008527	489855	66.974		0.5257		0.5257
12_26	14	14	12593081	13082935	14	13008528	13498382	489855	66.854		0.3193		0.3193
40_5	14	14	14813956	15246461	14	13499383	13931888	432506	66.67	64.973	0.3476	1.0606	0.7041
40_4	14	14	14381451	14813955	14	13931889	14364393	432505	66.543	64.568	0.1353	2.4913	1.3133
40_3	14	14	13948946	14381450	14	14364394	14796898	432505	66.787	67.128	2.0451	4.993	3.5191
40_2	14	14	13516441	13948945	14	14796899	15229403	432505	68.312	68.887	2.4994	4.1762	3.3378
40_1	14	14	13083936	13516440	14	15229404	15661908	432505	68.949		1.6603		1.6603
88_2	14	Un	21013174	21267600	14	15662909	15917335	254427	69.602	72.179	1.8957	3.9771	2.9364
88_1	14	Un	20758748	21013173	14	15917336	16171761	254426		72.989		3.1836	3.1836
110_2	15	15	170771	341541	15	1	170771	170771	0.0	0.0	1.868	21.0283	11.4482
110_1	15	15	1	170770	15	170772	341541	170770	0.319	3.591	7.2484	16.7566	12.0025
159_1	15	Un	33535842	33619266	15	342542	425966	83425		5.008		8.193	8.193
159_2	15	Un	33619267	33702692	15	425967	509392	83426	2.771	5.324	12.0552	7.0035	9.5293
184_2	15	Un	37271758	37345605	15	510393	584240	73848	3.829	6.15	9.5384	7.5577	8.548
184_1	15	Un	37197910	37271757	15	584241	658088	73848	4.235	6.484	12.1524	9.5843	10.8683
72_2	15	15	706205	1069868	15	659089	1022752	363664	7.397	8.964	16.2782	10.327	13.3026
72_1	15	15	342542	706204	15	1022753	1386415	363663	13.732	12.509	16.8698	11.9691	14.4195
10_1	15	15	1070869	1563792	15	1387416	1880339	492924	20.774	18.455	13.7039	14.5812	14.1425
10_2	15	15	1563793	2056716	15	1880340	2373263	492924	26.37	25.956	12.1844	17.9429	15.0637
10_3	15	15	2056717	2549640	15	2373264	2866187	492924	32.786	36.144	11.8923	16.2642	14.0783
10_4	15	15	2549641	3042564	15	2866188	3359111	492924	38.094	41.99	8.9142	8.8716	8.8929
10_5	15	15	3042565	3535488	15	3359112	3852035	492924	41.574	44.89	6.2099	5.5472	5.8786
10_6	15	15	3535489	4028412	15	3852036	4344959	492924	44.216		4.2928		4.2928
10_7	15	15	4028413	4521336	15	4344960	4837883	492924	45.806	50.193	2.2184	3.4082	2.8133
10_8	15	15	4521337	5014260	15	4837884	5330807	492924	46.403		1.6625		1.6625
10_9	15	15	5014261	5507185	15	5330808	5823732	492925	47.445	51.61	2.2864	1.2794	1.7829
10_10	15	15	5507186	6000110	15	5823733	6316657	492925	48.657	52.085	1.977	0.9707	1.4739
10_11	15	15	6000111	6493035	15	6316658	6809582	492925	49.394	52.567	1.2771	1.2832	1.2801
10_12	15	15	6493036	6985960	15	6809583	7302507	492925	49.916	53.35	1.1574	1.3846	1.271
10_13	15	15	6985961	7478885	15	7302508	7795432	492925	50.535	53.932	1.2801	0.9048	1.0924
10_14	15	15	7478886	7971810	15	7795433	8288357	492925	51.178	54.242	0.9464	1.4657	1.2061
10_15	15	15	7971811	8464735	15	8288358	8781282	492925	51.468	55.377	1.2406	1.8968	1.5687
10_16	15	15	8464736	8957660	15	8781283	9274207	492925	52.401	56.112	2.0662	1.6209	1.8436
10_17	15	15	8957661	9450585	15	9274208	9767132	492925	53.505	56.975	2.0378	2.1261	2.0819
10_18	15	15	9450586	9943510	15	9767133	10260057	492925	54.41	58.208	2.6221	3.2135	2.9178
10_19	15	15	9943511	10436435	15	10260058	10752982	492925	56.09	60.143	3.4813	3.322	3.4017
10_20	15	15	10436436	10929360	15	10752983	11245907	492925	57.842	61.483	4.0331	3.2338	3.6334
10_21	15	15	10929361	11422285	15	11245908	11738832	492925	60.066	63.331	3.2946	2.7479	3.0213
10_22	15	15	11422286	11915210	15	11738833	12231757	492925	61.09	64.192	1.7619	3.4529	2.6074
10_23	15	15	11915211	12408135	15	12231758	12724682	492925	61.803	66.735	4.2917	4.5159	4.4038
10_24	15	15	12408136	12901060	15	12724683	13217607	492925	65.321	68.644	2.7438	2.3066	2.5252
10_25	15	15	12901061	13393985	15	13217608	13710532	492925	64.508	69.009	0.6117	2.4973	1.5545
10_26	15	15	13393986	13886910	15	13710533	14203457	492925	64.718	71.106	0.2972	0.742	0.5196
10_27	15	15	13886911	14379835	15	14203458	14696382	492925	64.801		0.1531		0.1531
128_2	15	Un	28417991	28543617	15	14697383	14823009	125627	64.595		1.0002		1.0002
128_1	15	Un	28292364	28417990	15	14823010	14948636	125627	65.237		0.8639		0.8639
45_4	15	15	15737613	16189872	15	14949637	15401896	452260	64.954	70.279	0.2075	1.4901	0.8488
45_3	15	15	15285354	15737612	15	15401897	15854155	452259	65.083	73.596	2.095	7.991	5.043
45_2	15	15	14833095	15285353	15	15854156	16306414	452259	66.849	77.507	2.597	7.4858	5.0414
45_1	15	15	14380836	14833094	15	16306415	16758673	452259	67.432	80.367	1.0948	5.1033	3.0991
84_1	15	Un	20194315	20476030	15	16759674	17041389	281716	67.747	81.693	1.4991	3.5709	2.535
84_2	15	Un	20476031	20757747	15	17041390	17323106	281717	68.406	82.687	2.3392	3.5284	2.9338
26_1	16	16	1	480127	16	1	480127	480127	0.0	0.0	1.2393	2.7389	1.9891
26_2	16	16	480128	960254	16	480128	960254	480127	0.595	1.315	1.3548	2.039	1.6969
26_3	16	16	960255	1440381	16	960255	1440381	480127	1.301	1.958	3.4189	3.2877	3.3533
26_4	16	16	1440382	1920508	16	1440382	1920508	480127	3.878	4.472	4.4853	4.126	4.3056
26_5	16	16	1920509	2400635	16	1920509	2400635	480127	5.608	5.92	6.5535	5.2663	5.9099
26_6	16	16	2400636	2880762	16	2400636	2880762	480127	10.171	9.529	9.7735	10.6545	10.214
26_7	16	16	2880763	3360890	16	2880763	3360890	480128	14.993	16.151	6.667	11.5188	9.0929
26_8	16	16	3360891	3841018	16	3360891	3841018	480128	16.573	20.59	3.4678	6.4337	4.9508
26_9	16	16	3841019	4321146	16	3841019	4321146	480128	18.323	22.329	3.5043	3.9573	3.7308
26_10	16	16	4321147	4801274	16	4321147	4801274	480128	19.938	24.39	2.5556	3.019	2.7873
26_11	16	16	4801275	5281402	16	4801275	5281402	480128	20.777	25.228	1.976	2.5738	2.2749
14_1	16	16	5282403	5777235	16	5282403	5777235	494833	21.852	26.883	1.557	3.5797	2.5683
14_2	16	16	5777236	6272068	16	5777236	6272068	494833	22.308	28.748	1.161	2.6453	1.9032
14_3	16	16	6272069	6766901	16	6272069	6766901	494833	23.001	29.501	2.2149	2.0431	2.129
14_4	16	16	6766902	7261735	16	6766902	7261735	494834	24.5	30.77	1.8238	2.1462	1.985
14_5	16	16	7261736	7756569	16	7261736	7756569	494834	24.806	31.625	1.2661	1.448	1.3571
14_6	16	16	7756570	8251403	16	7756570	8251403	494834	25.753	32.203	1.2833	1.2479	1.2656
14_7	16	16	8251404	8746237	16	8251404	8746237	494834	26.076	32.86	1.06	1.3621	1.2111
14_8	16	16	8746238	9241071	16	8746238	9241071	494834	26.802	33.551	1.547	1.4884	1.5177
14_9	16	16	9241072	9735905	16	9241072	9735905	494834	27.607	34.333	1.2822	1.1943	1.2382
14_10	16	16	9735906	10230739	16	9735906	10230739	494834	28.071	34.733	0.8366	0.679	0.7578
14_11	16	16	10230740	10725573	16	10230740	10725573	494834	28.435	35.005	1.2125	0.2779	0.7452
14_12	16	16	10725574	11220407	16	10725574	11220407	494834	29.271	35.008	1.5864	0.4547	1.0206
14_13	16	16	11220408	11715241	16	11220408	11715241	494834	30.005	35.455	1.5106	0.8336	1.1721
14_14	16	16	11715242	12210075	16	11715242	12210075	494834	30.766	35.833	0.5951	1.0337	0.8144
14_15	16	16	12210076	12704909	16	12210076	12704909	494834	30.594	36.478	0.1536	0.967	0.5603
14_16	16	16	12704910	13199743	16	12704910	13199743	494834	30.614	36.79	1.7723	1.3045	1.5384
14_17	16	16	13199744	13694577	16	13199744	13694577	494834		37.769		2.5665	2.5665
14_18	16	16	13694578	14189411	16	13694578	14189411	494834	33.225	39.33	2.9249	2.9495	2.9372
14_19	16	16	14189412	14684245	16	14189412	14684245	494834	34.956	40.688	3.3028	3.389	3.3459
14_20	16	16	14684246	15179079	16	14684246	15179079	494834		42.684		6.1394	6.1394
14_21	16	16	15179080	15673913	16	15179080	15673913	494834	38.128	46.764	8.5334	8.707	8.6202
14_22	16	16	15673914	16168747	16	15673914	16168747	494834		51.301		12.1297	12.1297
44_4	16	16	17629278	18115788	16	16169748	16656258	486511		58.73		21.588	21.588
44_3	16	16	17142768	17629277	16	16656259	17142768	486510	55.971	72.418	10.8552	20.0756	15.4654
44_2	16	16	16656258	17142767	16	17142769	17629278	486510	59.399	78.264	3.5354	6.003	4.7692
44_1	16	16	16169748	16656257	16	17629279	18115788	486510	59.411	78.259	3.7195	7.013	5.3662
115_2	16	Un	26533530	26705539	16	18116789	18288798	172010	62.437	83.992	13.7595	13.9467	13.8531
115_1	16	Un	26361521	26533529	16	18288799	18460807	172009	66.322	85.264	16.2421	13.0463	14.6442
181_1	16	Un	36925937	36993667	16	18461808	18529538	67731	67.194	87.813	7.9904	10.1251	9.0578
181_2	16	Un	36993668	37061398	16	18529539	18597269	67731	67.829		4.2289		4.2289
69_2	16	Un	17913694	18320481	16	18598270	19005057	406788	68.488	89.586	1.4743	2.2546	1.8644
69_1	16	Un	17506906	17913693	16	19005058	19411845	406788	68.78	89.42	3.292	4.884	4.088
202_2	16	Un	39107414	39162288	16	19412846	19467720	54875		86.467		7.063	7.063
202_1	16	Un	39052540	39107413	16	19467721	19522594	54874	70.771	87.395	6.9444	16.9115	11.9279
89_1	17	Un	21268601	21540467	17	1	271867	271867	0.0		1.2653		1.2653
89_2	17	Un	21540468	21812334	17	271868	543734	271867	0.344	0.0	1.2304	7.3704	4.3004
109_2	17	17	204807	409613	17	544735	749541	204807	0.629	1.764	3.7285	6.6713	5.1999
109_1	17	17	1	204806	17	749542	954347	204806	2.0	2.963	6.4001	6.795	6.5976
136_2	17	17	526062	641510	17	955348	1070796	115449	2.971		5.5536		5.5536
136_1	17	17	410614	526061	17	1070797	1186244	115448	3.536	5.035	4.582	6.3344	5.4582
191_2	17	17	704194	765877	17	1248928	1310611	61684	4.193	5.673	6.586	15.6364	11.1112
174_1	17	17	766878	851045	17	1311612	1395779	84168	5.019		8.8745		8.8745
174_2	17	17	851046	935213	17	1395780	1479947	84168	5.596	9.872	7.9694	13.4941	10.7317
25_2	17	17	1395542	1854869	17	1940276	2399603	459328	11.524	17.685	8.1752	11.1264	9.6508
25_3	17	17	1854870	2314197	17	2399604	2858931	459328	15.336	23.128	12.6261	19.3881	16.0071
25_4	17	17	2314198	2773525	17	2858932	3318259	459328	23.123	35.496	11.8728	17.8946	14.8837
25_5	17	17	2773526	3232854	17	3318260	3777588	459329	26.243	39.567	5.692	8.6049	7.1485
25_6	17	17	3232855	3692183	17	3777589	4236917	459329	28.352	43.401	3.6662	7.8408	5.7535
25_7	17	17	3692184	4151512	17	4236918	4696246	459329	29.611	46.77	3.1611	5.6267	4.3939
25_8	17	17	4151513	4610841	17	4696247	5155575	459329	31.256	48.57	3.3854	3.2079	3.2967
25_9	17	17	4610842	5070170	17	5155576	5614904	459329	32.721	49.717	2.5635	3.0577	2.8106
25_10	17	17	5070171	5529499	17	5614905	6074233	459329	33.611	51.379	0.5421	2.3088	1.4255
25_11	17	17	5529500	5988828	17	6074234	6533562	459329	33.219	51.838	0.147	1.5348	0.8409
25_12	17	17	5988829	6448157	17	6533563	6992891	459329	33.476	52.789	0.1952	0.9338	0.5645
27_11	17	Un	4641147	5105261	17	6993892	7458006	464115	33.399	52.699	0.2028	0.3355	0.2692
27_10	17	Un	4177032	4641146	17	7458007	7922121	464115	33.664	53.1	0.1864	0.1444	0.1654
27_9	17	Un	3712917	4177031	17	7922122	8386236	464115	33.572	52.833	0.3016	0.0485	0.175
27_8	17	Un	3248802	3712916	17	8386237	8850351	464115	33.944	53.145	0.4115	0.9728	0.6922
27_7	17	Un	2784687	3248801	17	8850352	9314466	464115	33.954	53.736	0.3566	0.6011	0.4788
27_6	17	Un	2320572	2784686	17	9314467	9778581	464115	34.275	53.703	0.4083	0.2876	0.3479
27_5	17	Un	1856457	2320571	17	9778582	10242696	464115	34.333	53.469	0.0248	0.0539	0.0394
27_4	17	Un	1392343	1856456	17	10242697	10706810	464114	34.252	53.753	0.07	0.2424	0.1562
27_3	17	Un	928229	1392342	17	10706811	11170924	464114	34.268	53.694	0.0593	0.1961	0.1277
27_2	17	Un	464115	928228	17	11170925	11635038	464114	34.197	53.571	0.0162	0.0378	0.027
27_1	17	Un	1	464114	17	11635039	12099152	464114	34.283		0.0758		0.0758
18_1	17	17	6449158	6928803	17	12100153	12579798	479646	34.268	53.641	0.0168	0.2725	0.1447
18_2	17	17	6928804	7408449	17	12579799	13059444	479646	34.299	53.957	0.0177	0.1783	0.098
18_3	17	17	7408450	7888095	17	13059445	13539090	479646	34.251	53.812	0.0521	0.441	0.2465
18_4	17	17	7888096	8367741	17	13539091	14018736	479646	34.249	54.38	0.0125	0.4628	0.2377
18_5	17	17	8367742	8847387	17	14018737	14498382	479646	34.263	54.256	0.6838	0.5181	0.6009
18_6	17	17	8847388	9327033	17	14498383	14978028	479646	34.905	54.877	1.8983	1.8837	1.891
18_7	17	17	9327034	9806679	17	14978029	15457674	479646	36.084	56.063	1.9754	2.4727	2.2241
18_8	17	17	9806680	10286325	17	15457675	15937320	479646	36.8	57.249	2.2829	3.4588	2.8708
18_9	17	17	10286326	10765971	17	15937321	16416966	479646	38.274	59.381	5.7866	5.6083	5.6974
18_10	17	17	10765972	11245617	17	16416967	16896612	479646	42.351	62.629	8.3457	8.8169	8.5813
18_11	17	17	11245618	11725263	17	16896613	17376258	479646	46.28	67.839	12.6124	10.4806	11.5465
18_12	17	17	11725264	12204909	17	17376259	17855904	479646	54.45	72.683	13.7622	19.8323	16.7972
18_13	17	17	12204910	12684555	17	17855905	18335550	479646	59.482	86.864	10.6537	23.7363	17.195
18_14	17	17	12684556	13164201	17	18335551	18815196	479646	64.67	95.453	7.026	12.3289	9.6775
18_15	17	17	13164202	13643847	17	18815197	19294842	479646	66.222	98.691	2.7531	5.9012	4.3271
18_16	17	17	13643848	14123494	17	19294843	19774489	479647	67.311	101.114	3.0491	3.2826	3.1658
18_17	17	17	14123495	14603141	17	19774490	20254136	479647	69.147	101.84	3.8278	1.5136	2.6707
29_1	18	18	1	482259	18	1	482259	482259	0.0	0.0	1.1073	0.309	0.7081
29_2	18	18	482260	964518	18	482260	964518	482259	0.534	0.149	2.2135	2.6832	2.4483
29_3	18	18	964519	1446777	18	964519	1446777	482259	2.135	2.588	4.5795	6.2684	5.4239
29_4	18	18	1446778	1929036	18	1446778	1929036	482259	4.951	6.195	7.7956	12.317	10.0563
29_5	18	18	1929037	2411295	18	1929037	2411295	482259	9.654	14.468	8.71	13.726	11.218
29_6	18	18	2411296	2893554	18	2411296	2893554	482259	13.352	19.434	5.7956	10.5431	8.1694
29_7	18	18	2893555	3375814	18	2893555	3375814	482260	15.244	24.637	3.4701	8.342	5.9061
29_8	18	18	3375815	3858074	18	3375815	3858074	482260	16.699	27.48	1.9108	3.9595	2.9352
29_9	18	18	3858075	4340334	18	3858075	4340334	482260	17.087	28.456	0.3608	0.959	0.6599
29_10	18	18	4340335	4822594	18	4340335	4822594	482260	17.047	28.405	0.0103	0.2131	0.1117
21_1	18	18	4823595	5317222	18	4823595	5317222	493628	17.077	28.249	0.0692	0.0427	0.0559
21_2	18	18	5317223	5810850	18	5317223	5810850	493628	17.115	28.363	0.3586	0.2583	0.3085
21_3	18	18	5810851	6304478	18	5810851	6304478	493628	17.431	28.504	0.395	0.5004	0.4477
21_4	18	18	6304479	6798106	18	6304479	6798106	493628	17.505	28.857	0.7121	0.9927	0.8524
21_5	18	18	6798107	7291734	18	6798107	7291734	493628	18.134	29.484	1.6612	1.6541	1.6576
21_6	18	18	7291735	7785362	18	7291735	7785362	493628	19.145	30.49	2.7156	2.0582	2.3869
21_7	18	18	7785363	8278990	18	7785363	8278990	493628	20.815	31.516	2.6011	1.3715	1.9863
21_8	18	18	8278991	8772618	18	8278991	8772618	493628	21.713	31.844	1.9387	0.9299	1.4343
21_9	18	18	8772619	9266246	18	8772619	9266246	493628	22.729	32.434	1.963	1.7037	1.8334
21_10	18	18	9266247	9759875	18	9266247	9759875	493629	23.651	33.526	2.6538	3.1035	2.8786
21_11	18	18	9759876	10253504	18	9759876	10253504	493629	25.349	35.498	2.4644	3.3861	2.9253
21_12	18	18	10253505	10747133	18	10253505	10747133	493629	26.084	36.869	2.0734	3.2555	2.6644
21_13	18	18	10747134	11240762	18	10747134	11240762	493629	27.396	38.712	2.4826	3.5168	2.9997
21_14	18	18	11240763	11734391	18	11240763	11734391	493629	28.535	40.341	2.2203	4.3444	3.2824
21_15	18	18	11734392	12228020	18	11734392	12228020	493629	29.588	43.001	2.3204	4.2128	3.2666
32_1	18	18	12229021	12699229	18	12229021	12699229	470209	30.801	44.455	2.2127	3.3102	2.7614
32_2	18	18	12699230	13169438	18	12699230	13169438	470209	31.697	46.156	3.8217	3.8589	3.8403
32_3	18	18	13169439	13639647	18	13169439	13639647	470209	34.395	48.084	7.6349	8.8418	8.2384
32_4	18	18	13639648	14109856	18	13639648	14109856	470209	38.877	54.471	11.8947	14.2192	13.057
32_5	18	18	14109857	14580065	18	14109857	14580065	470209	45.581	61.456	13.2324	14.8423	14.0373
32_6	18	18	14580066	15050274	18	14580066	15050274	470209	51.321	68.429	13.9427	16.0694	15.0061
32_7	18	18	15050275	15520483	18	15050275	15520483	470209	58.693	76.568	13.46	13.695	13.5775
32_8	18	18	15520484	15990693	18	15520484	15990693	470210	63.979	81.308	11.2418	10.0806	10.6612
85_1	19	19	1	264824	19	1	264824	264824	0.0	0.0	5.4262	3.0171	4.2217
85_2	19	19	264825	529649	19	264825	529649	264825	1.437	0.799	6.6398	7.5539	7.0968
163_2	19	Un	34278981	34359936	19	530650	611605	80956	2.913	3.314	16.6827	17.4576	17.0701
163_1	19	Un	34198026	34278980	19	611606	692560	80955		5.248		23.539	23.539
34_1	19	19	530650	1001021	19	693561	1163932	470372	10.304	11.732	20.7623	18.5882	19.6752
34_2	19	19	1001022	1471393	19	1163933	1634304	470372	20.104	19.134	23.0722	21.1163	22.0942
34_3	19	19	1471394	1941765	19	1634305	2104676	470372	32.009	31.597	19.8566	28.2904	24.0735
34_4	19	19	1941766	2412137	19	2104677	2575048	470372	38.784	45.748	9.2363	23.1498	16.193
34_5	19	19	2412138	2882509	19	2575049	3045420	470372	40.698	53.375	2.9413	10.2089	6.5751
34_6	19	19	2882510	3352881	19	3045421	3515792	470372	41.551	55.352	0.9492	1.4754	1.2123
34_7	19	19	3352882	3823253	19	3515793	3986164	470372	41.591	54.763	0.0584	8.5977	4.3281
224_2	19	Un	41166771	41270847	19	4091241	4195317	104077		47.935		0.585	0.585
3_33	19	19	19743194	20240660	19	4196318	4693784	497467	41.483	55.169	0.3609	9.409	4.8849
3_32	19	19	19245727	19743193	19	4693785	5191251	497467	42.021	55.455	5.4526	0.0593	2.756
3_31	19	19	18748260	19245726	19	5191252	5688718	497467	46.908	55.228	5.0496	0.588	2.8188
3_30	19	19	18250793	18748259	19	5688719	6186185	497467	47.045	56.04	0.4824	1.6303	1.0564
3_29	19	19	17753326	18250792	19	6186186	6683652	497467	46.428	56.85	0.6423	1.2604	0.9513
3_28	19	19	17255859	17753325	19	6683653	7181119	497467	46.406	57.294	0.3136	1.5981	0.9559
3_27	19	19	16758392	17255858	19	7181120	7678586	497467	46.74	58.44	2.5228	1.3498	1.9363
3_26	19	19	16260925	16758391	19	7678587	8176053	497467	43.896	58.637	2.97	1.2714	2.1207
3_25	19	19	15763458	16260924	19	8176054	8673520	497467	43.785	59.705	2.5007	1.0654	1.7831
3_24	19	19	15265991	15763457	19	8673521	9170987	497467	46.384	59.697	2.372	0.0372	1.2046
3_23	19	19	14768524	15265990	19	9170988	9668454	497467	46.145	59.668	0.3096	0.0704	0.19
3_22	19	19	14271057	14768523	19	9668455	10165921	497467	46.076	59.767	0.1126	0.2483	0.1804
3_21	19	19	13773590	14271056	19	10165922	10663388	497467	46.033	59.915	0.0633	0.3709	0.2171
3_20	19	19	13276123	13773589	19	10663389	11160855	497467	46.139	60.136	0.0714	0.1839	0.1277
3_19	19	19	12778656	13276122	19	11160856	11658322	497467	45.962	60.098	0.2965	0.392	0.3443
3_18	19	19	12281189	12778655	19	11658323	12155789	497467	45.844	60.526	0.4543	1.0956	0.7749
3_17	19	19	11783722	12281188	19	12155790	12653256	497467	45.51	61.188	0.4332	0.8694	0.6513
3_16	19	19	11286255	11783721	19	12653257	13150723	497467	45.413	61.391	0.404	0.3478	0.3759
3_15	19	19	10788788	11286254	19	13150724	13648190	497467	45.108	61.534	0.2161	0.3458	0.2809
3_14	19	19	10291321	10788787	19	13648191	14145657	497467	45.198	61.735	0.0513	0.0503	0.0508
3_13	19	19	9793854	10291320	19	14145658	14643124	497467	45.159	61.484	0.0694	0.0332	0.0513
3_12	19	19	9296387	9793853	19	14643125	15140591	497467	45.267	61.702	3.1158	0.1045	1.6101
3_11	19	19	8798920	9296386	19	15140592	15638058	497467	48.259	61.588	0.1397	0.3005	0.2201
3_10	19	19	8301453	8798919	19	15638059	16135525	497467	45.406	62.001	1.5026	0.4764	0.9895
3_9	19	19	7803986	8301452	19	16135526	16632992	497467	49.754	62.062	5.7124	1.8273	3.7698
3_8	19	19	7306519	7803985	19	16632993	17130459	497467		63.819		3.3057	3.3057
3_7	19	19	6809052	7306518	19	17130460	17627926	497467		65.351		4.8013	4.8013
3_6	19	19	6311585	6809051	19	17627927	18125393	497467	56.773	68.596	5.3843	6.6999	6.0421
3_5	19	19	5814118	6311584	19	18125394	18622860	497467	60.468	72.017	8.5272	8.9936	8.7604
3_4	19	19	5316652	5814117	19	18622861	19120326	497466	65.257	77.544	11.3244	13.6029	12.4637
3_3	19	19	4819186	5316651	19	19120327	19617792	497466	71.735	85.551	8.4086	10.9133	9.6609
3_2	19	19	4321720	4819185	19	19617793	20115258	497466	73.623	88.402	2.5429	3.9741	3.2585
3_1	19	19	3824254	4321719	19	20115259	20612724	497466	74.265	89.505	1.2905	2.2172	1.7538
157_1	20	Un	33363666	33449253	20	1	85588	85588	9.21	1.114	5.8887	51.1053	28.497
157_2	20	Un	33449254	33534841	20	85589	171176	85588	9.714	5.488	48.0143	5.8076	26.9109
137_1	20	Un	30344149	30469020	20	172177	297048	124872	0.0	0.0	2.8862	6.5945	4.7404
137_2	20	Un	30469021	30593893	20	297049	421921	124873	10.381	7.012	30.4063	17.8859	24.1461
104_1	20	20	1	207866	20	422922	630787	207866	8.886	5.227	2.5824	2.6836	2.633
104_2	20	20	207867	415733	20	630788	838654	207867	9.412	6.005	1.5085	1.3543	1.4314
170_1	20	20	416734	504417	20	839655	927338	87684	8.348	5.71	6.9906	0.8754	3.933
170_2	20	20	504418	592102	20	927339	1015023	87685	7.759	5.798	13.0555	16.9746	15.015
122_1	20	Un	27694699	27847092	20	1016024	1168417	152394	11.073	9.253	18.6078	27.2974	22.9526
122_2	20	Un	27847093	27999486	20	1168418	1320811	152394	12.847	13.262	14.2783	28.8462	21.5622
143_1	20	20	593103	713121	20	1321812	1441830	120019	15.208		18.3885		18.3885
143_2	20	20	713122	833141	20	1441831	1561850	120020	17.577	21.069	15.0651	28.6036	21.8344
2_35	20	20	17461788	17950836	20	1562851	2051899	489049	21.619	29.359	12.7828	20.7744	16.7786
2_34	20	20	16972739	17461787	20	2051900	2540948	489049	27.734	37.576	16.5433	18.1516	17.3474
2_33	20	20	16483690	16972738	20	2540949	3029997	489049	37.8	47.113	11.3479	14.4965	12.9222
2_32	20	20	15994641	16483689	20	3029998	3519046	489049		51.755		9.5226	9.5226
2_31	20	20	15505592	15994640	20	3519047	4008095	489049	44.383	56.427	6.3606	7.3029	6.8317
2_30	20	20	15016543	15505591	20	4008096	4497144	489049	47.132	58.898	5.0056	3.9648	4.4852
2_29	20	20	14527494	15016542	20	4497145	4986193	489049	49.279	60.305	4.4341	2.3587	3.3964
2_28	20	20	14038445	14527493	20	4986194	5475242	489049	51.469	61.205	2.2758	1.5315	1.9036
2_27	20	20	13549396	14038444	20	5475243	5964291	489049	51.505	61.803	0.0266	0.9314	0.479
2_26	20	20	13060347	13549395	20	5964292	6453340	489049	51.495	62.116	0.1125	0.959	0.5357
2_25	20	20	12571298	13060346	20	6453341	6942389	489049	51.615	62.741	0.4734	0.7903	0.6319
2_24	20	20	12082249	12571297	20	6942390	7431438	489049	51.958	62.889	1.0735	0.637	0.8552
2_23	20	20	11593200	12082248	20	7431439	7920487	489049	52.665	63.364	1.2453	0.4764	0.8609
2_22	20	20	11104151	11593199	20	7920488	8409536	489049	53.176	63.355	0.5419	0.4713	0.5066
2_21	20	20	10615102	11104150	20	8409537	8898585	489049	53.195	63.825	0.1574	0.9191	0.5383
2_20	20	20	10126054	10615101	20	8898586	9387633	489048	53.33	64.254	0.1769	0.6145	0.3957
2_19	20	20	9637006	10126053	20	9387634	9876681	489048	53.368	64.426	0.364	0.5736	0.4688
2_18	20	20	9147958	9637005	20	9876682	10365729	489048	53.686	64.815	0.6441	0.3118	0.4779
2_17	20	20	8658910	9147957	20	10365730	10854777	489048	53.998	64.731	0.5245	0.091	0.3077
2_16	20	20	8169862	8658909	20	10854778	11343825	489048	54.199	64.904	0.3701	0.4897	0.4299
2_15	20	20	7680814	8169861	20	11343826	11832873	489048	54.36	65.21	0.2965	0.8588	0.5776
2_14	20	20	7191766	7680813	20	11832874	12321921	489048	54.489	65.744	0.3016	0.9345	0.618
2_13	20	20	6702718	7191765	20	12321922	12810969	489048	54.655	66.124	1.189	1.1829	1.186
2_12	20	20	6213670	6702717	20	12810970	13300017	489048	55.652	66.901	1.3741	0.9815	1.1778
2_11	20	20	5724622	6213669	20	13300018	13789065	489048	55.999	67.084	0.8067	1.0612	0.9339
2_10	20	20	5235574	5724621	20	13789066	14278113	489048	56.441	67.939	0.685	1.2166	0.9508
2_9	20	20	4746526	5235573	20	14278114	14767161	489048	56.669	68.274	4.11	2.5253	3.3177
2_8	20	20	4257478	4746525	20	14767162	15256209	489048	60.461	70.409	5.9902	5.8941	5.9421
2_7	20	20	3768430	4257477	20	15256210	15745257	489048	62.528	74.039	4.885	8.3744	6.6297
2_6	20	20	3279382	3768429	20	15745258	16234305	489048	65.239	78.6	6.7345	7.2846	7.0095
2_5	20	20	2790334	3279381	20	16234306	16723353	489048	69.115	81.164	5.8287	7.3163	6.5725
2_4	20	20	2301286	2790333	20	16723354	17212401	489048	70.94	85.756	3.2297	7.3817	5.3057
2_3	20	20	1812238	2301285	20	17212402	17701449	489048	72.274	88.384	2.4374	4.9872	3.7123
2_2	20	20	1323190	1812237	20	17701450	18190497	489048	73.324	90.634	2.3454	3.2573	2.8014
2_1	20	20	834142	1323189	20	18190498	18679545	489048	74.568	91.57	1.6456	1.5369	1.5913
46_1	20	20	17951837	18396894	20	18680546	19125603	445058	74.899	92.105	0.0635	1.6504	0.857
46_2	20	20	18396895	18841953	20	19125604	19570662	445059	74.626	93.077	2.339	2.3626	2.3508
46_3	20	20	18841954	19287012	20	19570663	20015721	445059	76.981	94.208	2.0919	1.6908	1.8914
46_4	20	20	19287013	19732071	20	20015722	20460780	445059	76.488	94.582	1.1077	0.8403	0.974
94_2	21	Un	22582102	22840795	21	258694	517387	258694	0.0		21.9766		21.9766
95_1	21	Un	22841796	23092009	21	518388	768601	250214	5.614	0.0	14.114	4.3939	9.2539
95_2	21	Un	23092010	23342223	21	768602	1018815	250214	7.137		3.6243		3.6243
134_1	21	Un	29838944	29967512	21	1019816	1148384	128569		1.936		2.5129	2.5129
147_2	21	Un	31669287	31777177	21	1385845	1493735	107891	8.5		2.1594		2.1594
144_2	21	21	148536	297070	21	1643271	1791805	148535	8.916	2.699	5.691	8.8121	7.2515
37_1	21	Un	5106262	5547663	21	1792806	2234207	441402	11.765	10.126	4.139	10.2079	7.1735
37_2	21	Un	5547664	5989065	21	2234208	2675609	441402	11.968	10.226	0.0238	1.2007	0.6123
37_3	21	Un	5989066	6430467	21	2675610	3117011	441402	11.786	11.186	0.1031	1.4091	0.7561
37_4	21	Un	6430468	6871869	21	3117012	3558413	441402	11.877	11.47	0.0238	1.4896	0.7567
37_5	21	Un	6871870	7313271	21	3558414	3999815	441402	11.807	12.501	0.1812	1.3129	0.747
37_6	21	Un	7313272	7754674	21	3999816	4441218	441403	11.717	12.629	0.0928	0.2963	0.1946
16_1	21	21	298071	782104	21	4442219	4926252	484034	11.723		0.0812		0.0812
16_2	21	21	782105	1266138	21	4926253	5410286	484034	11.64		0.0351		0.0351
16_3	21	21	1266139	1750172	21	5410287	5894320	484034	11.689	13.056	0.0878	0.1749	0.1313
16_4	21	21	1750173	2234207	21	5894321	6378355	484035	11.555	12.964	0.063	0.3182	0.1906
16_5	21	21	2234208	2718242	21	6378356	6862390	484035	11.628	13.364	0.9565	1.5515	1.254
16_6	21	21	2718243	3202277	21	6862391	7346425	484035	12.481	14.466	0.0744	1.1983	0.6363
16_7	21	21	3202278	3686312	21	7346426	7830460	484035		14.524		0.2872	0.2872
16_8	21	21	3686313	4170347	21	7830461	8314495	484035	11.52	14.744	0.3037	1.1714	0.7376
16_9	21	21	4170348	4654382	21	8314496	8798530	484035	12.922	15.658	2.1796	1.377	1.7783
16_10	21	21	4654383	5138417	21	8798531	9282565	484035	13.63	16.077	1.2892	1.816	1.5526
16_11	21	21	5138418	5622452	21	9282566	9766600	484035	14.17	17.416	0.9772	1.8418	1.4095
16_12	21	21	5622453	6106487	21	9766601	10250635	484035	14.576	17.86	3.2353	0.4586	1.847
16_13	21	21	6106488	6590522	21	10250636	10734670	484035	11.038	17.86	0.0	0.0134	0.0067
16_14	21	21	6590523	7074557	21	10734671	11218705	484035	14.576	17.873	3.6547	0.0547	1.8547
16_15	21	21	7074558	7558592	21	11218706	11702740	484035	14.576	17.913	3.789	0.1901	1.9896
16_16	21	21	7558593	8042627	21	11702741	12186775	484035	10.908	18.057	3.1699	1.0629	2.1164
16_17	21	21	8042628	8526662	21	12186776	12670810	484035		18.942		4.572	4.572
16_18	21	21	8526663	9010697	21	12670811	13154845	484035	19.179	22.483	8.4939	9.5158	9.0049
16_19	21	21	9010698	9494732	21	13154846	13638880	484035	23.242	28.154	8.2992	9.4455	8.8724
43_1	21	21	9495733	9971441	21	13639881	14115589	475709	27.187	31.597	6.6769	8.6861	7.6815
43_2	21	21	9971442	10447150	21	14115590	14591298	475709	29.629	36.463	8.8447	10.127	9.4858
43_3	21	21	10447151	10922859	21	14591299	15067007	475709	35.602	41.232	13.2013	11.239	12.2202
43_4	21	21	10922860	11398568	21	15067008	15542716	475709	42.189	47.156	12.6942	17.8674	15.2808
67_1	21	Un	15742364	16189048	21	15543717	15990401	446685	47.508		12.9269		12.9269
67_2	21	Un	16189049	16635733	21	15990402	16437086	446685	53.938	65.971	16.5605	19.9423	18.2514
127_1	21	21	11399569	11532951	21	16438087	16571469	133383	59.725		19.462		19.462
127_2	21	21	11532952	11666335	21	16571470	16704853	133384	62.198	73.745	13.0719	14.4861	13.779
126_1	21	Un	28000487	28145924	21	16705854	16851291	145438	63.304		6.3425		6.3425
126_2	21	Un	28145925	28291363	21	16851292	16996730	145439	64.011	76.26	14.7359	8.713	11.7245
146_2	21	Un	31448130	31560395	21	16997731	17109996	112266		77.367		5.7286	5.7286
146_1	21	Un	31335865	31448129	21	17109997	17222261	112265	69.015	77.647	11.1512	4.2064	7.6788
182_2	21	Un	37129654	37196909	21	17223262	17290517	67256	67.723	78.221	14.2353	9.0181	11.6267
182_1	21	Un	37062399	37129653	21	17290518	17357772	67255		79.072		12.6531	12.6531
