marker	chr	scaffold	cM_FTC	cM_BEPA	old_chr	old_start	old_end	old_mid	new_chr	new_start	new_end	new_mid	bin_length
83_2	1	83	0.0	0.0	1	270042	540082	405062	1	1	270041	135021	270041
83_1	1	83	0.701	0.127	1	1	270041	135021	1	270042	540082	405062	270041
186_2	1	186		0.317	Un	37568202	37637380	37602791	1	610262	679440	644851	69179
92_1	1	92	1.417	0.534	1	541083	794592	667837	1	680441	933950	807195	253510
92_2	1	92	2.937	0.861	1	794593	1048102	921347	1	933951	1187460	1060705	253510
97_1	1	97	5.221	3.649	1	1049103	1296725	1172914	1	1188461	1436083	1312272	247623
97_2	1	97	6.603	5.317	1	1296726	1544349	1420537	1	1436084	1683707	1559895	247624
175_1	1	175	9.399	8.626	Un	36027951	36113661	36070806	1	1684708	1770418	1727563	85711
175_2	1	175	10.474	9.392	Un	36113662	36199373	36156517	1	1770419	1856130	1813274	85712
165_1	1	165	11.142	12.132	Un	34620012	34704198	34662105	1	1857131	1941317	1899224	84187
165_2	1	165	12.495	16.492	Un	34704199	34788385	34746292	1	1941318	2025504	1983411	84187
30_1	1	30	18.818	20.946	1	1545350	2033021	1789185	1	2026505	2514176	2270340	487672
30_2	1	30	25.045	28.649	1	2033022	2520693	2276857	1	2514177	3001848	2758012	487672
30_3	1	30	32.717	35.712	1	2520694	3008365	2764529	1	3001849	3489520	3245684	487672
30_4	1	30	36.42	40.21	1	3008366	3496037	3252201	1	3489521	3977192	3733356	487672
30_5	1	30	39.26	44.06	1	3496038	3983709	3739873	1	3977193	4464864	4221028	487672
30_6	1	30	42.59	47.952	1	3983710	4471381	4227545	1	4464865	4952536	4708700	487672
30_7	1	30	44.192	49.246	1	4471382	4959053	4715217	1	4952537	5440208	5196372	487672
30_8	1	30	44.979	50.816	1	4959054	5446725	5202889	1	5440209	5927880	5684044	487672
30_9	1	30	46.4	52.323	1	5446726	5934397	5690561	1	5927881	6415552	6171716	487672
7_1	1	7	47.654	53.006	1	5935398	6434893	6185145	1	6416553	6916048	6666300	499496
7_2	1	7	48.418	53.275	1	6434894	6934389	6684641	1	6916049	7415544	7165796	499496
7_3	1	7	48.965	54.189	1	6934390	7433885	7184137	1	7415545	7915040	7665292	499496
7_4	1	7	49.428	54.823	1	7433886	7933381	7683633	1	7915041	8414536	8164788	499496
7_5	1	7		55.533	1	7933382	8432877	8183129	1	8414537	8914032	8664284	499496
7_6	1	7	49.531	54.929	1	8432878	8932373	8682625	1	8914033	9413528	9163780	499496
7_7	1	7	49.711	55.096	1	8932374	9431869	9182121	1	9413529	9913024	9663276	499496
7_8	1	7	49.924	54.988	1	9431870	9931365	9681617	1	9913025	10412520	10162772	499496
7_9	1	7	49.869	54.925	1	9931366	10430861	10181113	1	10412521	10912016	10662268	499496
7_10	1	7	50.821	55.672	1	10430862	10930357	10680609	1	10912017	11411512	11161764	499496
7_11	1	7	51.187	54.748	1	10930358	11429853	11180105	1	11411513	11911008	11661260	499496
7_12	1	7	54.098	55.382	1	11429854	11929349	11679601	1	11911009	12410504	12160756	499496
7_13	1	7	53.957	55.464	1	11929350	12428846	12179098	1	12410505	12910001	12660253	499497
7_14	1	7	53.809	55.316	1	12428847	12928343	12678595	1	12910002	13409498	13159750	499497
7_15	1	7	53.668	56.224	1	12928344	13427840	13178092	1	13409499	13908995	13659247	499497
7_16	1	7	52.278	56.749	1	13427841	13927337	13677589	1	13908996	14408492	14158744	499497
7_17	1	7	53.511	57.952	1	13927338	14426834	14177086	1	14408493	14907989	14658241	499497
7_18	1	7	53.05		1	14426835	14926331	14676583	1	14907990	15407486	15157738	499497
7_19	1	7	53.201	60.279	1	14926332	15425828	15176080	1	15407487	15906983	15657235	499497
7_20	1	7	53.173	61.861	1	15425829	15925325	15675577	1	15906984	16406480	16156732	499497
7_21	1	7	53.163	63.038	1	15925326	16424822	16175074	1	16406481	16905977	16656229	499497
7_22	1	7	53.17	66.081	1	16424823	16924319	16674571	1	16905978	17405474	17155726	499497
7_23	1	7	53.335	68.273	1	16924320	17423816	17174068	1	17405475	17904971	17655223	499497
7_24	1	7	53.302	68.746	1	17423817	17923313	17673565	1	17904972	18404468	18154720	499497
7_25	1	7	53.418	70.996	1	17923314	18422810	18173062	1	18404469	18903965	18654217	499497
7_26	1	7	53.292	72.132	1	18422811	18922307	18672559	1	18903966	19403462	19153714	499497
7_27	1	7	53.289	73.784	1	18922308	19421804	19172056	1	19403463	19902959	19653211	499497
7_28	1	7	53.256		1	19421805	19921301	19671553	1	19902960	20402456	20152708	499497
119_1	1	119	52.896		Un	26706540	26851619	26779079	1	20403457	20548536	20475996	145080
119_2	1	119	53.368	74.498	Un	26851620	26996700	26924160	1	20548537	20693617	20621077	145081
22_15	1	22	53.317	75.08	1	26799033	27290228	27044630	1	20694618	21185813	20940215	491196
22_14	1	22	53.303	76.528	1	26307837	26799032	26553434	1	21185814	21677009	21431411	491196
22_13	1	22	54.321	77.96	1	25816642	26307836	26062239	1	21677010	22168204	21922607	491195
22_12	1	22	52.578		1	25325447	25816641	25571044	1	22168205	22659399	22413802	491195
22_11	1	22	52.002	83.122	1	24834252	25325446	25079849	1	22659400	23150594	22904997	491195
22_10	1	22	55.315	84.361	1	24343057	24834251	24588654	1	23150595	23641789	23396192	491195
22_9	1	22	55.557		1	23851862	24343056	24097459	1	23641790	24132984	23887387	491195
22_8	1	22	57.318	86.662	1	23360667	23851861	23606264	1	24132985	24624179	24378582	491195
22_7	1	22	58.444	86.979	1	22869472	23360666	23115069	1	24624180	25115374	24869777	491195
22_6	1	22	59.807	87.767	1	22378277	22869471	22623874	1	25115375	25606569	25360972	491195
22_5	1	22	63.323	90.814	1	21887082	22378276	22132679	1	25606570	26097764	25852167	491195
22_4	1	22	63.729	91.186	1	21395887	21887081	21641484	1	26097765	26588959	26343362	491195
22_3	1	22	64.992	93.626	1	20904692	21395886	21150289	1	26588960	27080154	26834557	491195
22_2	1	22	67.01	97.881	1	20413497	20904691	20659094	1	27080155	27571349	27325752	491195
22_1	1	22	71.578	104.942	1	19922302	20413496	20167899	1	27571350	28062544	27816947	491195
74_1	1	74		111.638	Un	18321482	18662692	18492087	1	28063545	28404755	28234150	341211
74_2	1	74	83.461	112.776	Un	18662693	19003903	18833298	1	28404756	28745966	28575361	341211
82_2	1	82	94.334	121.099	1	27886349	28185914	28036131	1	28746967	29046532	28896749	299566
82_1	1	82	95.634	121.52	1	27586784	27886348	27736566	1	29046533	29346097	29196315	299565
123_2	1	123	97.617	122.766	1	27438506	27585783	27512144	1	29494375	29641652	29568013	147278
98_2	2	98	0.0	0.0	Un	23549012	23754800	23651906	2	1	205789	102895	205789
98_1	2	98	0.436	0.364	Un	23343224	23549011	23446117	2	205790	411577	308683	205788
63_2	2	63	0.247	1.592	2	482804	965607	724205	2	412578	895381	653979	482804
63_1	2	63	0.797	2.555	2	1	482803	241402	2	895382	1378184	1136783	482803
0_1	2	0	1.005	3.443	2	966608	1464496	1215552	2	1379185	1877073	1628129	497889
0_2	2	0	1.284	5.113	2	1464497	1962385	1713441	2	1877074	2374962	2126018	497889
0_3	2	0	2.11	7.302	2	1962386	2460274	2211330	2	2374963	2872851	2623907	497889
0_4	2	0	4.655	10.646	2	2460275	2958163	2709219	2	2872852	3370740	3121796	497889
0_5	2	0	8.618	17.429	2	2958164	3456052	3207108	2	3370741	3868629	3619685	497889
0_6	2	0	11.748	21.358	2	3456053	3953941	3704997	2	3868630	4366518	4117574	497889
0_7	2	0	15.364	25.028	2	3953942	4451830	4202886	2	4366519	4864407	4615463	497889
0_8	2	0	16.317	27.022	2	4451831	4949719	4700775	2	4864408	5362296	5113352	497889
0_9	2	0	18.53	28.087	2	4949720	5447608	5198664	2	5362297	5860185	5611241	497889
0_10	2	0	19.688	29.326	2	5447609	5945497	5696553	2	5860186	6358074	6109130	497889
0_11	2	0	20.611	31.814	2	5945498	6443386	6194442	2	6358075	6855963	6607019	497889
0_12	2	0	22.058	32.656	2	6443387	6941275	6692331	2	6855964	7353852	7104908	497889
0_13	2	0	22.145	33.514	2	6941276	7439164	7190220	2	7353853	7851741	7602797	497889
0_14	2	0	22.435	32.855	2	7439165	7937053	7688109	2	7851742	8349630	8100686	497889
0_15	2	0	22.788	34.405	2	7937054	8434942	8185998	2	8349631	8847519	8598575	497889
0_16	2	0	23.051	34.899	2	8434943	8932831	8683887	2	8847520	9345408	9096464	497889
0_17	2	0	23.38	35.042	2	8932832	9430720	9181776	2	9345409	9843297	9594353	497889
0_18	2	0	24.04	35.618	2	9430721	9928609	9679665	2	9843298	10341186	10092242	497889
0_19	2	0	24.203	35.93	2	9928610	10426498	10177554	2	10341187	10839075	10590131	497889
0_20	2	0	24.492	36.067	2	10426499	10924387	10675443	2	10839076	11336964	11088020	497889
0_21	2	0	25.178	36.388	2	10924388	11422276	11173332	2	11336965	11834853	11585909	497889
0_22	2	0	25.21	36.987	2	11422277	11920166	11671221	2	11834854	12332743	12083798	497890
0_23	2	0	25.52	36.959	2	11920167	12418056	12169111	2	12332744	12830633	12581688	497890
0_24	2	0	25.68	37.36	2	12418057	12915946	12667001	2	12830634	13328523	13079578	497890
0_25	2	0	26.261	37.463	2	12915947	13413836	13164891	2	13328524	13826413	13577468	497890
0_26	2	0	26.15	37.494	2	13413837	13911726	13662781	2	13826414	14324303	14075358	497890
0_27	2	0	26.117	37.889	2	13911727	14409616	14160671	2	14324304	14822193	14573248	497890
0_28	2	0	26.427	37.808	2	14409617	14907506	14658561	2	14822194	15320083	15071138	497890
0_29	2	0	26.46	38.104	2	14907507	15405396	15156451	2	15320084	15817973	15569028	497890
0_30	2	0	26.68	38.34	2	15405397	15903286	15654341	2	15817974	16315863	16066918	497890
0_31	2	0	27.572	38.355	2	15903287	16401176	16152231	2	16315864	16813753	16564808	497890
0_32	2	0	28.986	38.779	2	16401177	16899066	16650121	2	16813754	17311643	17062698	497890
0_33	2	0	29.919	39.438	2	16899067	17396956	17148011	2	17311644	17809533	17560588	497890
0_34	2	0	31.552	41.921	2	17396957	17894846	17645901	2	17809534	18307423	18058478	497890
0_35	2	0	32.952	42.914	2	17894847	18392736	18143791	2	18307424	18805313	18556368	497890
0_36	2	0	36.742	46.661	2	18392737	18890626	18641681	2	18805314	19303203	19054258	497890
0_37	2	0	39.764	50.095	2	18890627	19388516	19139571	2	19303204	19801093	19552148	497890
0_38	2	0	42.983	56.699	2	19388517	19886406	19637461	2	19801094	20298983	20050038	497890
0_39	2	0	48.532	62.283	2	19886407	20384296	20135351	2	20298984	20796873	20547928	497890
0_40	2	0	58.778	70.102	2	20384297	20882186	20633241	2	20796874	21294763	21045818	497890
0_41	2	0	66.476	82.29	2	20882187	21380076	21131131	2	21294764	21792653	21543708	497890
0_42	2	0	72.421	88.57	2	21380077	21877966	21629021	2	21792654	22290543	22041598	497890
0_43	2	0	76.431	92.203	2	21877967	22375856	22126911	2	22290544	22788433	22539488	497890
102_1	2	102	78.222	94.431	2	22829186	23062418	22945802	2	22789434	23022666	22906050	233233
102_2	2	102	79.684	95.279	2	23062419	23295652	23179035	2	23022667	23255900	23139283	233234
96_2	2	96	79.779	95.615	2	22602521	22828185	22715353	2	23256901	23482565	23369733	225665
96_1	2	96	79.863	94.975	2	22376857	22602520	22489688	2	23482566	23708229	23595397	225664
33_1	3	33	0.0	0.0	3	1	466942	233471	3	1	466942	233471	466942
33_2	3	33	1.538	2.675	3	466943	933885	700414	3	466943	933885	700414	466943
33_3	3	33	7.474	7.737	3	933886	1400828	1167357	3	933886	1400828	1167357	466943
33_4	3	33	9.847	14.09	3	1400829	1867771	1634300	3	1400829	1867771	1634300	466943
33_5	3	33	12.064	18.519	3	1867772	2334714	2101243	3	1867772	2334714	2101243	466943
33_6	3	33	12.51	21.058	3	2334715	2801657	2568186	3	2334715	2801657	2568186	466943
33_7	3	33	13.116	22.313	3	2801658	3268600	3035129	3	2801658	3268600	3035129	466943
15_1	3	15	12.868		3	3269601	3761755	3515678	3	3269601	3761755	3515678	492155
15_2	3	15	12.783	22.829	3	3761756	4253910	4007833	3	3761756	4253910	4007833	492155
15_3	3	15	13.779	24.112	3	4253911	4746065	4499988	3	4253911	4746065	4499988	492155
15_4	3	15	14.308	25.283	3	4746066	5238220	4992143	3	4746066	5238220	4992143	492155
15_5	3	15	14.574	25.568	3	5238221	5730375	5484298	3	5238221	5730375	5484298	492155
15_6	3	15	14.76	25.886	3	5730376	6222530	5976453	3	5730376	6222530	5976453	492155
15_7	3	15	15.421	26.361	3	6222531	6714686	6468608	3	6222531	6714686	6468608	492156
15_8	3	15	16.4	26.809	3	6714687	7206842	6960764	3	6714687	7206842	6960764	492156
15_9	3	15	17.481	27.126	3	7206843	7698998	7452920	3	7206843	7698998	7452920	492156
15_10	3	15	19.129	28.226	3	7698999	8191154	7945076	3	7698999	8191154	7945076	492156
15_11	3	15	20.312	28.772	3	8191155	8683310	8437232	3	8191155	8683310	8437232	492156
15_12	3	15	20.971	29.618	3	8683311	9175466	8929388	3	8683311	9175466	8929388	492156
15_13	3	15	21.999	30.038	3	9175467	9667622	9421544	3	9175467	9667622	9421544	492156
15_14	3	15	22.622	30.598	3	9667623	10159778	9913700	3	9667623	10159778	9913700	492156
15_15	3	15	23.479	31.066	3	10159779	10651934	10405856	3	10159779	10651934	10405856	492156
15_16	3	15	24.004	31.125	3	10651935	11144090	10898012	3	10651935	11144090	10898012	492156
15_17	3	15	24.859	32.297	3	11144091	11636246	11390168	3	11144091	11636246	11390168	492156
15_18	3	15	26.279	32.823	3	11636247	12128402	11882324	3	11636247	12128402	11882324	492156
15_19	3	15	27.468	34.908	3	12128403	12620558	12374480	3	12128403	12620558	12374480	492156
15_20	3	15	29.602	35.584	3	12620559	13112714	12866636	3	12620559	13112714	12866636	492156
15_21	3	15	30.532	37.372	3	13112715	13604870	13358792	3	13112715	13604870	13358792	492156
15_22	3	15	31.758	41.782	3	13604871	14097026	13850948	3	13604871	14097026	13850948	492156
78_1	3	78	34.022	44.081	3	14098027	14417486	14257756	3	14098027	14417486	14257756	319460
78_2	3	78	34.925	46.173	3	14417487	14736947	14577217	3	14417487	14736947	14577217	319461
169_1	3	169	39.027		Un	35298962	35376096	35337529	3	14737948	14815082	14776515	77135
169_2	3	169	40.308	52.016	Un	35376097	35453231	35414664	3	14815083	14892217	14853650	77135
81_1	3	81	42.497	53.248	3	14737948	15006379	14872163	3	14893218	15161649	15027433	268432
81_2	3	81	45.086	57.569	3	15006380	15274812	15140596	3	15161650	15430082	15295866	268433
201_2	3	201		61.009	Un	38980238	39051539	39015888	3	15502384	15573685	15538034	71302
50_2	3	50	51.582	63.387	3	15656486	16037158	15846822	3	15955359	16336031	16145695	380673
50_3	3	50		68.164	3	16037159	16417832	16227495	3	16336032	16716705	16526368	380674
50_4	3	50	72.929	76.833	3	16417833	16798506	16608169	3	16716706	17097379	16907042	380674
135_2	3	135	74.977	80.668	Un	30220115	30343148	30281631	3	17098380	17221413	17159896	123034
135_1	3	135	75.795	86.399	Un	30097082	30220114	30158598	3	17221414	17344446	17282930	123033
120_2	3	120	77.291	81.675	Un	27149252	27300803	27225027	3	17345447	17496998	17421222	151552
120_1	3	120	77.892	82.465	Un	26997701	27149251	27073476	3	17496999	17648549	17572774	151551
161_1	3	161	78.318		Un	33862777	33941867	33902322	3	17649550	17728640	17689095	79091
161_2	3	161	78.867		Un	33941868	34020958	33981413	3	17728641	17807731	17768186	79091
65_1	4	65	0.0	0.0	4	1	356292	178146	4	1	356292	178146	356292
65_2	4	65	1.343	3.05	4	356293	712584	534438	4	356293	712584	534438	356292
65_3	4	65	2.821	3.622	4	712585	1068876	890730	4	712585	1068876	890730	356292
222_1	4	222	4.152	5.993	4	1069877	1121605	1095741	4	1069877	1121605	1095741	51729
20_1	4	20	7.61	8.639	4	1174335	1665662	1419998	4	1174335	1665662	1419998	491328
20_2	4	20	12.865	13.057	4	1665663	2156990	1911326	4	1665663	2156990	1911326	491328
20_3	4	20	18.585	18.502	4	2156991	2648318	2402654	4	2156991	2648318	2402654	491328
20_4	4	20	24.411	24.516	4	2648319	3139646	2893982	4	2648319	3139646	2893982	491328
20_5	4	20	31.579	30.159	4	3139647	3630974	3385310	4	3139647	3630974	3385310	491328
20_6	4	20	36.922	37.976	4	3630975	4122302	3876638	4	3630975	4122302	3876638	491328
20_7	4	20	40.457	40.246	4	4122303	4613630	4367966	4	4122303	4613630	4367966	491328
20_8	4	20	43.043	42.266	4	4613631	5104958	4859294	4	4613631	5104958	4859294	491328
20_9	4	20	43.477	44.078	4	5104959	5596286	5350622	4	5104959	5596286	5350622	491328
20_10	4	20	46.167		4	5596287	6087614	5841950	4	5596287	6087614	5841950	491328
20_11	4	20	49.027	46.299	4	6087615	6578942	6333278	4	6087615	6578942	6333278	491328
20_12	4	20	49.809	47.138	4	6578943	7070270	6824606	4	6578943	7070270	6824606	491328
20_13	4	20	50.304	48.086	4	7070271	7561598	7315934	4	7070271	7561598	7315934	491328
20_14	4	20	50.855	48.219	4	7561599	8052926	7807262	4	7561599	8052926	7807262	491328
20_15	4	20	51.076	48.582	4	8052927	8544255	8298591	4	8052927	8544255	8298591	491329
20_16	4	20	51.45	49.337	4	8544256	9035584	8789920	4	8544256	9035584	8789920	491329
17_1	4	17	51.642	49.488	4	9036585	9524499	9280542	4	9036585	9524499	9280542	487915
17_2	4	17	52.254	50.35	4	9524500	10012414	9768457	4	9524500	10012414	9768457	487915
17_3	4	17	52.756	50.548	4	10012415	10500329	10256372	4	10012415	10500329	10256372	487915
17_4	4	17	52.885	51.048	4	10500330	10988244	10744287	4	10500330	10988244	10744287	487915
17_5	4	17	53.541	51.775	4	10988245	11476159	11232202	4	10988245	11476159	11232202	487915
17_6	4	17	54.674	52.431	4	11476160	11964074	11720117	4	11476160	11964074	11720117	487915
17_7	4	17	55.19	52.556	4	11964075	12451989	12208032	4	11964075	12451989	12208032	487915
17_8	4	17	55.509	53.084	4	12451990	12939904	12695947	4	12451990	12939904	12695947	487915
17_9	4	17	55.694	54.135	4	12939905	13427819	13183862	4	12939905	13427819	13183862	487915
17_10	4	17	55.683	54.838	4	13427820	13915734	13671777	4	13427820	13915734	13671777	487915
17_11	4	17	56.29	56.138	4	13915735	14403649	14159692	4	13915735	14403649	14159692	487915
17_12	4	17	56.655	56.969	4	14403650	14891564	14647607	4	14403650	14891564	14647607	487915
17_13	4	17	57.113	58.547	4	14891565	15379479	15135522	4	14891565	15379479	15135522	487915
17_14	4	17	57.741	59.408	4	15379480	15867394	15623437	4	15379480	15867394	15623437	487915
17_15	4	17	58.102	60.478	4	15867395	16355309	16111352	4	15867395	16355309	16111352	487915
17_16	4	17	58.371	62.146	4	16355310	16843224	16599267	4	16355310	16843224	16599267	487915
17_17	4	17	58.475	62.79	4	16843225	17331140	17087182	4	16843225	17331140	17087182	487916
17_18	4	17	58.572	63.146	4	17331141	17819056	17575098	4	17331141	17819056	17575098	487916
24_12	4	24	58.846	63.775	4	27887033	28355687	28121360	4	17820057	18288711	18054384	468655
24_11	4	24	58.99	65.58	4	27418378	27887032	27652705	4	18288712	18757366	18523039	468655
24_10	4	24	58.977	65.814	4	26949723	27418377	27184050	4	18757367	19226021	18991694	468655
24_9	4	24	58.978	65.955	4	26481068	26949722	26715395	4	19226022	19694676	19460349	468655
24_8	4	24	59.191	66.256	4	26012413	26481067	26246740	4	19694677	20163331	19929004	468655
24_7	4	24	59.133	66.471	4	25543758	26012412	25778085	4	20163332	20631986	20397659	468655
24_6	4	24	59.131	66.742	4	25075103	25543757	25309430	4	20631987	21100641	20866314	468655
24_5	4	24	59.134	66.676	4	24606448	25075102	24840775	4	21100642	21569296	21334969	468655
24_4	4	24	59.134	66.941	4	24137793	24606447	24372120	4	21569297	22037951	21803624	468655
24_3	4	24	59.134	67.281	4	23669138	24137792	23903465	4	22037952	22506606	22272279	468655
24_2	4	24	59.103	67.505	4	23200483	23669137	23434810	4	22506607	22975261	22740934	468655
24_1	4	24	59.072	67.315	4	22731829	23200482	22966155	4	22975262	23443915	23209588	468654
108_2	4	108	58.704		Un	25112069	25286697	25199383	4	23444916	23619544	23532230	174629
108_1	4	108		67.433	Un	24937440	25112068	25024754	4	23619545	23794173	23706859	174629
28_10	4	28	59.394	67.28	4	22239751	22730828	22485289	4	23795174	24286251	24040712	491078
28_9	4	28	59.212	69.221	4	21748673	22239750	21994211	4	24286252	24777329	24531790	491078
28_8	4	28	59.252	67.761	4	21257596	21748672	21503134	4	24777330	25268406	25022868	491077
28_7	4	28	59.302	68.248	4	20766519	21257595	21012057	4	25268407	25759483	25513945	491077
28_6	4	28	59.309	68.546	4	20275442	20766518	20520980	4	25759484	26250560	26005022	491077
28_5	4	28	59.506	68.546	4	19784365	20275441	20029903	4	26250561	26741637	26496099	491077
28_4	4	28	59.57	68.98	4	19293288	19784364	19538826	4	26741638	27232714	26987176	491077
28_3	4	28	59.977	69.588	4	18802211	19293287	19047749	4	27232715	27723791	27478253	491077
28_2	4	28	60.379	71.056	4	18311134	18802210	18556672	4	27723792	28214868	27969330	491077
28_1	4	28	60.678		4	17820057	18311133	18065595	4	28214869	28705945	28460407	491077
42_1	4	42	60.965	72.779	4	28356688	28775706	28566197	4	28706946	29125964	28916455	419019
42_2	4	42	61.862	75.106	4	28775707	29194725	28985216	4	29125965	29544983	29335474	419019
42_3	4	42	63.876	74.895	4	29194726	29613744	29404235	4	29544984	29964002	29754493	419019
42_4	4	42	66.4	75.959	4	29613745	30032763	29823254	4	29964003	30383021	30173512	419019
42_5	4	42	68.976	79.795	4	30032764	30451783	30242273	4	30383022	30802041	30592531	419020
41_1	4	41	70.615		4	30452784	30888816	30670800	4	30803042	31239074	31021058	436033
41_2	4	41	72.12	86.419	4	30888817	31324849	31106833	4	31239075	31675107	31457091	436033
41_3	4	41	78.075	92.858	4	31324850	31760882	31542866	4	31675108	32111140	31893124	436033
41_4	4	41	83.156	101.163	4	31760883	32196915	31978899	4	32111141	32547173	32329157	436033
41_5	4	41	89.189		4	32196916	32632948	32414932	4	32547174	32983206	32765190	436033
121_2	4	121	103.339	124.282	Un	27497751	27693698	27595724	4	32984207	33180154	33082180	195948
121_1	4	121	104.978	125.9	Un	27301804	27497750	27399777	4	33180155	33376101	33278128	195947
152_2	4	152	106.715	127.396	Un	32681414	32814531	32747972	4	33377102	33510219	33443660	133118
152_1	4	152		128.24	Un	32548296	32681413	32614854	4	33510220	33643337	33576778	133118
90_2	4	90		133.046	Un	22067872	22322408	22195140	4	33644338	33898874	33771606	254537
90_1	4	90	107.308	135.406	Un	21813335	22067871	21940603	4	33898875	34153411	34026143	254537
54_1	5	54	0.0	0.0	Un	11244841	11649025	11446933	5	1	404185	202093	404185
54_2	5	54	0.208	0.413	Un	11649026	12053210	11851118	5	404186	808370	606278	404185
54_3	5	54	0.605	1.992	Un	12053211	12457396	12255303	5	808371	1212556	1010463	404186
48_1	5	48	1.453	3.79	Un	9504855	9939600	9722227	5	1213557	1648302	1430929	434746
48_2	5	48	3.342	9.15	Un	9939601	10374346	10156973	5	1648303	2083048	1865675	434746
48_3	5	48	4.584	10.059	Un	10374347	10809093	10591720	5	2083049	2517795	2300422	434747
48_4	5	48	6.041	12.261	Un	10809094	11243840	11026467	5	2517796	2952542	2735169	434747
19_16	5	19	6.131		5	7385334	7877689	7631511	5	2953543	3445898	3199720	492356
19_15	5	19	5.978	12.934	5	6892978	7385333	7139155	5	3445899	3938254	3692076	492356
19_14	5	19	6.218	13.566	5	6400622	6892977	6646799	5	3938255	4430610	4184432	492356
19_13	5	19	6.383	14.446	5	5908266	6400621	6154443	5	4430611	4922966	4676788	492356
19_12	5	19	7.733	15.83	5	5415910	5908265	5662087	5	4922967	5415322	5169144	492356
19_11	5	19	8.96	16.74	5	4923554	5415909	5169731	5	5415323	5907678	5661500	492356
19_10	5	19	9.425	17.29	5	4431198	4923553	4677375	5	5907679	6400034	6153856	492356
19_9	5	19	10.071	17.467	5	3938842	4431197	4185019	5	6400035	6892390	6646212	492356
19_8	5	19	11.123	18.865	5	3446486	3938841	3692663	5	6892391	7384746	7138568	492356
19_7	5	19	13.119	20.17	5	2954131	3446485	3200308	5	7384747	7877101	7630924	492355
19_6	5	19	13.478	20.76	5	2461776	2954130	2707953	5	7877102	8369456	8123279	492355
19_5	5	19	14.373	22.047	5	1969421	2461775	2215598	5	8369457	8861811	8615634	492355
19_4	5	19	15.013	22.349	5	1477066	1969420	1723243	5	8861812	9354166	9107989	492355
19_3	5	19	16.109	22.507	5	984711	1477065	1230888	5	9354167	9846521	9600344	492355
19_2	5	19	17.351	24.083	5	492356	984710	738533	5	9846522	10338876	10092699	492355
19_1	5	19	19.331	25.302	5	1	492355	246178	5	10338877	10831231	10585054	492355
38_1	5	38	22.789	28.98	5	7878690	8321596	8100143	5	10832232	11275138	11053685	442907
38_2	5	38	23.969	31.506	5	8321597	8764503	8543050	5	11275139	11718045	11496592	442907
38_3	5	38	28.882	34.672	5	8764504	9207410	8985957	5	11718046	12160952	11939499	442907
38_4	5	38	30.349	36.443	5	9207411	9650317	9428864	5	12160953	12603859	12382406	442907
38_5	5	38	32.536	40.423	5	9650318	10093224	9871771	5	12603860	13046766	12825313	442907
38_6	5	38	38.337	50.036	5	10093225	10536132	10314678	5	13046767	13489674	13268220	442908
93_2	5	93	41.158	54.34	5	10767245	10997357	10882301	5	13490675	13720787	13605731	230113
93_1	5	93	43.827	57.027	5	10537133	10767244	10652188	5	13720788	13950899	13835843	230112
73_2	5	73	48.885	65.3	5	11370048	11741737	11555892	5	13951900	14323589	14137744	371690
73_1	5	73	53.902	70.891	5	10998358	11370047	11184202	5	14323590	14695279	14509434	371690
112_2	5	112	57.042	74.535	Un	25811401	25990228	25900814	5	14696280	14875107	14785693	178828
112_1	5	112	57.771	75.97	Un	25632574	25811400	25721987	5	14875108	15053934	14964521	178827
142_1	5	142	58.729	76.491	5	11742738	11847896	11795317	5	15054935	15160093	15107514	105159
142_2	5	142	58.388	76.963	5	11847897	11953055	11900476	5	15160094	15265252	15212673	105159
125_2	5	125	57.981	76.548	5	12102727	12251397	12177062	5	15266253	15414923	15340588	148671
125_1	5	125	59.628	77.562	5	11954056	12102726	12028391	5	15414924	15563594	15489259	148671
61_3	6	61	0.0		Un	15407393	15741363	15574378	6	1	333971	166986	333971
61_2	6	61	0.25	0.0	Un	15073423	15407392	15240407	6	333972	667941	500956	333970
61_1	6	61	1.16	3.784	Un	14739453	15073422	14906437	6	667942	1001911	834926	333970
66_2	6	66	1.715	6.842	6	442378	884755	663566	6	1002912	1445289	1224100	442378
66_1	6	66	2.582	10.929	6	1	442377	221189	6	1445290	1887666	1666478	442377
76_2	6	76	2.929		Un	19302991	19601078	19452034	6	1888667	2186754	2037710	298088
76_1	6	76	3.412		Un	19004904	19302990	19153947	6	2186755	2484841	2335798	298087
35_7	6	35	2.775	12.268	6	3603776	4056779	3830277	6	2485842	2938845	2712343	453004
35_6	6	35	2.961	13.329	6	3150772	3603775	3377273	6	2938846	3391849	3165347	453004
35_5	6	35	3.62	14.675	6	2697768	3150771	2924269	6	3391850	3844853	3618351	453004
35_4	6	35	4.988	17.606	6	2244765	2697767	2471266	6	3844854	4297856	4071355	453003
35_3	6	35	6.098	18.844	6	1791762	2244764	2018263	6	4297857	4750859	4524358	453003
35_2	6	35	7.061	20.128	6	1338759	1791761	1565260	6	4750860	5203862	4977361	453003
35_1	6	35	8.54	21.772	6	885756	1338758	1112257	6	5203863	5656865	5430364	453003
13_1	6	13	10.687	23.262	6	4057780	4552169	4304974	6	5657866	6152255	5905060	494390
13_2	6	13	12.544	24.753	6	4552170	5046559	4799364	6	6152256	6646645	6399450	494390
13_3	6	13	13.525	25.857	6	5046560	5540949	5293754	6	6646646	7141035	6893840	494390
13_4	6	13	14.206	25.777	6	5540950	6035339	5788144	6	7141036	7635425	7388230	494390
13_5	6	13	15.194	26.388	6	6035340	6529729	6282534	6	7635426	8129815	7882620	494390
13_6	6	13	16.25	27.056	6	6529730	7024119	6776924	6	8129816	8624205	8377010	494390
13_7	6	13	16.672	27.267	6	7024120	7518509	7271314	6	8624206	9118595	8871400	494390
13_8	6	13	16.926	28.015	6	7518510	8012899	7765704	6	9118596	9612985	9365790	494390
13_9	6	13	17.71	28.496	6	8012900	8507289	8260094	6	9612986	10107375	9860180	494390
13_10	6	13	17.841	28.948	6	8507290	9001679	8754484	6	10107376	10601765	10354570	494390
13_11	6	13	18.369	29.5	6	9001680	9496069	9248874	6	10601766	11096155	10848960	494390
13_12	6	13	18.883	29.841	6	9496070	9990459	9743264	6	11096156	11590545	11343350	494390
13_13	6	13	19.286	30.338	6	9990460	10484849	10237654	6	11590546	12084935	11837740	494390
13_14	6	13	19.996	30.873	6	10484850	10979239	10732044	6	12084936	12579325	12332130	494390
13_15	6	13	20.869	31.91	6	10979240	11473629	11226434	6	12579326	13073715	12826520	494390
13_16	6	13	21.848	32.936	6	11473630	11968019	11720824	6	13073716	13568105	13320910	494390
13_17	6	13	22.718	33.451	6	11968020	12462409	12215214	6	13568106	14062495	13815300	494390
13_18	6	13	23.827	35.131	6	12462410	12956799	12709604	6	14062496	14556885	14309690	494390
13_19	6	13	24.8	36.478	6	12956800	13451189	13203994	6	14556886	15051275	14804080	494390
13_20	6	13	27.873	40.628	6	13451190	13945579	13698384	6	15051276	15545665	15298470	494390
13_21	6	13	32.076	43.001	6	13945580	14439970	14192775	6	15545666	16040056	15792861	494391
13_22	6	13	34.519	47.847	6	14439971	14934361	14687166	6	16040057	16534447	16287252	494391
13_23	6	13	40.862	55.023	6	14934362	15428752	15181557	6	16534448	17028838	16781643	494391
13_24	6	13	47.234	64.145	6	15428753	15923143	15675948	6	17028839	17523229	17276034	494391
13_25	6	13	54.314	74.385	6	15923144	16417534	16170339	6	17523230	18017620	17770425	494391
140_1	6	140	60.093		6	16418535	16539092	16478813	6	18018621	18139178	18078899	120558
140_2	6	140		81.14	6	16539093	16659650	16599371	6	18139179	18259736	18199457	120558
117_1	6	117	60.807	82.245	6	16660651	16872162	16766406	6	18260737	18472248	18366492	211512
117_2	6	117		83.032	6	16872163	17083675	16977919	6	18472249	18683761	18578005	211513
156_1	6	156	60.527		Un	33192445	33277554	33234999	6	18684762	18769871	18727316	85110
156_2	6	156	61.05	83.738	Un	33277555	33362665	33320110	6	18769872	18854982	18812427	85111
129_2	7	129	0.742	0.0	Un	28681962	28819305	28750633	7	1	137344	68672	137344
129_1	7	129	1.098	1.074	Un	28544618	28681961	28613289	7	137345	274688	206016	137344
131_1	7	131	1.473	8.765	Un	29057819	29183966	29120892	7	275689	401836	338762	126148
131_2	7	131	0.0	9.561	Un	29183967	29310115	29247041	7	401837	527985	464911	126149
86_2	7	86	2.646	11.54	7	269863	539725	404794	7	528986	798848	663917	269863
86_1	7	86	3.574	13.268	7	1	269862	134931	7	798849	1068710	933779	269862
118_1	7	118	5.081	15.403	7	540726	733991	637358	7	1069711	1262976	1166343	193266
118_2	7	118	8.163	18.179	7	733992	927258	830625	7	1262977	1456243	1359610	193267
55_1	7	55	13.89		7	928259	1351804	1140031	7	1457244	1880789	1669016	423546
55_2	7	55	18.891	32.568	7	1351805	1775351	1563578	7	1880790	2304336	2092563	423547
55_3	7	55	22.878	35.386	7	1775352	2198898	1987125	7	2304337	2727883	2516110	423547
39_1	7	39	25.511	37.091	7	2199899	2681550	2440724	7	2728884	3210535	2969709	481652
39_2	7	39	27.664	43.023	7	2681551	3163202	2922376	7	3210536	3692187	3451361	481652
39_3	7	39	36.847		7	3163203	3644854	3404028	7	3692188	4173839	3933013	481652
39_4	7	39	40.336	59.147	7	3644855	4126506	3885680	7	4173840	4655491	4414665	481652
39_5	7	39	43.74	61.847	7	4126507	4608158	4367332	7	4655492	5137143	4896317	481652
23_1	7	23	45.382	63.699	7	4609159	5092638	4850898	7	5138144	5621623	5379883	483480
23_2	7	23	46.131	65.47	7	5092639	5576119	5334379	7	5621624	6105104	5863364	483481
23_3	7	23	46.403	66.086	7	5576120	6059600	5817860	7	6105105	6588585	6346845	483481
23_4	7	23	46.552	66.425	7	6059601	6543081	6301341	7	6588586	7072066	6830326	483481
23_5	7	23	47.486	66.54	7	6543082	7026562	6784822	7	7072067	7555547	7313807	483481
23_6	7	23	47.757	66.886	7	7026563	7510043	7268303	7	7555548	8039028	7797288	483481
23_7	7	23	47.881	67.281	7	7510044	7993524	7751784	7	8039029	8522509	8280769	483481
23_8	7	23	47.929	67.754	7	7993525	8477005	8235265	7	8522510	9005990	8764250	483481
23_9	7	23	48.337	68.565	7	8477006	8960486	8718746	7	9005991	9489471	9247731	483481
23_10	7	23	48.229	68.561	7	8960487	9443967	9202227	7	9489472	9972952	9731212	483481
23_11	7	23	48.532	69.07	7	9443968	9927448	9685708	7	9972953	10456433	10214693	483481
23_12	7	23	48.761	69.345	7	9927449	10410929	10169189	7	10456434	10939914	10698174	483481
106_1	7	106	48.662	69.214	Un	24563072	24749755	24656413	7	10940915	11127598	11034256	186684
106_2	7	106	48.803	69.83	Un	24749756	24936439	24843097	7	11127599	11314282	11220940	186684
47_4	7	47	48.775	69.399	Un	9066810	9503854	9285332	7	11315283	11752327	11533805	437045
47_3	7	47	48.804	69.675	Un	8629765	9066809	8848287	7	11752328	12189372	11970850	437045
47_2	7	47	48.734	69.693	Un	8192720	8629764	8411242	7	12189373	12626417	12407895	437045
47_1	7	47	48.758	69.501	Un	7755675	8192719	7974197	7	12626418	13063462	12844940	437045
1_1	7	1	48.799	69.719	7	10411930	10903403	10657666	7	13064463	13555936	13310199	491474
1_2	7	1	48.782		7	10903404	11394877	11149140	7	13555937	14047410	13801673	491474
1_4	7	1	48.907	70.926	7	11886352	12377825	12132088	7	14538885	15030358	14784621	491474
1_5	7	1	49.215	71.396	7	12377826	12869299	12623562	7	15030359	15521832	15276095	491474
1_6	7	1	49.186	71.557	7	12869300	13360773	13115036	7	15521833	16013306	15767569	491474
1_7	7	1	49.365	71.57	7	13360774	13852247	13606510	7	16013307	16504780	16259043	491474
1_8	7	1	49.398	71.879	7	13852248	14343721	14097984	7	16504781	16996254	16750517	491474
1_9	7	1	49.467	72.034	7	14343722	14835196	14589459	7	16996255	17487729	17241992	491475
1_10	7	1	49.792	72.034	7	14835197	15326671	15080934	7	17487730	17979204	17733467	491475
1_11	7	1	50.073	72.342	7	15326672	15818146	15572409	7	17979205	18470679	18224942	491475
1_12	7	1	50.074	72.663	7	15818147	16309621	16063884	7	18470680	18962154	18716417	491475
1_13	7	1	50.128	73.729	7	16309622	16801096	16555359	7	18962155	19453629	19207892	491475
1_14	7	1	50.29	73.45	7	16801097	17292571	17046834	7	19453630	19945104	19699367	491475
1_15	7	1	50.235	73.595	7	17292572	17784046	17538309	7	19945105	20436579	20190842	491475
1_16	7	1	50.591	73.814	7	17784047	18275521	18029784	7	20436580	20928054	20682317	491475
1_17	7	1	50.67	74.134	7	18275522	18766996	18521259	7	20928055	21419529	21173792	491475
1_18	7	1	51.411	74.775	7	18766997	19258471	19012734	7	21419530	21911004	21665267	491475
1_19	7	1	51.188	75.087	7	19258472	19749946	19504209	7	21911005	22402479	22156742	491475
1_20	7	1	51.184	75.244	7	19749947	20241421	19995684	7	22402480	22893954	22648217	491475
1_21	7	1	51.753	75.824	7	20241422	20732896	20487159	7	22893955	23385429	23139692	491475
1_22	7	1	51.651	76.075	7	20732897	21224371	20978634	7	23385430	23876904	23631167	491475
1_23	7	1	52.545	76.658	7	21224372	21715846	21470109	7	23876905	24368379	24122642	491475
1_24	7	1		76.457	7	21715847	22207321	21961584	7	24368380	24859854	24614117	491475
1_25	7	1	54.67	77.075	7	22207322	22698796	22453059	7	24859855	25351329	25105592	491475
1_26	7	1	55.111	78.34	7	22698797	23190271	22944534	7	25351330	25842804	25597067	491475
1_27	7	1	56.259	80.332	7	23190272	23681746	23436009	7	25842805	26334279	26088542	491475
1_28	7	1	57.84	82.188	7	23681747	24173221	23927484	7	26334280	26825754	26580017	491475
1_29	7	1	59.907	85.807	7	24173222	24664696	24418959	7	26825755	27317229	27071492	491475
1_30	7	1	65.339	89.757	7	24664697	25156171	24910434	7	27317230	27808704	27562967	491475
1_31	7	1		95.386	7	25156172	25647646	25401909	7	27808705	28300179	28054442	491475
1_32	7	1	73.304	101.812	7	25647647	26139121	25893384	7	28300180	28791654	28545917	491475
1_33	7	1	82.374	113.118	7	26139122	26630596	26384859	7	28791655	29283129	29037392	491475
1_34	7	1	90.587	122.123	7	26630597	27122071	26876334	7	29283130	29774604	29528867	491475
1_35	7	1	95.137		7	27122072	27613546	27367809	7	29774605	30266079	30020342	491475
132_1	7	132	97.035	130.905	Un	29311116	29440825	29375970	7	30267080	30396789	30331934	129710
132_2	7	132	97.509		Un	29440826	29570536	29505681	7	30396790	30526500	30461645	129711
113_1	7	113	97.479		7	27614547	27775994	27695270	7	30527501	30688948	30608224	161448
113_2	7	113	97.948	129.787	7	27775995	27937443	27856719	7	30688949	30850397	30769673	161449
56_1	8	56	0.0		Un	12458397	12848036	12653216	8	1	389640	194820	389640
56_2	8	56	3.174	0.335	Un	12848037	13237676	13042856	8	389641	779280	584460	389640
56_3	8	56	3.53	0.0	Un	13237677	13627317	13432497	8	779281	1168921	974101	389641
53_1	8	53	4.564	2.445	8	1	456852	228426	8	1169922	1626773	1398347	456852
53_2	8	53	4.974	4.209	8	456853	913704	685278	8	1626774	2083625	1855199	456852
53_3	8	53	5.504	6.473	8	913705	1370556	1142130	8	2083626	2540477	2312051	456852
36_1	8	36	6.59	7.43	8	1371557	1818596	1595076	8	2541478	2988517	2764997	447040
36_2	8	36	9.933	10.19	8	1818597	2265636	2042116	8	2988518	3435557	3212037	447040
36_3	8	36	13.785	13.985	8	2265637	2712676	2489156	8	3435558	3882597	3659077	447040
36_4	8	36	16.252	17.631	8	2712677	3159717	2936197	8	3882598	4329638	4106118	447041
36_5	8	36	18.591	22.915	8	3159718	3606758	3383238	8	4329639	4776679	4553159	447041
36_6	8	36	20.292	26.253	8	3606759	4053799	3830279	8	4776680	5223720	5000200	447041
36_7	8	36	22.317	28.518	8	4053800	4500840	4277320	8	5223721	5670761	5447241	447041
9_1	8	9	22.784	30.007	8	4501841	4988251	4745046	8	5671762	6158172	5914967	486411
9_2	8	9	23.998	30.843	8	4988252	5474662	5231457	8	6158173	6644583	6401378	486411
9_3	8	9	24.678	32.486	8	5474663	5961073	5717868	8	6644584	7130994	6887789	486411
9_4	8	9	25.173	34.105	8	5961074	6447484	6204279	8	7130995	7617405	7374200	486411
9_5	8	9	25.798	35.188	8	6447485	6933895	6690690	8	7617406	8103816	7860611	486411
9_6	8	9	25.954	35.657	8	6933896	7420306	7177101	8	8103817	8590227	8347022	486411
9_7	8	9	26.602	36.929	8	7420307	7906717	7663512	8	8590228	9076638	8833433	486411
9_8	8	9	26.832	37.444	8	7906718	8393128	8149923	8	9076639	9563049	9319844	486411
9_9	8	9	26.845	37.357	8	8393129	8879539	8636334	8	9563050	10049460	9806255	486411
9_10	8	9	27.528	38.083	8	8879540	9365950	9122745	8	10049461	10535871	10292666	486411
9_11	8	9	27.609	38.409	8	9365951	9852361	9609156	8	10535872	11022282	10779077	486411
9_12	8	9	27.587	38.643	8	9852362	10338772	10095567	8	11022283	11508693	11265488	486411
9_13	8	9	27.616	39.294	8	10338773	10825183	10581978	8	11508694	11995104	11751899	486411
9_14	8	9	27.751	39.493	8	10825184	11311594	11068389	8	11995105	12481515	12238310	486411
9_15	8	9	27.956	39.641	8	11311595	11798005	11554800	8	12481516	12967926	12724721	486411
9_16	8	9	28.283	40.128	8	11798006	12284416	12041211	8	12967927	13454337	13211132	486411
9_17	8	9	28.406	39.964	8	12284417	12770827	12527622	8	13454338	13940748	13697543	486411
9_18	8	9	28.597	40.612	8	12770828	13257238	13014033	8	13940749	14427159	14183954	486411
9_19	8	9	29.525	41.394	8	13257239	13743649	13500444	8	14427160	14913570	14670365	486411
9_20	8	9	30.555	42.462	8	13743650	14230060	13986855	8	14913571	15399981	15156776	486411
9_21	8	9	32.717	43.734	8	14230061	14716471	14473266	8	15399982	15886392	15643187	486411
9_22	8	9	34.269	44.91	8	14716472	15202882	14959677	8	15886393	16372803	16129598	486411
9_23	8	9	37.056	47.749	8	15202883	15689293	15446088	8	16372804	16859214	16616009	486411
9_24	8	9	39.325	51.739	8	15689294	16175704	15932499	8	16859215	17345625	17102420	486411
9_25	8	9	43.715	58.774	8	16175705	16662115	16418910	8	17345626	17832036	17588831	486411
9_26	8	9	50.228	67.518	8	16662116	17148526	16905321	8	17832037	18318447	18075242	486411
9_27	8	9	55.263	72.432	8	17148527	17634937	17391732	8	18318448	18804858	18561653	486411
9_28	8	9	60.835	77.238	8	17634938	18121348	17878143	8	18804859	19291269	19048064	486411
71_1	8	71	68.355	83.858	8	18122349	18533928	18328138	8	19292270	19703849	19498059	411580
71_2	8	71	71.098	86.932	8	18533929	18945509	18739719	8	19703850	20115430	19909640	411581
138_2	8	138	73.178	89.244	8	19251091	19368704	19309897	8	20116431	20234044	20175237	117614
138_1	8	138		89.349	8	19133478	19251090	19192284	8	20234045	20351657	20292851	117613
153_2	8	153		89.733	8	19039494	19132477	19085985	8	20352658	20445641	20399149	92984
153_1	8	153		90.977	8	18946510	19039493	18993001	8	20445642	20538625	20492133	92984
31_1	9	31	0.0	0.0	9	1	478688	239344	9	1	478688	239344	478688
31_2	9	31	2.755	1.424	9	478689	957376	718032	9	478689	957376	718032	478688
31_3	9	31	5.615	5.553	9	957377	1436065	1196721	9	957377	1436065	1196721	478689
31_4	9	31	11.258	12.217	9	1436066	1914754	1675410	9	1436066	1914754	1675410	478689
31_5	9	31	16.533	27.264	9	1914755	2393443	2154099	9	1914755	2393443	2154099	478689
31_6	9	31	19.231	32.751	9	2393444	2872132	2632788	9	2393444	2872132	2632788	478689
31_7	9	31	19.663	34.09	9	2872133	3350821	3111477	9	2872133	3350821	3111477	478689
31_8	9	31	20.147	35.434	9	3350822	3829510	3590166	9	3350822	3829510	3590166	478689
31_9	9	31	20.27	35.162	9	3829511	4308199	4068855	9	3829511	4308199	4068855	478689
8_28	9	8		35.224	9	17409012	17894190	17651601	9	4309200	4794378	4551789	485179
8_27	9	8	20.465	35.259	9	16923833	17409011	17166422	9	4794379	5279557	5036968	485179
8_26	9	8		35.925	9	16438654	16923832	16681243	9	5279558	5764736	5522147	485179
8_25	9	8	21.069	36.307	9	15953475	16438653	16196064	9	5764737	6249915	6007326	485179
8_24	9	8	20.868	37.455	9	15468296	15953474	15710885	9	6249916	6735094	6492505	485179
8_23	9	8		38.046	9	14983117	15468295	15225706	9	6735095	7220273	6977684	485179
8_22	9	8	22.234	38.359	9	14497938	14983116	14740527	9	7220274	7705452	7462863	485179
8_21	9	8	23.407	38.885	9	14012760	14497937	14255348	9	7705453	8190630	7948041	485178
8_20	9	8	23.843	40.003	9	13527582	14012759	13770170	9	8190631	8675808	8433219	485178
8_19	9	8	23.785	40.38	9	13042404	13527581	13284992	9	8675809	9160986	8918397	485178
8_18	9	8	24.461	40.509	9	12557226	13042403	12799814	9	9160987	9646164	9403575	485178
8_17	9	8	25.696	41.588	9	12072048	12557225	12314636	9	9646165	10131342	9888753	485178
8_16	9	8	26.021	41.808	9	11586870	12072047	11829458	9	10131343	10616520	10373931	485178
8_15	9	8	26.225	42.195	9	11101692	11586869	11344280	9	10616521	11101698	10859109	485178
8_14	9	8	27.421	42.486	9	10616514	11101691	10859102	9	11101699	11586876	11344287	485178
8_13	9	8	28.562	43.316	9	10131336	10616513	10373924	9	11586877	12072054	11829465	485178
8_12	9	8	28.673	44.038	9	9646158	10131335	9888746	9	12072055	12557232	12314643	485178
8_11	9	8	29.36	44.431	9	9160980	9646157	9403568	9	12557233	13042410	12799821	485178
8_10	9	8	29.184	44.572	9	8675802	9160979	8918390	9	13042411	13527588	13284999	485178
8_9	9	8	29.823	44.884	9	8190624	8675801	8433212	9	13527589	14012766	13770177	485178
8_8	9	8	31.47	46.084	9	7705446	8190623	7948034	9	14012767	14497944	14255355	485178
8_7	9	8	32.516	47.659	9	7220268	7705445	7462856	9	14497945	14983122	14740533	485178
8_6	9	8	33.618	48.567	9	6735090	7220267	6977678	9	14983123	15468300	15225711	485178
8_5	9	8	35.399	51.069	9	6249912	6735089	6492500	9	15468301	15953478	15710889	485178
8_4	9	8	37.917	52.489	9	5764734	6249911	6007322	9	15953479	16438656	16196067	485178
8_3	9	8	39.877	57.514	9	5279556	5764733	5522144	9	16438657	16923834	16681245	485178
8_2	9	8	43.619	60.243	9	4794378	5279555	5036966	9	16923835	17409012	17166423	485178
8_1	9	8	47.185	70.039	9	4309200	4794377	4551788	9	17409013	17894190	17651601	485178
77_1	9	77	54.082	72.746	9	17895191	18197494	18046342	9	17895191	18197494	18046342	302304
77_2	9	77	56.703	76.583	9	18197495	18499799	18348647	9	18197495	18499799	18348647	302305
91_2	9	91	59.551	79.209	9	18766024	19031248	18898636	9	18500800	18766024	18633412	265225
91_1	9	91	61.907	81.786	9	18500800	18766023	18633411	9	18766025	19031248	18898636	265224
105_1	9	105	63.734	85.077	9	19032249	19258665	19145457	9	19032249	19258665	19145457	226417
105_2	9	105	64.643	86.853	9	19258666	19485083	19371874	9	19258666	19485083	19371874	226418
183_2	9	183	65.768	88.933	9	19546689	19607294	19576991	9	19486084	19546689	19516386	60606
183_1	9	183	66.271	90.0	9	19486084	19546688	19516386	9	19546690	19607294	19576992	60605
198_2	9	198		94.669	Un	38652355	38706708	38679531	9	19662648	19717001	19689824	54354
189_1	9	189	69.41	92.653	9	19627166	19685624	19656395	9	19718002	19776460	19747231	58459
189_2	9	189		101.221	9	19685625	19744083	19714854	9	19776461	19834919	19805690	58459
177_1	9	177	71.678	96.791	Un	36343914	36418411	36381162	9	19835920	19910417	19873168	74498
177_2	9	177	72.133	98.771	Un	36418412	36492910	36455661	9	19910418	19984916	19947667	74499
244_1	9	244	74.575	100.323	Un	42813443	42864682	42839062	9	19985917	20037156	20011536	51240
87_2	9	87	76.27	103.191	9	19997282	20249479	20123380	9	20089398	20341595	20215496	252198
87_1	9	87	76.896	100.018	9	19745084	19997281	19871182	9	20341596	20593793	20467694	252198
111_1	10	111	2.019	0.0	Un	25287698	25459635	25373666	10	1	171938	85969	171938
111_2	10	111	2.341	0.77	Un	25459636	25631573	25545604	10	171939	343876	257907	171938
130_2	10	130	2.495	1.389	Un	28938562	29056818	28997690	10	344877	463133	404005	118257
130_1	10	130	1.801	1.82	Un	28820306	28938561	28879433	10	463134	581389	522261	118256
101_2	10	101	2.024		Un	24369760	24562071	24465915	10	582390	774701	678545	192312
101_1	10	101	2.608		Un	24177449	24369759	24273604	10	774702	967012	870857	192311
58_2	10	58	2.031	3.537	Un	13998363	14368407	14183385	10	1338058	1708102	1523080	370045
58_1	10	58	2.926		Un	13628318	13998362	13813340	10	1708103	2078147	1893125	370045
5_1	10	5	2.21	6.091	10	1	484706	242353	10	2079148	2563853	2321500	484706
5_2	10	5	0.0		10	484707	969413	727060	10	2563854	3048560	2806207	484707
5_3	10	5	4.07	12.223	10	969414	1454120	1211767	10	3048561	3533267	3290914	484707
5_4	10	5	5.057	13.816	10	1454121	1938827	1696474	10	3533268	4017974	3775621	484707
5_5	10	5	7.194	18.489	10	1938828	2423534	2181181	10	4017975	4502681	4260328	484707
5_6	10	5	8.255	21.031	10	2423535	2908241	2665888	10	4502682	4987388	4745035	484707
5_7	10	5	9.803	22.845	10	2908242	3392948	3150595	10	4987389	5472095	5229742	484707
5_8	10	5	11.688	23.876	10	3392949	3877655	3635302	10	5472096	5956802	5714449	484707
5_9	10	5	14.158	26.885	10	3877656	4362362	4120009	10	5956803	6441509	6199156	484707
5_10	10	5	16.417	27.73	10	4362363	4847069	4604716	10	6441510	6926216	6683863	484707
5_11	10	5	18.884	29.9	10	4847070	5331776	5089423	10	6926217	7410923	7168570	484707
5_12	10	5	20.271	30.397	10	5331777	5816483	5574130	10	7410924	7895630	7653277	484707
5_13	10	5	20.558	30.988	10	5816484	6301190	6058837	10	7895631	8380337	8137984	484707
5_14	10	5	20.932	31.159	10	6301191	6785897	6543544	10	8380338	8865044	8622691	484707
5_15	10	5	21.163	31.994	10	6785898	7270604	7028251	10	8865045	9349751	9107398	484707
5_16	10	5	22.27	32.827	10	7270605	7755311	7512958	10	9349752	9834458	9592105	484707
5_17	10	5	22.549	33.76	10	7755312	8240018	7997665	10	9834459	10319165	10076812	484707
5_18	10	5	22.688	34.404	10	8240019	8724725	8482372	10	10319166	10803872	10561519	484707
5_19	10	5	23.018	34.954	10	8724726	9209432	8967079	10	10803873	11288579	11046226	484707
5_20	10	5	24.065	35.331	10	9209433	9694139	9451786	10	11288580	11773286	11530933	484707
5_21	10	5	25.257	35.659	10	9694140	10178846	9936493	10	11773287	12257993	12015640	484707
5_22	10	5	25.747	36.564	10	10178847	10663553	10421200	10	12257994	12742700	12500347	484707
5_23	10	5	27.585	38.421	10	10663554	11148260	10905907	10	12742701	13227407	12985054	484707
5_24	10	5	28.444	39.44	10	11148261	11632967	11390614	10	13227408	13712114	13469761	484707
5_25	10	5	30.55	42.695	10	11632968	12117674	11875321	10	13712115	14196821	13954468	484707
5_26	10	5	36.073	47.352	10	12117675	12602381	12360028	10	14196822	14681528	14439175	484707
5_27	10	5	40.928	54.723	10	12602382	13087088	12844735	10	14681529	15166235	14923882	484707
5_28	10	5	44.879	62.66	10	13087089	13571795	13329442	10	15166236	15650942	15408589	484707
5_29	10	5	52.459	73.24	10	13571796	14056502	13814149	10	15650943	16135649	15893296	484707
5_30	10	5	62.179	83.895	10	14056503	14541209	14298856	10	16135650	16620356	16378003	484707
149_1	10	149	62.878	84.132	Un	31976087	32069761	32022924	10	16621357	16715031	16668194	93675
149_2	10	149	61.96	84.178	Un	32069762	32163437	32116599	10	16715032	16808707	16761869	93676
208_2	10	208	62.491	84.353	Un	39765811	39820485	39793148	10	16809708	16864382	16837045	54675
208_1	10	208	60.979	85.083	Un	39711137	39765810	39738473	10	16864383	16919056	16891719	54674
59_1	10	59	63.443	84.29	10	14542210	14913952	14728081	10	16920057	17291799	17105928	371743
59_2	10	59	64.663	83.017	10	14913953	15285696	15099824	10	17291800	17663543	17477671	371744
59_3	10	59	65.206	85.737	10	15285697	15657440	15471568	10	17663544	18035287	17849415	371744
80_1	11	80	0.195	0.0	Un	19602079	19897696	19749887	11	1	295618	147809	295618
80_2	11	80	0.0	0.827	Un	19897697	20193314	20045505	11	295619	591236	443427	295618
167_2	11	167	0.45		Un	35065027	35142483	35103755	11	669694	747150	708422	77457
75_1	11	75	0.774	2.447	11	1	310076	155038	11	748151	1058226	903188	310076
75_2	11	75	1.315	1.68	11	310077	620152	465114	11	1058227	1368302	1213264	310076
49_4	11	49	0.895	3.016	11	1808693	2204539	2006616	11	1369303	1765149	1567226	395847
49_3	11	49	0.982	4.846	11	1412846	1808692	1610769	11	1765150	2160996	1963073	395847
49_2	11	49	1.166	5.276	11	1016999	1412845	1214922	11	2160997	2556843	2358920	395847
49_1	11	49	1.525	6.776	11	621153	1016998	819075	11	2556844	2952689	2754766	395846
11_1	11	11	3.222	8.602	11	2205540	2703476	2454508	11	2953690	3451626	3202658	497937
11_2	11	11	5.649	12.823	11	2703477	3201413	2952445	11	3451627	3949563	3700595	497937
11_3	11	11	6.308	14.27	11	3201414	3699350	3450382	11	3949564	4447500	4198532	497937
11_4	11	11	9.558	16.692	11	3699351	4197287	3948319	11	4447501	4945437	4696469	497937
11_5	11	11	9.259	17.784	11	4197288	4695224	4446256	11	4945438	5443374	5194406	497937
11_6	11	11	11.428	19.347	11	4695225	5193161	4944193	11	5443375	5941311	5692343	497937
11_7	11	11	11.653	20.699	11	5193162	5691098	5442130	11	5941312	6439248	6190280	497937
11_8	11	11	11.621	20.721	11	5691099	6189035	5940067	11	6439249	6937185	6688217	497937
11_9	11	11	12.297	22.043	11	6189036	6686972	6438004	11	6937186	7435122	7186154	497937
11_10	11	11	12.537	23.374	11	6686973	7184909	6935941	11	7435123	7933059	7684091	497937
11_11	11	11	12.854	24.383	11	7184910	7682846	7433878	11	7933060	8430996	8182028	497937
11_12	11	11	13.175	24.88	11	7682847	8180783	7931815	11	8430997	8928933	8679965	497937
11_13	11	11	13.501	25.803	11	8180784	8678720	8429752	11	8928934	9426870	9177902	497937
11_14	11	11	14.274	26.389	11	8678721	9176657	8927689	11	9426871	9924807	9675839	497937
11_15	11	11	15.063	27.172	11	9176658	9674595	9425626	11	9924808	10422745	10173776	497938
11_16	11	11	15.473	27.802	11	9674596	10172533	9923564	11	10422746	10920683	10671714	497938
11_17	11	11	15.856	28.334	11	10172534	10670471	10421502	11	10920684	11418621	11169652	497938
11_18	11	11	17.774	30.145	11	10670472	11168409	10919440	11	11418622	11916559	11667590	497938
11_19	11	11	18.864	30.393	11	11168410	11666347	11417378	11	11916560	12414497	12165528	497938
11_20	11	11	19.232	31.291	11	11666348	12164285	11915316	11	12414498	12912435	12663466	497938
11_21	11	11	20.237	32.127	11	12164286	12662223	12413254	11	12912436	13410373	13161404	497938
11_22	11	11	21.271	33.832	11	12662224	13160161	12911192	11	13410374	13908311	13659342	497938
11_23	11	11	24.447	36.856	11	13160162	13658099	13409130	11	13908312	14406249	14157280	497938
11_24	11	11	28.818	40.002	11	13658100	14156037	13907068	11	14406250	14904187	14655218	497938
11_25	11	11	35.749	50.312	11	14156038	14653975	14405006	11	14904188	15402125	15153156	497938
11_26	11	11	40.52	57.848	11	14653976	15151913	14902944	11	15402126	15900063	15651094	497938
151_1	11	151	44.24	63.519	Un	32355919	32451606	32403762	11	15901064	15996751	15948907	95688
151_2	11	151		65.276	Un	32451607	32547295	32499451	11	15996752	16092440	16044596	95689
79_2	11	79	49.406	67.099	11	15444794	15736674	15590734	11	16093441	16385321	16239381	291881
79_1	11	79	53.409	70.295	11	15152914	15444793	15298853	11	16385322	16677201	16531261	291880
103_2	11	103	64.191		11	15934848	16132021	16033434	11	16678202	16875375	16776788	197174
103_1	11	103	64.835	78.588	11	15737675	15934847	15836261	11	16875376	17072548	16973962	197173
100_2	11	100	61.533	81.074	11	16347661	16562300	16454980	11	17073549	17288188	17180868	214640
100_1	11	100	62.575	82.232	11	16133022	16347660	16240341	11	17288189	17502827	17395508	214639
190_1	11	190		84.054	11	16563301	16634676	16598988	11	17503828	17575203	17539515	71376
190_2	11	190	62.829		11	16634677	16706052	16670364	11	17575204	17646579	17610891	71376
114_1	12	114	0.0	1.059	Un	25991229	26175874	26083551	12	1	184646	92323	184646
114_2	12	114	0.452	0.0	Un	26175875	26360520	26268197	12	184647	369292	276969	184646
139_2	12	139	1.87	0.875	Un	30706349	30817804	30762076	12	370293	481748	426020	111456
139_1	12	139	3.382	1.734	Un	30594894	30706348	30650621	12	481749	593203	537476	111455
195_2	12	195	5.261	2.98	Un	38307285	38380945	38344115	12	594204	667864	631034	73661
195_1	12	195	6.45		Un	38233625	38307284	38270454	12	667865	741524	704694	73660
180_1	12	180	6.088	5.671	Un	36787135	36856035	36821585	12	742525	811425	776975	68901
158_1	12	158	11.37		12	1	90198	45099	12	881327	971524	926425	90198
158_2	12	158	12.808	10.433	12	90199	180396	135297	12	971525	1061722	1016623	90198
62_1	12	62	17.769	19.936	12	181397	536391	358894	12	1062723	1417717	1240220	354995
62_2	12	62	23.485	29.406	12	536392	891386	713889	12	1417718	1772712	1595215	354995
62_3	12	62	26.322	33.133	12	891387	1246382	1068884	12	1772713	2127708	1950210	354996
99_2	12	99	28.165	37.647	Un	23966125	24176448	24071286	12	2128709	2339032	2233870	210324
99_1	12	99	29.623	40.082	Un	23755801	23966124	23860962	12	2339033	2549356	2444194	210324
68_1	12	68	37.726	45.562	Un	16636734	17071319	16854026	12	2550357	2984942	2767649	434586
68_2	12	68	40.337	47.771	Un	17071320	17505905	17288612	12	2984943	3419528	3202235	434586
64_1	12	64	41.365	49.181	12	1247383	1727896	1487639	12	3420529	3901042	3660785	480514
64_2	12	64	43.662	50.605	12	1727897	2208411	1968154	12	3901043	4381557	4141300	480515
6_29	12	6	46.033	52.371	12	16053194	16547614	16300404	12	4382558	4876978	4629768	494421
6_28	12	6	47.859	53.139	12	15558773	16053193	15805983	12	4876979	5371399	5124189	494421
6_27	12	6	48.32	54.061	12	15064352	15558772	15311562	12	5371400	5865820	5618610	494421
6_26	12	6	49.368	54.864	12	14569931	15064351	14817141	12	5865821	6360241	6113031	494421
6_25	12	6	51.176	55.62	12	14075510	14569930	14322720	12	6360242	6854662	6607452	494421
6_24	12	6	51.748	56.085	12	13581089	14075509	13828299	12	6854663	7349083	7101873	494421
6_23	12	6	51.731	56.497	12	13086668	13581088	13333878	12	7349084	7843504	7596294	494421
6_22	12	6	51.868	56.49	12	12592247	13086667	12839457	12	7843505	8337925	8090715	494421
6_21	12	6	52.052	56.668	12	12097826	12592246	12345036	12	8337926	8832346	8585136	494421
6_20	12	6	52.874	57.289	12	11603405	12097825	11850615	12	8832347	9326767	9079557	494421
6_19	12	6	53.536	57.78	12	11108984	11603404	11356194	12	9326768	9821188	9573978	494421
6_18	12	6	53.922	58.288	12	10614563	11108983	10861773	12	9821189	10315609	10068399	494421
6_17	12	6	53.909	58.487	12	10120142	10614562	10367352	12	10315610	10810030	10562820	494421
6_16	12	6	54.606	58.594	12	9625721	10120141	9872931	12	10810031	11304451	11057241	494421
6_15	12	6	54.75		12	9131300	9625720	9378510	12	11304452	11798872	11551662	494421
6_14	12	6	55.495	59.838	12	8636879	9131299	8884089	12	11798873	12293293	12046083	494421
6_13	12	6	56.546	60.207	12	8142458	8636878	8389668	12	12293294	12787714	12540504	494421
6_12	12	6	56.629	61.356	12	7648037	8142457	7895247	12	12787715	13282135	13034925	494421
6_11	12	6	57.277	62.174	12	7153616	7648036	7400826	12	13282136	13776556	13529346	494421
6_10	12	6	57.702	63.221	12	6659195	7153615	6906405	12	13776557	14270977	14023767	494421
6_9	12	6	58.88	64.862	12	6164774	6659194	6411984	12	14270978	14765398	14518188	494421
6_8	12	6	59.731	65.998	12	5670353	6164773	5917563	12	14765399	15259819	15012609	494421
6_7	12	6	60.365	67.75	12	5175932	5670352	5423142	12	15259820	15754240	15507030	494421
6_6	12	6	63.406	72.074	12	4681512	5175931	4928721	12	15754241	16248660	16001450	494420
6_5	12	6	65.71	74.415	12	4187092	4681511	4434301	12	16248661	16743080	16495870	494420
6_4	12	6	66.454	75.706	12	3692672	4187091	3939881	12	16743081	17237500	16990290	494420
6_3	12	6	66.537	77.426	12	3198252	3692671	3445461	12	17237501	17731920	17484710	494420
6_2	12	6	67.345	79.192	12	2703832	3198251	2951041	12	17731921	18226340	17979130	494420
6_1	12	6	67.965		12	2209412	2703831	2456621	12	18226341	18720760	18473550	494420
70_2	12	70	67.841	80.0	12	16919067	17289518	17104292	12	18721761	19092212	18906986	370452
70_1	12	70	68.792	81.34	12	16548615	16919066	16733840	12	19092213	19462664	19277438	370452
60_3	12	60	69.953	84.08	12	18030885	18401067	18215976	12	19463665	19833847	19648756	370183
60_2	12	60	72.924	86.98	12	17660702	18030884	17845793	12	19833848	20204030	20018939	370183
60_1	12	60	75.23	88.509	12	17290519	17660701	17475610	12	20204031	20574213	20389122	370183
148_1	12	148	75.965	91.557	Un	31778178	31876631	31827404	12	20575214	20673667	20624440	98454
148_2	12	148	76.874	94.285	Un	31876632	31975086	31925859	12	20673668	20772122	20722895	98455
51_3	13	51	0.0	0.0	13	982843	1474264	1228553	13	1	491422	245711	491422
51_2	13	51	0.373	1.729	13	491422	982842	737132	13	491423	982843	737133	491421
51_1	13	51	0.458	4.309	13	1	491421	245711	13	982844	1474264	1228554	491421
52_1	13	52	0.716	4.876	13	1475265	1924895	1700080	13	1475265	1924895	1700080	449631
52_2	13	52	1.225	7.409	13	1924896	2374526	2149711	13	1924896	2374526	2149711	449631
52_3	13	52	2.447	10.28	13	2374527	2824157	2599342	13	2374527	2824157	2599342	449631
4_1	13	4	3.465	12.484	13	2825158	3314407	3069782	13	2825158	3314407	3069782	489250
4_2	13	4	4.445	14.49	13	3314408	3803657	3559032	13	3314408	3803657	3559032	489250
4_3	13	4	6.052	17.43	13	3803658	4292907	4048282	13	3803658	4292907	4048282	489250
4_4	13	4	7.888	18.44	13	4292908	4782157	4537532	13	4292908	4782157	4537532	489250
4_5	13	4	9.839	20.223	13	4782158	5271407	5026782	13	4782158	5271407	5026782	489250
4_6	13	4	11.743	21.033	13	5271408	5760657	5516032	13	5271408	5760657	5516032	489250
4_7	13	4	13.466		13	5760658	6249907	6005282	13	5760658	6249907	6005282	489250
4_8	13	4	14.228	23.834	13	6249908	6739157	6494532	13	6249908	6739157	6494532	489250
4_9	13	4	15.223	24.254	13	6739158	7228407	6983782	13	6739158	7228407	6983782	489250
4_10	13	4	15.323	24.195	13	7228408	7717657	7473032	13	7228408	7717657	7473032	489250
4_11	13	4	16.085	25.725	13	7717658	8206907	7962282	13	7717658	8206907	7962282	489250
4_12	13	4	16.319	26.634	13	8206908	8696157	8451532	13	8206908	8696157	8451532	489250
4_13	13	4	16.653	27.206	13	8696158	9185407	8940782	13	8696158	9185407	8940782	489250
4_14	13	4	16.936	27.719	13	9185408	9674657	9430032	13	9185408	9674657	9430032	489250
4_15	13	4	17.576	28.144	13	9674658	10163907	9919282	13	9674658	10163907	9919282	489250
4_16	13	4	17.928	28.886	13	10163908	10653157	10408532	13	10163908	10653157	10408532	489250
4_17	13	4	18.103	29.251	13	10653158	11142407	10897782	13	10653158	11142407	10897782	489250
4_18	13	4	18.432	29.729	13	11142408	11631657	11387032	13	11142408	11631657	11387032	489250
4_19	13	4	18.625	29.637	13	11631658	12120908	11876283	13	11631658	12120908	11876283	489251
4_20	13	4	18.801	30.088	13	12120909	12610159	12365534	13	12120909	12610159	12365534	489251
4_21	13	4	19.686	30.245	13	12610160	13099410	12854785	13	12610160	13099410	12854785	489251
4_22	13	4	20.34	30.738	13	13099411	13588661	13344036	13	13099411	13588661	13344036	489251
4_23	13	4	21.136	31.444	13	13588662	14077912	13833287	13	13588662	14077912	13833287	489251
4_24	13	4	21.38	32.232	13	14077913	14567163	14322538	13	14077913	14567163	14322538	489251
4_25	13	4	21.53	33.156	13	14567164	15056414	14811789	13	14567164	15056414	14811789	489251
4_26	13	4	22.57	33.886	13	15056415	15545665	15301040	13	15056415	15545665	15301040	489251
4_27	13	4	23.45	35.643	13	15545666	16034916	15790291	13	15545666	16034916	15790291	489251
4_28	13	4	24.565	37.385	13	16034917	16524167	16279542	13	16034917	16524167	16279542	489251
4_29	13	4	26.8	40.442	13	16524168	17013418	16768793	13	16524168	17013418	16768793	489251
4_30	13	4		42.314	13	17013419	17502669	17258044	13	17013419	17502669	17258044	489251
4_31	13	4	32.582	46.149	13	17502670	17991920	17747295	13	17502670	17991920	17747295	489251
4_32	13	4	39.223	54.463	13	17991921	18481171	18236546	13	17991921	18481171	18236546	489251
57_3	13	57	46.935	60.924	13	19261118	19650590	19455854	13	18482172	18871644	18676908	389473
57_2	13	57	51.2	65.896	13	18871645	19261117	19066381	13	18871645	19261117	19066381	389473
57_1	13	57	55.417	69.577	13	18482172	18871644	18676908	13	19261118	19650590	19455854	389473
220_1	13	220	64.294		Un	40784669	40844717	40814693	13	19651591	19711639	19681615	60049
107_2	13	107	68.04	76.151	13	19861046	20070501	19965773	13	19772689	19982144	19877416	209456
107_1	13	107	66.646	79.018	13	19651591	19861045	19756318	13	19982145	20191599	20086872	209455
200_1	13	200	65.511	79.564	Un	38806662	38857298	38831980	13	20192600	20243236	20217918	50637
150_2	13	150	65.773	80.015	Un	32259678	32354918	32307298	13	20294875	20390115	20342495	95241
150_1	13	150	65.877	80.434	Un	32164438	32259677	32212057	13	20390116	20485355	20437735	95240
133_2	13	133	64.792	81.07	Un	29704740	29837943	29771341	13	20619559	20752762	20686160	133204
176_2	14	176		0.0	Un	36271644	36342913	36307278	14	71271	142540	106905	71270
116_2	14	116	0.364	1.359	14	172861	345721	259291	14	143541	316401	229971	172861
116_1	14	116	0.0	2.041	14	1	172860	86430	14	316402	489261	402831	172860
197_1	14	197	0.689		Un	38481573	38539286	38510429	14	490262	547975	519118	57714
197_2	14	197	0.893	2.398	Un	38539287	38597001	38568144	14	547976	605690	576833	57715
168_2	14	168	2.584	3.132	Un	35220723	35297961	35259342	14	606691	683929	645310	77239
168_1	14	168	3.684	3.67	Un	35143484	35220722	35182103	14	683930	761168	722549	77239
12_1	14	12	6.671	5.629	14	346722	836575	591648	14	762169	1252022	1007095	489854
12_2	14	12	12.48	12.391	14	836576	1326429	1081502	14	1252023	1741876	1496949	489854
12_3	14	12	21.559	19.306	14	1326430	1816283	1571356	14	1741877	2231730	1986803	489854
12_4	14	12	31.189	27.364	14	1816284	2306137	2061210	14	2231731	2721584	2476657	489854
12_5	14	12	36.855	33.164	14	2306138	2795991	2551064	14	2721585	3211438	2966511	489854
12_6	14	12	41.932	38.084	14	2795992	3285845	3040918	14	3211439	3701292	3456365	489854
12_7	14	12	44.638	42.51	14	3285846	3775699	3530772	14	3701293	4191146	3946219	489854
12_8	14	12	47.761	44.386	14	3775700	4265553	4020626	14	4191147	4681000	4436073	489854
12_9	14	12	50.363		14	4265554	4755407	4510480	14	4681001	5170854	4925927	489854
12_10	14	12	51.595	47.64	14	4755408	5245261	5000334	14	5170855	5660708	5415781	489854
12_11	14	12	52.285	49.303	14	5245262	5735115	5490188	14	5660709	6150562	5905635	489854
12_12	14	12	53.977	49.798	14	5735116	6224969	5980042	14	6150563	6640416	6395489	489854
12_13	14	12	55.396	51.477	14	6224970	6714823	6469896	14	6640417	7130270	6885343	489854
12_14	14	12	57.045	52.21	14	6714824	7204677	6959750	14	7130271	7620124	7375197	489854
12_15	14	12	58.094	52.738	14	7204678	7694531	7449604	14	7620125	8109978	7865051	489854
12_16	14	12	59.584	53.506	14	7694532	8184385	7939458	14	8109979	8599832	8354905	489854
12_17	14	12	60.583	54.127	14	8184386	8674240	8429313	14	8599833	9089687	8844760	489855
12_18	14	12	61.694	55.727	14	8674241	9164095	8919168	14	9089688	9579542	9334615	489855
12_19	14	12	62.719	56.435	14	9164096	9653950	9409023	14	9579543	10069397	9824470	489855
12_20	14	12	63.524	57.271	14	9653951	10143805	9898878	14	10069398	10559252	10314325	489855
12_21	14	12	64.7	58.398	14	10143806	10633660	10388733	14	10559253	11049107	10804180	489855
12_22	14	12	65.242	60.138	14	10633661	11123515	10878588	14	11049108	11538962	11294035	489855
12_23	14	12	66.045	61.489	14	11123516	11613370	11368443	14	11538963	12028817	11783890	489855
12_24	14	12	66.339	62.58	14	11613371	12103225	11858298	14	12028818	12518672	12273745	489855
12_25	14	12	66.974		14	12103226	12593080	12348153	14	12518673	13008527	12763600	489855
12_26	14	12	66.854		14	12593081	13082935	12838008	14	13008528	13498382	13253455	489855
40_5	14	40	66.67	64.973	14	14813956	15246461	15030208	14	13499383	13931888	13715635	432506
40_4	14	40	66.543	64.568	14	14381451	14813955	14597703	14	13931889	14364393	14148141	432505
40_3	14	40	66.787	67.128	14	13948946	14381450	14165198	14	14364394	14796898	14580646	432505
40_2	14	40	68.312	68.887	14	13516441	13948945	13732693	14	14796899	15229403	15013151	432505
40_1	14	40	68.949		14	13083936	13516440	13300188	14	15229404	15661908	15445656	432505
88_2	14	88	69.602	72.179	Un	21013174	21267600	21140387	14	15662909	15917335	15790122	254427
88_1	14	88		72.989	Un	20758748	21013173	20885960	14	15917336	16171761	16044548	254426
110_2	15	110	0.0	0.0	15	170771	341541	256156	15	1	170771	85386	170771
110_1	15	110	0.319	3.591	15	1	170770	85385	15	170772	341541	256156	170770
159_1	15	159		5.008	Un	33535842	33619266	33577554	15	342542	425966	384254	83425
159_2	15	159	2.771	5.324	Un	33619267	33702692	33660979	15	425967	509392	467679	83426
184_2	15	184	3.829	6.15	Un	37271758	37345605	37308681	15	510393	584240	547316	73848
184_1	15	184	4.235	6.484	Un	37197910	37271757	37234833	15	584241	658088	621164	73848
72_2	15	72	7.397	8.964	15	706205	1069868	888036	15	659089	1022752	840920	363664
72_1	15	72	13.732	12.509	15	342542	706204	524373	15	1022753	1386415	1204584	363663
10_1	15	10	20.774	18.455	15	1070869	1563792	1317330	15	1387416	1880339	1633877	492924
10_2	15	10	26.37	25.956	15	1563793	2056716	1810254	15	1880340	2373263	2126801	492924
10_3	15	10	32.786	36.144	15	2056717	2549640	2303178	15	2373264	2866187	2619725	492924
10_4	15	10	38.094	41.99	15	2549641	3042564	2796102	15	2866188	3359111	3112649	492924
10_5	15	10	41.574	44.89	15	3042565	3535488	3289026	15	3359112	3852035	3605573	492924
10_6	15	10	44.216		15	3535489	4028412	3781950	15	3852036	4344959	4098497	492924
10_7	15	10	45.806	50.193	15	4028413	4521336	4274874	15	4344960	4837883	4591421	492924
10_8	15	10	46.403		15	4521337	5014260	4767798	15	4837884	5330807	5084345	492924
10_9	15	10	47.445	51.61	15	5014261	5507185	5260723	15	5330808	5823732	5577270	492925
10_10	15	10	48.657	52.085	15	5507186	6000110	5753648	15	5823733	6316657	6070195	492925
10_11	15	10	49.394	52.567	15	6000111	6493035	6246573	15	6316658	6809582	6563120	492925
10_12	15	10	49.916	53.35	15	6493036	6985960	6739498	15	6809583	7302507	7056045	492925
10_13	15	10	50.535	53.932	15	6985961	7478885	7232423	15	7302508	7795432	7548970	492925
10_14	15	10	51.178	54.242	15	7478886	7971810	7725348	15	7795433	8288357	8041895	492925
10_15	15	10	51.468	55.377	15	7971811	8464735	8218273	15	8288358	8781282	8534820	492925
10_16	15	10	52.401	56.112	15	8464736	8957660	8711198	15	8781283	9274207	9027745	492925
10_17	15	10	53.505	56.975	15	8957661	9450585	9204123	15	9274208	9767132	9520670	492925
10_18	15	10	54.41	58.208	15	9450586	9943510	9697048	15	9767133	10260057	10013595	492925
10_19	15	10	56.09	60.143	15	9943511	10436435	10189973	15	10260058	10752982	10506520	492925
10_20	15	10	57.842	61.483	15	10436436	10929360	10682898	15	10752983	11245907	10999445	492925
10_21	15	10	60.066	63.331	15	10929361	11422285	11175823	15	11245908	11738832	11492370	492925
10_22	15	10	61.09	64.192	15	11422286	11915210	11668748	15	11738833	12231757	11985295	492925
10_23	15	10	61.803	66.735	15	11915211	12408135	12161673	15	12231758	12724682	12478220	492925
10_24	15	10	65.321	68.644	15	12408136	12901060	12654598	15	12724683	13217607	12971145	492925
10_25	15	10	64.508	69.009	15	12901061	13393985	13147523	15	13217608	13710532	13464070	492925
10_26	15	10	64.718	71.106	15	13393986	13886910	13640448	15	13710533	14203457	13956995	492925
10_27	15	10	64.801		15	13886911	14379835	14133373	15	14203458	14696382	14449920	492925
128_2	15	128	64.595		Un	28417991	28543617	28480804	15	14697383	14823009	14760196	125627
128_1	15	128	65.237		Un	28292364	28417990	28355177	15	14823010	14948636	14885823	125627
45_4	15	45	64.954	70.279	15	15737613	16189872	15963742	15	14949637	15401896	15175766	452260
45_3	15	45	65.083	73.596	15	15285354	15737612	15511483	15	15401897	15854155	15628026	452259
45_2	15	45	66.849	77.507	15	14833095	15285353	15059224	15	15854156	16306414	16080285	452259
45_1	15	45	67.432	80.367	15	14380836	14833094	14606965	15	16306415	16758673	16532544	452259
84_1	15	84	67.747	81.693	Un	20194315	20476030	20335172	15	16759674	17041389	16900531	281716
84_2	15	84	68.406	82.687	Un	20476031	20757747	20616889	15	17041390	17323106	17182248	281717
26_1	16	26	0.0	0.0	16	1	480127	240064	16	1	480127	240064	480127
26_2	16	26	0.595	1.315	16	480128	960254	720191	16	480128	960254	720191	480127
26_3	16	26	1.301	1.958	16	960255	1440381	1200318	16	960255	1440381	1200318	480127
26_4	16	26	3.878	4.472	16	1440382	1920508	1680445	16	1440382	1920508	1680445	480127
26_5	16	26	5.608	5.92	16	1920509	2400635	2160572	16	1920509	2400635	2160572	480127
26_6	16	26	10.171	9.529	16	2400636	2880762	2640699	16	2400636	2880762	2640699	480127
26_7	16	26	14.993	16.151	16	2880763	3360890	3120826	16	2880763	3360890	3120826	480128
26_8	16	26	16.573	20.59	16	3360891	3841018	3600954	16	3360891	3841018	3600954	480128
26_9	16	26	18.323	22.329	16	3841019	4321146	4081082	16	3841019	4321146	4081082	480128
26_10	16	26	19.938	24.39	16	4321147	4801274	4561210	16	4321147	4801274	4561210	480128
26_11	16	26	20.777	25.228	16	4801275	5281402	5041338	16	4801275	5281402	5041338	480128
14_1	16	14	21.852	26.883	16	5282403	5777235	5529819	16	5282403	5777235	5529819	494833
14_2	16	14	22.308	28.748	16	5777236	6272068	6024652	16	5777236	6272068	6024652	494833
14_3	16	14	23.001	29.501	16	6272069	6766901	6519485	16	6272069	6766901	6519485	494833
14_4	16	14	24.5	30.77	16	6766902	7261735	7014318	16	6766902	7261735	7014318	494834
14_5	16	14	24.806	31.625	16	7261736	7756569	7509152	16	7261736	7756569	7509152	494834
14_6	16	14	25.753	32.203	16	7756570	8251403	8003986	16	7756570	8251403	8003986	494834
14_7	16	14	26.076	32.86	16	8251404	8746237	8498820	16	8251404	8746237	8498820	494834
14_8	16	14	26.802	33.551	16	8746238	9241071	8993654	16	8746238	9241071	8993654	494834
14_9	16	14	27.607	34.333	16	9241072	9735905	9488488	16	9241072	9735905	9488488	494834
14_10	16	14	28.071	34.733	16	9735906	10230739	9983322	16	9735906	10230739	9983322	494834
14_11	16	14	28.435	35.005	16	10230740	10725573	10478156	16	10230740	10725573	10478156	494834
14_12	16	14	29.271	35.008	16	10725574	11220407	10972990	16	10725574	11220407	10972990	494834
14_13	16	14	30.005	35.455	16	11220408	11715241	11467824	16	11220408	11715241	11467824	494834
14_14	16	14	30.766	35.833	16	11715242	12210075	11962658	16	11715242	12210075	11962658	494834
14_15	16	14	30.594	36.478	16	12210076	12704909	12457492	16	12210076	12704909	12457492	494834
14_16	16	14	30.614	36.79	16	12704910	13199743	12952326	16	12704910	13199743	12952326	494834
14_17	16	14		37.769	16	13199744	13694577	13447160	16	13199744	13694577	13447160	494834
14_18	16	14	33.225	39.33	16	13694578	14189411	13941994	16	13694578	14189411	13941994	494834
14_19	16	14	34.956	40.688	16	14189412	14684245	14436828	16	14189412	14684245	14436828	494834
14_20	16	14		42.684	16	14684246	15179079	14931662	16	14684246	15179079	14931662	494834
14_21	16	14	38.128	46.764	16	15179080	15673913	15426496	16	15179080	15673913	15426496	494834
14_22	16	14		51.301	16	15673914	16168747	15921330	16	15673914	16168747	15921330	494834
44_4	16	44		58.73	16	17629278	18115788	17872533	16	16169748	16656258	16413003	486511
44_3	16	44	55.971	72.418	16	17142768	17629277	17386022	16	16656259	17142768	16899513	486510
44_2	16	44	59.399	78.264	16	16656258	17142767	16899512	16	17142769	17629278	17386023	486510
44_1	16	44	59.411	78.259	16	16169748	16656257	16413002	16	17629279	18115788	17872533	486510
115_2	16	115	62.437	83.992	Un	26533530	26705539	26619534	16	18116789	18288798	18202793	172010
115_1	16	115	66.322	85.264	Un	26361521	26533529	26447525	16	18288799	18460807	18374803	172009
181_1	16	181	67.194	87.813	Un	36925937	36993667	36959802	16	18461808	18529538	18495673	67731
181_2	16	181	67.829		Un	36993668	37061398	37027533	16	18529539	18597269	18563404	67731
69_2	16	69	68.488	89.586	Un	17913694	18320481	18117087	16	18598270	19005057	18801663	406788
69_1	16	69	68.78	89.42	Un	17506906	17913693	17710299	16	19005058	19411845	19208451	406788
202_2	16	202		86.467	Un	39107414	39162288	39134851	16	19412846	19467720	19440283	54875
202_1	16	202	70.771	87.395	Un	39052540	39107413	39079976	16	19467721	19522594	19495157	54874
89_1	17	89	0.0		Un	21268601	21540467	21404534	17	1	271867	135934	271867
89_2	17	89	0.344	0.0	Un	21540468	21812334	21676401	17	271868	543734	407801	271867
109_2	17	109	0.629	1.764	17	204807	409613	307210	17	544735	749541	647138	204807
109_1	17	109	2.0	2.963	17	1	204806	102403	17	749542	954347	851944	204806
136_2	17	136	2.971		17	526062	641510	583786	17	955348	1070796	1013072	115449
136_1	17	136	3.536	5.035	17	410614	526061	468337	17	1070797	1186244	1128520	115448
191_2	17	191	4.193	5.673	17	704194	765877	735035	17	1248928	1310611	1279769	61684
174_1	17	174	5.019		17	766878	851045	808961	17	1311612	1395779	1353695	84168
174_2	17	174	5.596	9.872	17	851046	935213	893129	17	1395780	1479947	1437863	84168
25_2	17	25	11.524	17.685	17	1395542	1854869	1625205	17	1940276	2399603	2169939	459328
25_3	17	25	15.336	23.128	17	1854870	2314197	2084533	17	2399604	2858931	2629267	459328
25_4	17	25	23.123	35.496	17	2314198	2773525	2543861	17	2858932	3318259	3088595	459328
25_5	17	25	26.243	39.567	17	2773526	3232854	3003190	17	3318260	3777588	3547924	459329
25_6	17	25	28.352	43.401	17	3232855	3692183	3462519	17	3777589	4236917	4007253	459329
25_7	17	25	29.611	46.77	17	3692184	4151512	3921848	17	4236918	4696246	4466582	459329
25_8	17	25	31.256	48.57	17	4151513	4610841	4381177	17	4696247	5155575	4925911	459329
25_9	17	25	32.721	49.717	17	4610842	5070170	4840506	17	5155576	5614904	5385240	459329
25_10	17	25	33.611	51.379	17	5070171	5529499	5299835	17	5614905	6074233	5844569	459329
25_11	17	25	33.219	51.838	17	5529500	5988828	5759164	17	6074234	6533562	6303898	459329
25_12	17	25	33.476	52.789	17	5988829	6448157	6218493	17	6533563	6992891	6763227	459329
27_11	17	27	33.399	52.699	Un	4641147	5105261	4873204	17	6993892	7458006	7225949	464115
27_10	17	27	33.664	53.1	Un	4177032	4641146	4409089	17	7458007	7922121	7690064	464115
27_9	17	27	33.572	52.833	Un	3712917	4177031	3944974	17	7922122	8386236	8154179	464115
27_8	17	27	33.944	53.145	Un	3248802	3712916	3480859	17	8386237	8850351	8618294	464115
27_7	17	27	33.954	53.736	Un	2784687	3248801	3016744	17	8850352	9314466	9082409	464115
27_6	17	27	34.275	53.703	Un	2320572	2784686	2552629	17	9314467	9778581	9546524	464115
27_5	17	27	34.333	53.469	Un	1856457	2320571	2088514	17	9778582	10242696	10010639	464115
27_4	17	27	34.252	53.753	Un	1392343	1856456	1624399	17	10242697	10706810	10474753	464114
27_3	17	27	34.268	53.694	Un	928229	1392342	1160285	17	10706811	11170924	10938867	464114
27_2	17	27	34.197	53.571	Un	464115	928228	696171	17	11170925	11635038	11402981	464114
27_1	17	27	34.283		Un	1	464114	232057	17	11635039	12099152	11867095	464114
18_1	17	18	34.268	53.641	17	6449158	6928803	6688980	17	12100153	12579798	12339975	479646
18_2	17	18	34.299	53.957	17	6928804	7408449	7168626	17	12579799	13059444	12819621	479646
18_3	17	18	34.251	53.812	17	7408450	7888095	7648272	17	13059445	13539090	13299267	479646
18_4	17	18	34.249	54.38	17	7888096	8367741	8127918	17	13539091	14018736	13778913	479646
18_5	17	18	34.263	54.256	17	8367742	8847387	8607564	17	14018737	14498382	14258559	479646
18_6	17	18	34.905	54.877	17	8847388	9327033	9087210	17	14498383	14978028	14738205	479646
18_7	17	18	36.084	56.063	17	9327034	9806679	9566856	17	14978029	15457674	15217851	479646
18_8	17	18	36.8	57.249	17	9806680	10286325	10046502	17	15457675	15937320	15697497	479646
18_9	17	18	38.274	59.381	17	10286326	10765971	10526148	17	15937321	16416966	16177143	479646
18_10	17	18	42.351	62.629	17	10765972	11245617	11005794	17	16416967	16896612	16656789	479646
18_11	17	18	46.28	67.839	17	11245618	11725263	11485440	17	16896613	17376258	17136435	479646
18_12	17	18	54.45	72.683	17	11725264	12204909	11965086	17	17376259	17855904	17616081	479646
18_13	17	18	59.482	86.864	17	12204910	12684555	12444732	17	17855905	18335550	18095727	479646
18_14	17	18	64.67	95.453	17	12684556	13164201	12924378	17	18335551	18815196	18575373	479646
18_15	17	18	66.222	98.691	17	13164202	13643847	13404024	17	18815197	19294842	19055019	479646
18_16	17	18	67.311	101.114	17	13643848	14123494	13883671	17	19294843	19774489	19534666	479647
18_17	17	18	69.147	101.84	17	14123495	14603141	14363318	17	19774490	20254136	20014313	479647
29_1	18	29	0.0	0.0	18	1	482259	241130	18	1	482259	241130	482259
29_2	18	29	0.534	0.149	18	482260	964518	723389	18	482260	964518	723389	482259
29_3	18	29	2.135	2.588	18	964519	1446777	1205648	18	964519	1446777	1205648	482259
29_4	18	29	4.951	6.195	18	1446778	1929036	1687907	18	1446778	1929036	1687907	482259
29_5	18	29	9.654	14.468	18	1929037	2411295	2170166	18	1929037	2411295	2170166	482259
29_6	18	29	13.352	19.434	18	2411296	2893554	2652425	18	2411296	2893554	2652425	482259
29_7	18	29	15.244	24.637	18	2893555	3375814	3134684	18	2893555	3375814	3134684	482260
29_8	18	29	16.699	27.48	18	3375815	3858074	3616944	18	3375815	3858074	3616944	482260
29_9	18	29	17.087	28.456	18	3858075	4340334	4099204	18	3858075	4340334	4099204	482260
29_10	18	29	17.047	28.405	18	4340335	4822594	4581464	18	4340335	4822594	4581464	482260
21_1	18	21	17.077	28.249	18	4823595	5317222	5070408	18	4823595	5317222	5070408	493628
21_2	18	21	17.115	28.363	18	5317223	5810850	5564036	18	5317223	5810850	5564036	493628
21_3	18	21	17.431	28.504	18	5810851	6304478	6057664	18	5810851	6304478	6057664	493628
21_4	18	21	17.505	28.857	18	6304479	6798106	6551292	18	6304479	6798106	6551292	493628
21_5	18	21	18.134	29.484	18	6798107	7291734	7044920	18	6798107	7291734	7044920	493628
21_6	18	21	19.145	30.49	18	7291735	7785362	7538548	18	7291735	7785362	7538548	493628
21_7	18	21	20.815	31.516	18	7785363	8278990	8032176	18	7785363	8278990	8032176	493628
21_8	18	21	21.713	31.844	18	8278991	8772618	8525804	18	8278991	8772618	8525804	493628
21_9	18	21	22.729	32.434	18	8772619	9266246	9019432	18	8772619	9266246	9019432	493628
21_10	18	21	23.651	33.526	18	9266247	9759875	9513061	18	9266247	9759875	9513061	493629
21_11	18	21	25.349	35.498	18	9759876	10253504	10006690	18	9759876	10253504	10006690	493629
21_12	18	21	26.084	36.869	18	10253505	10747133	10500319	18	10253505	10747133	10500319	493629
21_13	18	21	27.396	38.712	18	10747134	11240762	10993948	18	10747134	11240762	10993948	493629
21_14	18	21	28.535	40.341	18	11240763	11734391	11487577	18	11240763	11734391	11487577	493629
21_15	18	21	29.588	43.001	18	11734392	12228020	11981206	18	11734392	12228020	11981206	493629
32_1	18	32	30.801	44.455	18	12229021	12699229	12464125	18	12229021	12699229	12464125	470209
32_2	18	32	31.697	46.156	18	12699230	13169438	12934334	18	12699230	13169438	12934334	470209
32_3	18	32	34.395	48.084	18	13169439	13639647	13404543	18	13169439	13639647	13404543	470209
32_4	18	32	38.877	54.471	18	13639648	14109856	13874752	18	13639648	14109856	13874752	470209
32_5	18	32	45.581	61.456	18	14109857	14580065	14344961	18	14109857	14580065	14344961	470209
32_6	18	32	51.321	68.429	18	14580066	15050274	14815170	18	14580066	15050274	14815170	470209
32_7	18	32	58.693	76.568	18	15050275	15520483	15285379	18	15050275	15520483	15285379	470209
32_8	18	32	63.979	81.308	18	15520484	15990693	15755588	18	15520484	15990693	15755588	470210
85_1	19	85	0.0	0.0	19	1	264824	132412	19	1	264824	132412	264824
85_2	19	85	1.437	0.799	19	264825	529649	397237	19	264825	529649	397237	264825
163_2	19	163	2.913	3.314	Un	34278981	34359936	34319458	19	530650	611605	571127	80956
163_1	19	163		5.248	Un	34198026	34278980	34238503	19	611606	692560	652083	80955
34_1	19	34	10.304	11.732	19	530650	1001021	765835	19	693561	1163932	928746	470372
34_2	19	34	20.104	19.134	19	1001022	1471393	1236207	19	1163933	1634304	1399118	470372
34_3	19	34	32.009	31.597	19	1471394	1941765	1706579	19	1634305	2104676	1869490	470372
34_4	19	34	38.784	45.748	19	1941766	2412137	2176951	19	2104677	2575048	2339862	470372
34_5	19	34	40.698	53.375	19	2412138	2882509	2647323	19	2575049	3045420	2810234	470372
34_6	19	34	41.551	55.352	19	2882510	3352881	3117695	19	3045421	3515792	3280606	470372
34_7	19	34	41.591	54.763	19	3352882	3823253	3588067	19	3515793	3986164	3750978	470372
224_2	19	224		47.935	Un	41166771	41270847	41218809	19	4091241	4195317	4143279	104077
3_33	19	3	41.483	55.169	19	19743194	20240660	19991927	19	4196318	4693784	4445051	497467
3_32	19	3	42.021	55.455	19	19245727	19743193	19494460	19	4693785	5191251	4942518	497467
3_31	19	3	46.908	55.228	19	18748260	19245726	18996993	19	5191252	5688718	5439985	497467
3_30	19	3	47.045	56.04	19	18250793	18748259	18499526	19	5688719	6186185	5937452	497467
3_29	19	3	46.428	56.85	19	17753326	18250792	18002059	19	6186186	6683652	6434919	497467
3_28	19	3	46.406	57.294	19	17255859	17753325	17504592	19	6683653	7181119	6932386	497467
3_27	19	3	46.74	58.44	19	16758392	17255858	17007125	19	7181120	7678586	7429853	497467
3_26	19	3	43.896	58.637	19	16260925	16758391	16509658	19	7678587	8176053	7927320	497467
3_25	19	3	43.785	59.705	19	15763458	16260924	16012191	19	8176054	8673520	8424787	497467
3_24	19	3	46.384	59.697	19	15265991	15763457	15514724	19	8673521	9170987	8922254	497467
3_23	19	3	46.145	59.668	19	14768524	15265990	15017257	19	9170988	9668454	9419721	497467
3_22	19	3	46.076	59.767	19	14271057	14768523	14519790	19	9668455	10165921	9917188	497467
3_21	19	3	46.033	59.915	19	13773590	14271056	14022323	19	10165922	10663388	10414655	497467
3_20	19	3	46.139	60.136	19	13276123	13773589	13524856	19	10663389	11160855	10912122	497467
3_19	19	3	45.962	60.098	19	12778656	13276122	13027389	19	11160856	11658322	11409589	497467
3_18	19	3	45.844	60.526	19	12281189	12778655	12529922	19	11658323	12155789	11907056	497467
3_17	19	3	45.51	61.188	19	11783722	12281188	12032455	19	12155790	12653256	12404523	497467
3_16	19	3	45.413	61.391	19	11286255	11783721	11534988	19	12653257	13150723	12901990	497467
3_15	19	3	45.108	61.534	19	10788788	11286254	11037521	19	13150724	13648190	13399457	497467
3_14	19	3	45.198	61.735	19	10291321	10788787	10540054	19	13648191	14145657	13896924	497467
3_13	19	3	45.159	61.484	19	9793854	10291320	10042587	19	14145658	14643124	14394391	497467
3_12	19	3	45.267	61.702	19	9296387	9793853	9545120	19	14643125	15140591	14891858	497467
3_11	19	3	48.259	61.588	19	8798920	9296386	9047653	19	15140592	15638058	15389325	497467
3_10	19	3	45.406	62.001	19	8301453	8798919	8550186	19	15638059	16135525	15886792	497467
3_9	19	3	49.754	62.062	19	7803986	8301452	8052719	19	16135526	16632992	16384259	497467
3_8	19	3		63.819	19	7306519	7803985	7555252	19	16632993	17130459	16881726	497467
3_7	19	3		65.351	19	6809052	7306518	7057785	19	17130460	17627926	17379193	497467
3_6	19	3	56.773	68.596	19	6311585	6809051	6560318	19	17627927	18125393	17876660	497467
3_5	19	3	60.468	72.017	19	5814118	6311584	6062851	19	18125394	18622860	18374127	497467
3_4	19	3	65.257	77.544	19	5316652	5814117	5565384	19	18622861	19120326	18871593	497466
3_3	19	3	71.735	85.551	19	4819186	5316651	5067918	19	19120327	19617792	19369059	497466
3_2	19	3	73.623	88.402	19	4321720	4819185	4570452	19	19617793	20115258	19866525	497466
3_1	19	3	74.265	89.505	19	3824254	4321719	4072986	19	20115259	20612724	20363991	497466
157_1	20	157	9.21	1.114	Un	33363666	33449253	33406459	20	1	85588	42794	85588
157_2	20	157	9.714	5.488	Un	33449254	33534841	33492047	20	85589	171176	128382	85588
137_1	20	137	0.0	0.0	Un	30344149	30469020	30406584	20	172177	297048	234612	124872
137_2	20	137	10.381	7.012	Un	30469021	30593893	30531457	20	297049	421921	359485	124873
104_1	20	104	8.886	5.227	20	1	207866	103933	20	422922	630787	526854	207866
104_2	20	104	9.412	6.005	20	207867	415733	311800	20	630788	838654	734721	207867
170_1	20	170	8.348	5.71	20	416734	504417	460575	20	839655	927338	883496	87684
170_2	20	170	7.759	5.798	20	504418	592102	548260	20	927339	1015023	971181	87685
122_1	20	122	11.073	9.253	Un	27694699	27847092	27770895	20	1016024	1168417	1092220	152394
122_2	20	122	12.847	13.262	Un	27847093	27999486	27923289	20	1168418	1320811	1244614	152394
143_1	20	143	15.208		20	593103	713121	653112	20	1321812	1441830	1381821	120019
143_2	20	143	17.577	21.069	20	713122	833141	773131	20	1441831	1561850	1501840	120020
2_35	20	2	21.619	29.359	20	17461788	17950836	17706312	20	1562851	2051899	1807375	489049
2_34	20	2	27.734	37.576	20	16972739	17461787	17217263	20	2051900	2540948	2296424	489049
2_33	20	2	37.8	47.113	20	16483690	16972738	16728214	20	2540949	3029997	2785473	489049
2_32	20	2		51.755	20	15994641	16483689	16239165	20	3029998	3519046	3274522	489049
2_31	20	2	44.383	56.427	20	15505592	15994640	15750116	20	3519047	4008095	3763571	489049
2_30	20	2	47.132	58.898	20	15016543	15505591	15261067	20	4008096	4497144	4252620	489049
2_29	20	2	49.279	60.305	20	14527494	15016542	14772018	20	4497145	4986193	4741669	489049
2_28	20	2	51.469	61.205	20	14038445	14527493	14282969	20	4986194	5475242	5230718	489049
2_27	20	2	51.505	61.803	20	13549396	14038444	13793920	20	5475243	5964291	5719767	489049
2_26	20	2	51.495	62.116	20	13060347	13549395	13304871	20	5964292	6453340	6208816	489049
2_25	20	2	51.615	62.741	20	12571298	13060346	12815822	20	6453341	6942389	6697865	489049
2_24	20	2	51.958	62.889	20	12082249	12571297	12326773	20	6942390	7431438	7186914	489049
2_23	20	2	52.665	63.364	20	11593200	12082248	11837724	20	7431439	7920487	7675963	489049
2_22	20	2	53.176	63.355	20	11104151	11593199	11348675	20	7920488	8409536	8165012	489049
2_21	20	2	53.195	63.825	20	10615102	11104150	10859626	20	8409537	8898585	8654061	489049
2_20	20	2	53.33	64.254	20	10126054	10615101	10370577	20	8898586	9387633	9143109	489048
2_19	20	2	53.368	64.426	20	9637006	10126053	9881529	20	9387634	9876681	9632157	489048
2_18	20	2	53.686	64.815	20	9147958	9637005	9392481	20	9876682	10365729	10121205	489048
2_17	20	2	53.998	64.731	20	8658910	9147957	8903433	20	10365730	10854777	10610253	489048
2_16	20	2	54.199	64.904	20	8169862	8658909	8414385	20	10854778	11343825	11099301	489048
2_15	20	2	54.36	65.21	20	7680814	8169861	7925337	20	11343826	11832873	11588349	489048
2_14	20	2	54.489	65.744	20	7191766	7680813	7436289	20	11832874	12321921	12077397	489048
2_13	20	2	54.655	66.124	20	6702718	7191765	6947241	20	12321922	12810969	12566445	489048
2_12	20	2	55.652	66.901	20	6213670	6702717	6458193	20	12810970	13300017	13055493	489048
2_11	20	2	55.999	67.084	20	5724622	6213669	5969145	20	13300018	13789065	13544541	489048
2_10	20	2	56.441	67.939	20	5235574	5724621	5480097	20	13789066	14278113	14033589	489048
2_9	20	2	56.669	68.274	20	4746526	5235573	4991049	20	14278114	14767161	14522637	489048
2_8	20	2	60.461	70.409	20	4257478	4746525	4502001	20	14767162	15256209	15011685	489048
2_7	20	2	62.528	74.039	20	3768430	4257477	4012953	20	15256210	15745257	15500733	489048
2_6	20	2	65.239	78.6	20	3279382	3768429	3523905	20	15745258	16234305	15989781	489048
2_5	20	2	69.115	81.164	20	2790334	3279381	3034857	20	16234306	16723353	16478829	489048
2_4	20	2	70.94	85.756	20	2301286	2790333	2545809	20	16723354	17212401	16967877	489048
2_3	20	2	72.274	88.384	20	1812238	2301285	2056761	20	17212402	17701449	17456925	489048
2_2	20	2	73.324	90.634	20	1323190	1812237	1567713	20	17701450	18190497	17945973	489048
2_1	20	2	74.568	91.57	20	834142	1323189	1078665	20	18190498	18679545	18435021	489048
46_1	20	46	74.899	92.105	20	17951837	18396894	18174365	20	18680546	19125603	18903074	445058
46_2	20	46	74.626	93.077	20	18396895	18841953	18619424	20	19125604	19570662	19348133	445059
46_3	20	46	76.981	94.208	20	18841954	19287012	19064483	20	19570663	20015721	19793192	445059
46_4	20	46	76.488	94.582	20	19287013	19732071	19509542	20	20015722	20460780	20238251	445059
94_2	21	94	0.0		Un	22582102	22840795	22711448	21	258694	517387	388040	258694
95_1	21	95	5.614	0.0	Un	22841796	23092009	22966902	21	518388	768601	643494	250214
95_2	21	95	7.137		Un	23092010	23342223	23217116	21	768602	1018815	893708	250214
134_1	21	134		1.936	Un	29838944	29967512	29903228	21	1019816	1148384	1084100	128569
147_2	21	147	8.5		Un	31669287	31777177	31723232	21	1385845	1493735	1439790	107891
144_2	21	144	8.916	2.699	21	148536	297070	222803	21	1643271	1791805	1717538	148535
37_1	21	37	11.765	10.126	Un	5106262	5547663	5326962	21	1792806	2234207	2013506	441402
37_2	21	37	11.968	10.226	Un	5547664	5989065	5768364	21	2234208	2675609	2454908	441402
37_3	21	37	11.786	11.186	Un	5989066	6430467	6209766	21	2675610	3117011	2896310	441402
37_4	21	37	11.877	11.47	Un	6430468	6871869	6651168	21	3117012	3558413	3337712	441402
37_5	21	37	11.807	12.501	Un	6871870	7313271	7092570	21	3558414	3999815	3779114	441402
37_6	21	37	11.717	12.629	Un	7313272	7754674	7533973	21	3999816	4441218	4220517	441403
16_1	21	16	11.723		21	298071	782104	540087	21	4442219	4926252	4684235	484034
16_2	21	16	11.64		21	782105	1266138	1024121	21	4926253	5410286	5168269	484034
16_3	21	16	11.689	13.056	21	1266139	1750172	1508155	21	5410287	5894320	5652303	484034
16_4	21	16	11.555	12.964	21	1750173	2234207	1992190	21	5894321	6378355	6136338	484035
16_5	21	16	11.628	13.364	21	2234208	2718242	2476225	21	6378356	6862390	6620373	484035
16_6	21	16	12.481	14.466	21	2718243	3202277	2960260	21	6862391	7346425	7104408	484035
16_7	21	16		14.524	21	3202278	3686312	3444295	21	7346426	7830460	7588443	484035
16_8	21	16	11.52	14.744	21	3686313	4170347	3928330	21	7830461	8314495	8072478	484035
16_9	21	16	12.922	15.658	21	4170348	4654382	4412365	21	8314496	8798530	8556513	484035
16_10	21	16	13.63	16.077	21	4654383	5138417	4896400	21	8798531	9282565	9040548	484035
16_11	21	16	14.17	17.416	21	5138418	5622452	5380435	21	9282566	9766600	9524583	484035
16_12	21	16	14.576	17.86	21	5622453	6106487	5864470	21	9766601	10250635	10008618	484035
16_13	21	16	11.038	17.86	21	6106488	6590522	6348505	21	10250636	10734670	10492653	484035
16_14	21	16	14.576	17.873	21	6590523	7074557	6832540	21	10734671	11218705	10976688	484035
16_15	21	16	14.576	17.913	21	7074558	7558592	7316575	21	11218706	11702740	11460723	484035
16_16	21	16	10.908	18.057	21	7558593	8042627	7800610	21	11702741	12186775	11944758	484035
16_17	21	16		18.942	21	8042628	8526662	8284645	21	12186776	12670810	12428793	484035
16_18	21	16	19.179	22.483	21	8526663	9010697	8768680	21	12670811	13154845	12912828	484035
16_19	21	16	23.242	28.154	21	9010698	9494732	9252715	21	13154846	13638880	13396863	484035
43_1	21	43	27.187	31.597	21	9495733	9971441	9733587	21	13639881	14115589	13877735	475709
43_2	21	43	29.629	36.463	21	9971442	10447150	10209296	21	14115590	14591298	14353444	475709
43_3	21	43	35.602	41.232	21	10447151	10922859	10685005	21	14591299	15067007	14829153	475709
43_4	21	43	42.189	47.156	21	10922860	11398568	11160714	21	15067008	15542716	15304862	475709
67_1	21	67	47.508		Un	15742364	16189048	15965706	21	15543717	15990401	15767059	446685
67_2	21	67	53.938	65.971	Un	16189049	16635733	16412391	21	15990402	16437086	16213744	446685
127_1	21	127	59.725		21	11399569	11532951	11466260	21	16438087	16571469	16504778	133383
127_2	21	127	62.198	73.745	21	11532952	11666335	11599643	21	16571470	16704853	16638161	133384
126_1	21	126	63.304		Un	28000487	28145924	28073205	21	16705854	16851291	16778572	145438
126_2	21	126	64.011	76.26	Un	28145925	28291363	28218644	21	16851292	16996730	16924011	145439
146_2	21	146		77.367	Un	31448130	31560395	31504262	21	16997731	17109996	17053863	112266
146_1	21	146	69.015	77.647	Un	31335865	31448129	31391997	21	17109997	17222261	17166129	112265
182_2	21	182	67.723	78.221	Un	37129654	37196909	37163281	21	17223262	17290517	17256889	67256
182_1	21	182		79.072	Un	37062399	37129653	37096026	21	17290518	17357772	17324145	67255
