CELL,TAG,i,Chr,ldw,n_all,n_flag,n_gap,over,mx
V0.5_c1,nobgs,1,Chr1,0.0125,13456,351,350,26,9299386
V0.5_c1,nobgs,1,Chr2,0.0125,13456,392,391,36,4382507
V0.5_c1,nobgs,1,Chr1,0.025,13456,42,41,6,12744075
V0.5_c1,nobgs,1,Chr2,0.025,13456,58,57,8,16578382
V0.5_c1,nobgs,1,Chr1,0.05,13456,12,11,2,5286061
V0.5_c1,nobgs,1,Chr2,0.05,13456,12,11,3,5270320
V0.5_c1,nobgs,1,Chr1,0.1,13456,4,3,0,-1585554
V0.5_c1,nobgs,2,Chr1,0.0125,9558,288,287,31,4410424
V0.5_c1,nobgs,2,Chr2,0.0125,9558,262,261,26,4043028
V0.5_c1,nobgs,2,Chr1,0.025,9558,54,53,11,3715529
V0.5_c1,nobgs,2,Chr2,0.025,9558,15,14,5,10442386
V0.5_c1,nobgs,2,Chr1,0.05,9558,23,22,3,358351
V0.5_c1,nobgs,2,Chr1,0.1,9558,12,11,2,358351
V0.5_c1,nobgs,3,Chr1,0.0125,9743,369,368,18,5483831
V0.5_c1,nobgs,3,Chr2,0.0125,9743,250,249,13,3974494
V0.5_c1,nobgs,3,Chr1,0.025,9743,71,70,6,732707
V0.5_c1,nobgs,3,Chr2,0.025,9743,30,29,4,2230302
V0.5_c1,nobgs,3,Chr1,0.05,9743,9,8,3,1715747
V0.5_c1,nobgs,3,Chr2,0.05,9743,4,3,2,2774039
V0.5_c1,nobgs,3,Chr1,0.1,9743,5,4,0,14119
V0.5_c1,nobgs,4,Chr1,0.0125,13286,505,504,33,2082820
V0.5_c1,nobgs,4,Chr2,0.0125,13286,295,294,29,3587640
V0.5_c1,nobgs,4,Chr1,0.025,13286,105,104,12,16083953
V0.5_c1,nobgs,4,Chr2,0.025,13286,58,57,7,16896859
V0.5_c1,nobgs,4,Chr1,0.05,13286,24,23,3,16432714
V0.5_c1,nobgs,4,Chr2,0.05,13286,17,16,3,16967527
V0.5_c1,nobgs,4,Chr1,0.1,13286,9,8,2,16450369
V0.5_c1,nobgs,4,Chr2,0.1,13286,8,7,0,-454986
V0.5_c1,nobgs,5,Chr1,0.0125,7466,342,341,14,1862867
V0.5_c1,nobgs,5,Chr2,0.0125,7466,500,499,11,3123619
V0.5_c1,nobgs,5,Chr1,0.025,7466,99,98,8,3372072
V0.5_c1,nobgs,5,Chr2,0.025,7466,81,80,8,4567489
V0.5_c1,nobgs,5,Chr1,0.05,7466,38,37,2,4248463
V0.5_c1,nobgs,5,Chr2,0.05,7466,12,11,1,899831
V0.5_c1,nobgs,5,Chr1,0.1,7466,16,15,0,49110
V0.5_c1,nobgs,5,Chr2,0.1,7466,4,3,0,-54166
V0.5_c1,nobgs,6,Chr1,0.0125,9929,474,473,20,3234583
V0.5_c1,nobgs,6,Chr2,0.0125,9929,476,475,27,2049130
V0.5_c1,nobgs,6,Chr1,0.025,9929,64,63,9,7663341
V0.5_c1,nobgs,6,Chr2,0.025,9929,42,41,5,10204925
V0.5_c1,nobgs,6,Chr1,0.05,9929,5,4,2,10611596
V0.5_c1,nobgs,6,Chr2,0.05,9929,6,5,3,4133593
V0.5_c1,nobgs,7,Chr1,0.0125,8621,467,466,10,4446526
V0.5_c1,nobgs,7,Chr2,0.0125,8621,363,362,12,5246702
V0.5_c1,nobgs,7,Chr1,0.025,8621,138,137,6,5990360
V0.5_c1,nobgs,7,Chr2,0.025,8621,95,94,7,4919993
V0.5_c1,nobgs,7,Chr1,0.05,8621,53,52,1,5606163
V0.5_c1,nobgs,7,Chr2,0.05,8621,33,32,2,5274555
V0.5_c1,nobgs,7,Chr1,0.1,8621,23,22,0,50483
V0.5_c1,nobgs,7,Chr2,0.1,8621,8,7,1,5573715
V0.5_c1,nobgs,8,Chr1,0.0125,10524,480,479,15,2978901
V0.5_c1,nobgs,8,Chr2,0.0125,10524,350,349,18,3645075
V0.5_c1,nobgs,8,Chr1,0.025,10524,200,199,4,354087
V0.5_c1,nobgs,8,Chr2,0.025,10524,51,50,8,7298376
V0.5_c1,nobgs,8,Chr1,0.05,10524,86,85,4,354087
V0.5_c1,nobgs,8,Chr2,0.05,10524,6,5,2,311862
V0.5_c1,nobgs,8,Chr1,0.1,10524,37,36,3,174176
V0.5_c1,nobgs,9,Chr1,0.0125,9598,482,481,17,2808901
V0.5_c1,nobgs,9,Chr2,0.0125,9598,443,442,24,2173024
V0.5_c1,nobgs,9,Chr1,0.025,9598,200,199,10,5932685
V0.5_c1,nobgs,9,Chr2,0.025,9598,86,85,13,6349609
V0.5_c1,nobgs,9,Chr1,0.05,9598,84,83,6,7290727
V0.5_c1,nobgs,9,Chr2,0.05,9598,13,12,5,869345
V0.5_c1,nobgs,9,Chr1,0.1,9598,28,27,2,9174280
V0.5_c1,nobgs,10,Chr1,0.0125,8149,277,276,18,2916826
V0.5_c1,nobgs,10,Chr2,0.0125,8149,489,488,15,3007236
V0.5_c1,nobgs,10,Chr1,0.025,8149,81,80,2,3718825
V0.5_c1,nobgs,10,Chr2,0.025,8149,59,58,10,4184003
V0.5_c1,nobgs,10,Chr1,0.05,8149,35,34,2,559615
V0.5_c1,nobgs,10,Chr2,0.05,8149,7,6,1,250384
V0.5_c1,nobgs,10,Chr1,0.1,8149,22,21,2,559615
V0.5_c1,bgs,1,Chr1,0.0125,12281,493,492,26,6612321
V0.5_c1,bgs,1,Chr2,0.0125,12281,325,324,14,10254259
V0.5_c1,bgs,1,Chr1,0.025,12281,128,127,12,15871752
V0.5_c1,bgs,1,Chr2,0.025,12281,56,55,5,16217300
V0.5_c1,bgs,1,Chr1,0.05,12281,28,27,5,16989040
V0.5_c1,bgs,1,Chr2,0.05,12281,14,13,2,18384510
V0.5_c1,bgs,1,Chr1,0.1,12281,10,9,1,4455809
V0.5_c1,bgs,1,Chr2,0.1,12281,9,8,1,4229666
V0.5_c1,bgs,2,Chr1,0.0125,8523,265,264,20,4455301
V0.5_c1,bgs,2,Chr2,0.0125,8523,273,272,26,3477655
V0.5_c1,bgs,2,Chr1,0.025,8523,20,19,3,9913141
V0.5_c1,bgs,2,Chr2,0.025,8523,14,13,3,5880933
V0.5_c1,bgs,2,Chr1,0.05,8523,2,1,0,-273410
V0.5_c1,bgs,3,Chr1,0.0125,8304,651,650,16,2285464
V0.5_c1,bgs,3,Chr2,0.0125,8304,306,305,14,3716702
V0.5_c1,bgs,3,Chr1,0.025,8304,87,86,11,3701689
V0.5_c1,bgs,3,Chr2,0.025,8304,43,42,3,2109745
V0.5_c1,bgs,3,Chr1,0.05,8304,9,8,4,10396777
V0.5_c1,bgs,3,Chr2,0.05,8304,4,3,1,2363016
V0.5_c1,bgs,4,Chr1,0.0125,11714,359,358,30,2702607
V0.5_c1,bgs,4,Chr2,0.0125,11714,240,239,25,3505567
V0.5_c1,bgs,4,Chr1,0.025,11714,118,117,6,16562291
V0.5_c1,bgs,4,Chr2,0.025,11714,42,41,7,16735619
V0.5_c1,bgs,4,Chr1,0.05,11714,51,50,4,16445183
V0.5_c1,bgs,4,Chr2,0.05,11714,7,6,1,17039839
V0.5_c1,bgs,4,Chr1,0.1,11714,12,11,1,113850
V0.5_c1,bgs,5,Chr1,0.0125,5940,416,415,12,1372243
V0.5_c1,bgs,5,Chr2,0.0125,5940,335,334,16,1798432
V0.5_c1,bgs,5,Chr1,0.025,5940,140,139,5,2700622
V0.5_c1,bgs,5,Chr2,0.025,5940,92,91,4,4172711
V0.5_c1,bgs,5,Chr1,0.05,5940,52,51,4,4412137
V0.5_c1,bgs,5,Chr2,0.05,5940,18,17,2,4883051
V0.5_c1,bgs,5,Chr1,0.1,5940,24,23,1,103718
V0.5_c1,bgs,5,Chr2,0.1,5940,5,4,1,253652
V0.5_c1,bgs,6,Chr1,0.0125,8058,590,589,19,2857501
V0.5_c1,bgs,6,Chr2,0.0125,8058,507,506,19,3054816
V0.5_c1,bgs,6,Chr1,0.025,8058,81,80,5,7637724
V0.5_c1,bgs,6,Chr2,0.025,8058,87,86,6,9322082
V0.5_c1,bgs,6,Chr1,0.05,8058,33,32,3,10512183
V0.5_c1,bgs,6,Chr2,0.05,8058,24,23,4,4054358
V0.5_c1,bgs,6,Chr1,0.1,8058,13,12,3,4132423
V0.5_c1,bgs,6,Chr2,0.1,8058,9,8,3,4384817
V0.5_c1,bgs,7,Chr1,0.0125,7250,543,542,15,2781237
V0.5_c1,bgs,7,Chr2,0.0125,7250,532,531,8,4224169
V0.5_c1,bgs,7,Chr1,0.025,7250,138,137,5,5948957
V0.5_c1,bgs,7,Chr2,0.025,7250,69,68,8,5334237
V0.5_c1,bgs,7,Chr1,0.05,7250,47,46,4,6134417
V0.5_c1,bgs,7,Chr2,0.05,7250,17,16,2,6650037
V0.5_c1,bgs,7,Chr1,0.1,7250,23,22,2,6893448
V0.5_c1,bgs,7,Chr2,0.1,7250,6,5,1,5093118
V0.5_c1,bgs,8,Chr1,0.0125,9191,588,587,16,3140656
V0.5_c1,bgs,8,Chr2,0.0125,9191,356,355,19,3597259
V0.5_c1,bgs,8,Chr1,0.025,9191,142,141,10,2645398
V0.5_c1,bgs,8,Chr2,0.025,9191,102,101,7,6487743
V0.5_c1,bgs,8,Chr1,0.05,9191,56,55,0,82744
V0.5_c1,bgs,8,Chr2,0.05,9191,24,23,3,329641
V0.5_c1,bgs,8,Chr1,0.1,9191,13,12,1,638914
V0.5_c1,bgs,8,Chr2,0.1,9191,5,4,0,-382953
V0.5_c1,bgs,9,Chr1,0.0125,7683,221,220,21,1992543
V0.5_c1,bgs,9,Chr2,0.0125,7683,271,270,30,1734229
V0.5_c1,bgs,9,Chr1,0.025,7683,16,15,4,9231523
V0.5_c1,bgs,9,Chr2,0.025,7683,42,41,5,2413558
V0.5_c1,bgs,9,Chr1,0.05,7683,6,5,1,487916
V0.5_c1,bgs,9,Chr2,0.05,7683,13,12,1,206040
V0.5_c1,bgs,9,Chr2,0.1,7683,3,2,0,-457788
V0.5_c1,bgs,10,Chr1,0.0125,6248,352,351,9,2988656
V0.5_c1,bgs,10,Chr2,0.0125,6248,389,388,16,3372836
V0.5_c1,bgs,10,Chr1,0.025,6248,86,85,6,811340
V0.5_c1,bgs,10,Chr2,0.025,6248,83,82,6,2344326
V0.5_c1,bgs,10,Chr1,0.05,6248,21,20,2,1241416
V0.5_c1,bgs,10,Chr2,0.05,6248,6,5,3,858443
V0.5_c1,bgs,10,Chr1,0.1,6248,4,3,0,-1417218
V0.5_c2,nobgs,1,Chr1,0.0125,10022,4175,4174,11,462330
V0.5_c2,nobgs,1,Chr2,0.0125,10022,4318,4317,5,259512
V0.5_c2,nobgs,1,Chr1,0.025,10022,1501,1500,22,462330
V0.5_c2,nobgs,1,Chr2,0.025,10022,1482,1481,19,457289
V0.5_c2,nobgs,1,Chr1,0.05,10022,227,226,56,2122069
V0.5_c2,nobgs,1,Chr2,0.05,10022,143,142,71,1990705
V0.5_c2,nobgs,1,Chr1,0.1,10022,7,6,5,6231653
V0.5_c2,nobgs,2,Chr1,0.0125,7671,3278,3277,5,166202
V0.5_c2,nobgs,2,Chr2,0.0125,7671,3163,3162,9,187119
V0.5_c2,nobgs,2,Chr1,0.025,7671,1207,1206,11,472367
V0.5_c2,nobgs,2,Chr2,0.025,7671,1262,1261,19,571189
V0.5_c2,nobgs,2,Chr1,0.05,7671,164,163,57,1427778
V0.5_c2,nobgs,2,Chr2,0.05,7671,175,174,49,1649896
V0.5_c2,nobgs,2,Chr1,0.1,7671,3,2,2,1275390
V0.5_c2,nobgs,2,Chr2,0.1,7671,3,2,1,9882463
V0.5_c2,nobgs,3,Chr1,0.0125,7644,3098,3097,3,190794
V0.5_c2,nobgs,3,Chr2,0.0125,7644,3017,3016,1,231222
V0.5_c2,nobgs,3,Chr1,0.025,7644,1212,1211,8,382282
V0.5_c2,nobgs,3,Chr2,0.025,7644,1014,1013,11,294683
V0.5_c2,nobgs,3,Chr1,0.05,7644,156,155,41,1075791
V0.5_c2,nobgs,3,Chr2,0.05,7644,135,134,47,956650
V0.5_c2,nobgs,3,Chr1,0.1,7644,2,1,1,325949
V0.5_c2,nobgs,4,Chr1,0.0125,10101,4001,4000,10,332066
V0.5_c2,nobgs,4,Chr2,0.0125,10101,4447,4446,4,275975
V0.5_c2,nobgs,4,Chr1,0.025,10101,1387,1386,26,613004
V0.5_c2,nobgs,4,Chr2,0.025,10101,1538,1537,25,565619
V0.5_c2,nobgs,4,Chr1,0.05,10101,165,164,75,1645454
V0.5_c2,nobgs,4,Chr2,0.05,10101,160,159,66,2119613
V0.5_c2,nobgs,4,Chr1,0.1,10101,4,3,3,13088072
V0.5_c2,nobgs,5,Chr1,0.0125,6377,2789,2788,0,69987
V0.5_c2,nobgs,5,Chr2,0.0125,6377,2699,2698,0,95234
V0.5_c2,nobgs,5,Chr1,0.025,6377,1167,1166,2,110295
V0.5_c2,nobgs,5,Chr2,0.025,6377,1084,1083,2,120683
V0.5_c2,nobgs,5,Chr1,0.05,6377,218,217,31,414524
V0.5_c2,nobgs,5,Chr2,0.05,6377,123,122,36,1081188
V0.5_c2,nobgs,5,Chr1,0.1,6377,20,19,7,2522080
V0.5_c2,nobgs,6,Chr1,0.0125,7035,2793,2792,6,745797
V0.5_c2,nobgs,6,Chr2,0.0125,7035,3079,3078,6,627487
V0.5_c2,nobgs,6,Chr1,0.025,7035,1152,1151,12,745797
V0.5_c2,nobgs,6,Chr2,0.025,7035,1126,1125,17,627487
V0.5_c2,nobgs,6,Chr1,0.05,7035,187,186,33,1433406
V0.5_c2,nobgs,6,Chr2,0.05,7035,131,130,38,1047692
V0.5_c2,nobgs,6,Chr1,0.1,7035,9,8,6,1731135
V0.5_c2,nobgs,7,Chr1,0.0125,6952,2639,2638,6,465948
V0.5_c2,nobgs,7,Chr2,0.0125,6952,3267,3266,0,87787
V0.5_c2,nobgs,7,Chr1,0.025,6952,1174,1173,10,671311
V0.5_c2,nobgs,7,Chr2,0.025,6952,1254,1253,10,284962
V0.5_c2,nobgs,7,Chr1,0.05,6952,228,227,33,899676
V0.5_c2,nobgs,7,Chr2,0.05,6952,164,163,49,818629
V0.5_c2,nobgs,7,Chr1,0.1,6952,26,25,11,2718464
V0.5_c2,nobgs,7,Chr2,0.1,6952,2,1,1,8103485
V0.5_c2,nobgs,8,Chr1,0.0125,8245,3298,3297,1,114735
V0.5_c2,nobgs,8,Chr2,0.0125,8245,3522,3521,1,150036
V0.5_c2,nobgs,8,Chr1,0.025,8245,1366,1365,5,246890
V0.5_c2,nobgs,8,Chr2,0.025,8245,1273,1272,10,200791
V0.5_c2,nobgs,8,Chr1,0.05,8245,186,185,52,1276491
V0.5_c2,nobgs,8,Chr2,0.05,8245,149,148,48,1281304
V0.5_c2,nobgs,8,Chr1,0.1,8245,2,1,1,7860135
V0.5_c2,nobgs,8,Chr2,0.1,8245,5,4,3,6531256
V0.5_c2,nobgs,9,Chr1,0.0125,7077,2695,2694,8,351932
V0.5_c2,nobgs,9,Chr2,0.0125,7077,3275,3274,2,125607
V0.5_c2,nobgs,9,Chr1,0.025,7077,1210,1209,12,351932
V0.5_c2,nobgs,9,Chr2,0.025,7077,1075,1074,15,155061
V0.5_c2,nobgs,9,Chr1,0.05,7077,248,247,50,562448
V0.5_c2,nobgs,9,Chr2,0.05,7077,90,89,45,2947009
V0.5_c2,nobgs,9,Chr1,0.1,7077,31,30,9,1116325
V0.5_c2,nobgs,10,Chr1,0.0125,6288,2399,2398,0,97503
V0.5_c2,nobgs,10,Chr2,0.0125,6288,3091,3090,1,111589
V0.5_c2,nobgs,10,Chr1,0.025,6288,1161,1160,3,141078
V0.5_c2,nobgs,10,Chr2,0.025,6288,1221,1220,2,122933
V0.5_c2,nobgs,10,Chr1,0.05,6288,285,284,39,389722
V0.5_c2,nobgs,10,Chr2,0.05,6288,177,176,49,614368
V0.5_c2,nobgs,10,Chr1,0.1,6288,37,36,9,2951172
V0.5_c2,nobgs,10,Chr2,0.1,6288,5,4,3,5942913
V0.5_c2,bgs,1,Chr1,0.0125,9585,4229,4228,16,595066
V0.5_c2,bgs,1,Chr2,0.0125,9585,4445,4444,11,351405
V0.5_c2,bgs,1,Chr1,0.025,9585,1975,1974,18,714965
V0.5_c2,bgs,1,Chr2,0.025,9585,2055,2054,15,404658
V0.5_c2,bgs,1,Chr1,0.05,9585,434,433,64,872264
V0.5_c2,bgs,1,Chr2,0.05,9585,384,383,65,1209288
V0.5_c2,bgs,1,Chr1,0.1,9585,31,30,13,2672574
V0.5_c2,bgs,1,Chr2,0.1,9585,29,28,16,3056220
V0.5_c2,bgs,2,Chr1,0.0125,6820,2947,2946,6,482154
V0.5_c2,bgs,2,Chr2,0.0125,6820,3219,3218,6,303835
V0.5_c2,bgs,2,Chr1,0.025,6820,1542,1541,7,482154
V0.5_c2,bgs,2,Chr2,0.025,6820,1643,1642,7,631455
V0.5_c2,bgs,2,Chr1,0.05,6820,391,390,34,673100
V0.5_c2,bgs,2,Chr2,0.05,6820,436,435,27,1361223
V0.5_c2,bgs,2,Chr1,0.1,6820,41,40,19,3698834
V0.5_c2,bgs,2,Chr2,0.1,6820,44,43,18,5224254
V0.5_c2,bgs,3,Chr1,0.0125,6363,2759,2758,5,153601
V0.5_c2,bgs,3,Chr2,0.0125,6363,3084,3083,4,146791
V0.5_c2,bgs,3,Chr1,0.025,6363,1500,1499,7,245768
V0.5_c2,bgs,3,Chr2,0.025,6363,1635,1634,7,551288
V0.5_c2,bgs,3,Chr1,0.05,6363,466,465,26,443165
V0.5_c2,bgs,3,Chr2,0.05,6363,395,394,25,868870
V0.5_c2,bgs,3,Chr1,0.1,6363,70,69,26,2463884
V0.5_c2,bgs,3,Chr2,0.1,6363,27,26,14,3484374
V0.5_c2,bgs,4,Chr1,0.0125,9605,4164,4163,12,226411
V0.5_c2,bgs,4,Chr2,0.0125,9605,4260,4259,14,356849
V0.5_c2,bgs,4,Chr1,0.025,9605,1835,1834,19,351623
V0.5_c2,bgs,4,Chr2,0.025,9605,1892,1891,25,356849
V0.5_c2,bgs,4,Chr1,0.05,9605,354,353,75,748365
V0.5_c2,bgs,4,Chr2,0.05,9605,393,392,73,1105063
V0.5_c2,bgs,4,Chr1,0.1,9605,38,37,16,8020659
V0.5_c2,bgs,4,Chr2,0.1,9605,46,45,13,16451462
V0.5_c2,bgs,5,Chr1,0.0125,4878,2136,2135,7,228127
V0.5_c2,bgs,5,Chr2,0.0125,4878,2496,2495,3,122961
V0.5_c2,bgs,5,Chr1,0.025,4878,1296,1295,6,260762
V0.5_c2,bgs,5,Chr2,0.025,4878,1490,1489,5,151167
V0.5_c2,bgs,5,Chr1,0.05,4878,426,425,16,260762
V0.5_c2,bgs,5,Chr2,0.05,4878,487,486,14,566867
V0.5_c2,bgs,5,Chr1,0.1,4878,40,39,16,1326209
V0.5_c2,bgs,5,Chr2,0.1,4878,79,78,26,1118782
V0.5_c2,bgs,6,Chr1,0.0125,6140,2643,2642,11,442817
V0.5_c2,bgs,6,Chr2,0.0125,6140,3098,3097,5,814360
V0.5_c2,bgs,6,Chr1,0.025,6140,1639,1638,10,540302
V0.5_c2,bgs,6,Chr2,0.025,6140,1584,1583,6,406427
V0.5_c2,bgs,6,Chr1,0.05,6140,563,562,19,804082
V0.5_c2,bgs,6,Chr2,0.05,6140,433,432,20,879172
V0.5_c2,bgs,6,Chr1,0.1,6140,90,89,29,3065768
V0.5_c2,bgs,6,Chr2,0.1,6140,45,44,18,5845875
V0.5_c2,bgs,7,Chr1,0.0125,5985,2655,2654,5,582055
V0.5_c2,bgs,7,Chr2,0.0125,5985,2854,2853,4,224508
V0.5_c2,bgs,7,Chr1,0.025,5985,1512,1511,9,582055
V0.5_c2,bgs,7,Chr2,0.025,5985,1547,1546,5,347139
V0.5_c2,bgs,7,Chr1,0.05,5985,532,531,15,1086477
V0.5_c2,bgs,7,Chr2,0.05,5985,473,472,18,350935
V0.5_c2,bgs,7,Chr1,0.1,5985,80,79,17,4025003
V0.5_c2,bgs,7,Chr2,0.1,5985,64,63,19,2798952
V0.5_c2,bgs,8,Chr1,0.0125,7082,3204,3203,4,180853
V0.5_c2,bgs,8,Chr2,0.0125,7082,3396,3395,1,124398
V0.5_c2,bgs,8,Chr1,0.025,7082,1705,1704,8,424098
V0.5_c2,bgs,8,Chr2,0.025,7082,1736,1735,8,150714
V0.5_c2,bgs,8,Chr1,0.05,7082,481,480,20,463391
V0.5_c2,bgs,8,Chr2,0.05,7082,423,422,37,387057
V0.5_c2,bgs,8,Chr1,0.1,7082,46,45,17,2696711
V0.5_c2,bgs,8,Chr2,0.1,7082,46,45,17,2697910
V0.5_c2,bgs,9,Chr1,0.0125,6281,2942,2941,7,220321
V0.5_c2,bgs,9,Chr2,0.0125,6281,2820,2819,7,166973
V0.5_c2,bgs,9,Chr1,0.025,6281,1482,1481,7,294747
V0.5_c2,bgs,9,Chr2,0.025,6281,1625,1624,10,360970
V0.5_c2,bgs,9,Chr1,0.05,6281,394,393,34,661946
V0.5_c2,bgs,9,Chr2,0.05,6281,468,467,33,616936
V0.5_c2,bgs,9,Chr1,0.1,6281,46,45,13,5138108
V0.5_c2,bgs,9,Chr2,0.1,6281,83,82,23,2906035
V0.5_c2,bgs,10,Chr1,0.0125,5159,2399,2398,5,165369
V0.5_c2,bgs,10,Chr2,0.0125,5159,2352,2351,6,241268
V0.5_c2,bgs,10,Chr1,0.025,5159,1291,1290,7,248221
V0.5_c2,bgs,10,Chr2,0.025,5159,1334,1333,7,296035
V0.5_c2,bgs,10,Chr1,0.05,5159,412,411,23,430026
V0.5_c2,bgs,10,Chr2,0.05,5159,422,421,20,828364
V0.5_c2,bgs,10,Chr1,0.1,5159,69,68,15,876743
V0.5_c2,bgs,10,Chr2,0.1,5159,61,60,17,2602876
V1_c1.5,nobgs,1,Chr1,0.0125,12543,4359,4358,10,448748
V1_c1.5,nobgs,1,Chr2,0.0125,12543,4670,4669,10,253946
V1_c1.5,nobgs,1,Chr1,0.025,12543,960,959,35,548235
V1_c1.5,nobgs,1,Chr2,0.025,12543,1046,1045,39,368455
V1_c1.5,nobgs,1,Chr1,0.05,12543,88,87,16,8536536
V1_c1.5,nobgs,1,Chr2,0.05,12543,44,43,17,5910573
V1_c1.5,nobgs,1,Chr1,0.1,12543,13,12,2,927558
V1_c1.5,nobgs,1,Chr2,0.1,12543,3,2,1,6230980
V1_c1.5,nobgs,2,Chr1,0.0125,9394,3534,3533,11,304245
V1_c1.5,nobgs,2,Chr2,0.0125,9394,3354,3353,13,222030
V1_c1.5,nobgs,2,Chr1,0.025,9394,897,896,20,519982
V1_c1.5,nobgs,2,Chr2,0.025,9394,772,771,30,521907
V1_c1.5,nobgs,2,Chr1,0.05,9394,56,55,21,3769392
V1_c1.5,nobgs,2,Chr2,0.05,9394,39,38,22,4341175
V1_c1.5,nobgs,2,Chr1,0.1,9394,2,1,0,-777926
V1_c1.5,nobgs,3,Chr1,0.0125,9173,3435,3434,4,240825
V1_c1.5,nobgs,3,Chr2,0.0125,9173,3661,3660,2,202107
V1_c1.5,nobgs,3,Chr1,0.025,9173,933,932,12,337144
V1_c1.5,nobgs,3,Chr2,0.025,9173,770,769,10,180981
V1_c1.5,nobgs,3,Chr1,0.05,9173,87,86,14,4050658
V1_c1.5,nobgs,3,Chr2,0.05,9173,31,30,15,4395354
V1_c1.5,nobgs,3,Chr1,0.1,9173,8,7,2,10371817
V1_c1.5,nobgs,4,Chr1,0.0125,12587,4541,4540,14,349884
V1_c1.5,nobgs,4,Chr2,0.0125,12587,4560,4559,13,228362
V1_c1.5,nobgs,4,Chr1,0.025,12587,949,948,48,370063
V1_c1.5,nobgs,4,Chr2,0.025,12587,843,842,57,647698
V1_c1.5,nobgs,4,Chr1,0.05,12587,48,47,18,7058012
V1_c1.5,nobgs,4,Chr2,0.05,12587,44,43,13,5591018
V1_c1.5,nobgs,4,Chr1,0.1,12587,2,1,1,18965378
V1_c1.5,nobgs,4,Chr2,0.1,12587,6,5,1,17612077
V1_c1.5,nobgs,5,Chr1,0.0125,7093,2491,2490,5,132663
V1_c1.5,nobgs,5,Chr2,0.0125,7093,2931,2930,0,95738
V1_c1.5,nobgs,5,Chr1,0.025,7093,672,671,7,355425
V1_c1.5,nobgs,5,Chr2,0.025,7093,753,752,10,161932
V1_c1.5,nobgs,5,Chr1,0.05,7093,116,115,6,3178432
V1_c1.5,nobgs,5,Chr2,0.05,7093,51,50,18,2373075
V1_c1.5,nobgs,5,Chr1,0.1,7093,37,36,3,167229
V1_c1.5,nobgs,5,Chr2,0.1,7093,2,1,0,-593792
V1_c1.5,nobgs,6,Chr1,0.0125,8715,3089,3088,7,251355
V1_c1.5,nobgs,6,Chr2,0.0125,8715,3188,3187,6,462669
V1_c1.5,nobgs,6,Chr1,0.025,8715,686,685,17,771251
V1_c1.5,nobgs,6,Chr2,0.025,8715,768,767,18,556111
V1_c1.5,nobgs,6,Chr1,0.05,8715,60,59,11,8011934
V1_c1.5,nobgs,6,Chr2,0.05,8715,30,29,13,5458136
V1_c1.5,nobgs,6,Chr1,0.1,8715,2,1,1,11530761
V1_c1.5,nobgs,7,Chr1,0.0125,8420,3223,3222,3,657914
V1_c1.5,nobgs,7,Chr2,0.0125,8420,3273,3272,7,157844
V1_c1.5,nobgs,7,Chr1,0.025,8420,1047,1046,5,1041944
V1_c1.5,nobgs,7,Chr2,0.025,8420,666,665,14,456662
V1_c1.5,nobgs,7,Chr1,0.05,8420,120,119,30,2503655
V1_c1.5,nobgs,7,Chr2,0.05,8420,29,28,7,3337400
V1_c1.5,nobgs,7,Chr1,0.1,8420,18,17,4,5066039
V1_c1.5,nobgs,7,Chr2,0.1,8420,2,1,1,1241358
V1_c1.5,nobgs,8,Chr1,0.0125,10089,3638,3637,2,128307
V1_c1.5,nobgs,8,Chr2,0.0125,10089,3935,3934,4,141751
V1_c1.5,nobgs,8,Chr1,0.025,10089,910,909,16,277673
V1_c1.5,nobgs,8,Chr2,0.025,10089,935,934,10,259655
V1_c1.5,nobgs,8,Chr1,0.05,10089,84,83,24,3448952
V1_c1.5,nobgs,8,Chr2,0.05,10089,28,27,15,2528963
V1_c1.5,nobgs,9,Chr1,0.0125,8551,2908,2907,10,306916
V1_c1.5,nobgs,9,Chr2,0.0125,8551,3201,3200,3,173811
V1_c1.5,nobgs,9,Chr1,0.025,8551,839,838,18,369224
V1_c1.5,nobgs,9,Chr2,0.025,8551,593,592,24,341488
V1_c1.5,nobgs,9,Chr1,0.05,8551,129,128,23,3977329
V1_c1.5,nobgs,9,Chr2,0.05,8551,27,26,8,4653399
V1_c1.5,nobgs,9,Chr1,0.1,8551,48,47,8,5875675
V1_c1.5,nobgs,10,Chr1,0.0125,7728,2858,2857,2,147304
V1_c1.5,nobgs,10,Chr2,0.0125,7728,2982,2981,2,117223
V1_c1.5,nobgs,10,Chr1,0.025,7728,867,866,17,405450
V1_c1.5,nobgs,10,Chr2,0.025,7728,703,702,12,331830
V1_c1.5,nobgs,10,Chr1,0.05,7728,113,112,16,3052645
V1_c1.5,nobgs,10,Chr2,0.05,7728,41,40,13,3910132
V1_c1.5,bgs,1,Chr1,0.0125,11427,4478,4477,7,631539
V1_c1.5,bgs,1,Chr2,0.0125,11427,4655,4654,10,419132
V1_c1.5,bgs,1,Chr1,0.025,11427,1396,1395,19,631539
V1_c1.5,bgs,1,Chr2,0.025,11427,1554,1553,23,419132
V1_c1.5,bgs,1,Chr1,0.05,11427,179,178,35,5237182
V1_c1.5,bgs,1,Chr2,0.05,11427,155,154,41,3390561
V1_c1.5,bgs,1,Chr1,0.1,11427,24,23,4,4597301
V1_c1.5,bgs,1,Chr2,0.1,11427,21,20,6,3050745
V1_c1.5,bgs,2,Chr1,0.0125,8507,3437,3436,9,282534
V1_c1.5,bgs,2,Chr2,0.0125,8507,3329,3328,9,306256
V1_c1.5,bgs,2,Chr1,0.025,8507,1333,1332,13,314657
V1_c1.5,bgs,2,Chr2,0.025,8507,1054,1053,13,948646
V1_c1.5,bgs,2,Chr1,0.05,8507,150,149,31,1540329
V1_c1.5,bgs,2,Chr2,0.05,8507,121,120,23,4331665
V1_c1.5,bgs,2,Chr1,0.1,8507,9,8,2,11079836
V1_c1.5,bgs,2,Chr2,0.1,8507,4,3,1,133204
V1_c1.5,bgs,3,Chr1,0.0125,7851,3222,3221,4,294890
V1_c1.5,bgs,3,Chr2,0.0125,7851,3331,3330,8,278599
V1_c1.5,bgs,3,Chr1,0.025,7851,1152,1151,6,328289
V1_c1.5,bgs,3,Chr2,0.025,7851,1175,1174,6,388144
V1_c1.5,bgs,3,Chr1,0.05,7851,150,149,21,1389569
V1_c1.5,bgs,3,Chr2,0.05,7851,150,149,27,1675414
V1_c1.5,bgs,3,Chr1,0.1,7851,22,21,4,4036366
V1_c1.5,bgs,3,Chr2,0.1,7851,17,16,4,1437689
V1_c1.5,bgs,4,Chr1,0.0125,11388,4412,4411,17,1226144
V1_c1.5,bgs,4,Chr2,0.0125,11388,4511,4510,12,377483
V1_c1.5,bgs,4,Chr1,0.025,11388,1253,1252,36,1226144
V1_c1.5,bgs,4,Chr2,0.025,11388,1231,1230,26,535466
V1_c1.5,bgs,4,Chr1,0.05,11388,95,94,31,3948415
V1_c1.5,bgs,4,Chr2,0.05,11388,91,90,24,6038737
V1_c1.5,bgs,4,Chr1,0.1,11388,26,25,5,15938754
V1_c1.5,bgs,4,Chr2,0.1,11388,17,16,5,16461760
V1_c1.5,bgs,5,Chr1,0.0125,5733,2356,2355,6,1038222
V1_c1.5,bgs,5,Chr2,0.0125,5733,2509,2508,5,148884
V1_c1.5,bgs,5,Chr1,0.025,5733,1013,1012,6,1351618
V1_c1.5,bgs,5,Chr2,0.025,5733,1052,1051,6,181589
V1_c1.5,bgs,5,Chr1,0.05,5733,131,130,30,1879232
V1_c1.5,bgs,5,Chr2,0.05,5733,188,187,19,634137
V1_c1.5,bgs,5,Chr1,0.1,5733,5,4,3,4409201
V1_c1.5,bgs,5,Chr2,0.1,5733,20,19,4,4042053
V1_c1.5,bgs,6,Chr1,0.0125,7433,3164,3163,8,386318
V1_c1.5,bgs,6,Chr2,0.0125,7433,3340,3339,9,304346
V1_c1.5,bgs,6,Chr1,0.025,7433,1446,1445,11,508909
V1_c1.5,bgs,6,Chr2,0.025,7433,1338,1337,10,304346
V1_c1.5,bgs,6,Chr1,0.05,7433,297,296,27,1104500
V1_c1.5,bgs,6,Chr2,0.05,7433,190,189,23,2069769
V1_c1.5,bgs,6,Chr1,0.1,7433,32,31,8,9476263
V1_c1.5,bgs,6,Chr2,0.1,7433,22,21,5,3572887
V1_c1.5,bgs,7,Chr1,0.0125,6971,2836,2835,5,352060
V1_c1.5,bgs,7,Chr2,0.0125,6971,2960,2959,6,173433
V1_c1.5,bgs,7,Chr1,0.025,6971,1117,1116,4,496511
V1_c1.5,bgs,7,Chr2,0.025,6971,1217,1216,5,222789
V1_c1.5,bgs,7,Chr1,0.05,6971,210,209,22,1866871
V1_c1.5,bgs,7,Chr2,0.05,6971,197,196,27,1106054
V1_c1.5,bgs,7,Chr1,0.1,6971,19,18,4,2408419
V1_c1.5,bgs,7,Chr2,0.1,6971,31,30,5,4624282
V1_c1.5,bgs,8,Chr1,0.0125,8578,3605,3604,5,292659
V1_c1.5,bgs,8,Chr2,0.0125,8578,3589,3588,5,297521
V1_c1.5,bgs,8,Chr1,0.025,8578,1462,1461,6,228096
V1_c1.5,bgs,8,Chr2,0.025,8578,1271,1270,4,432513
V1_c1.5,bgs,8,Chr1,0.05,8578,242,241,25,1341723
V1_c1.5,bgs,8,Chr2,0.05,8578,172,171,25,1595496
V1_c1.5,bgs,8,Chr1,0.1,8578,41,40,14,6493536
V1_c1.5,bgs,8,Chr2,0.1,8578,29,28,6,4484178
V1_c1.5,bgs,9,Chr1,0.0125,7407,2824,2823,8,581487
V1_c1.5,bgs,9,Chr2,0.0125,7407,3056,3055,7,414155
V1_c1.5,bgs,9,Chr1,0.025,7407,996,995,10,581487
V1_c1.5,bgs,9,Chr2,0.025,7407,1173,1172,10,395685
V1_c1.5,bgs,9,Chr1,0.05,7407,133,132,21,2462485
V1_c1.5,bgs,9,Chr2,0.05,7407,100,99,27,2461295
V1_c1.5,bgs,9,Chr1,0.1,7407,15,14,6,2149764
V1_c1.5,bgs,9,Chr2,0.1,7407,3,2,0,-3744711
V1_c1.5,bgs,10,Chr1,0.0125,5966,2357,2356,4,807981
V1_c1.5,bgs,10,Chr2,0.0125,5966,2535,2534,5,626961
V1_c1.5,bgs,10,Chr1,0.025,5966,1005,1004,5,807981
V1_c1.5,bgs,10,Chr2,0.025,5966,935,934,12,448481
V1_c1.5,bgs,10,Chr1,0.05,5966,174,173,19,1561252
V1_c1.5,bgs,10,Chr2,0.05,5966,144,143,25,2720920
V1_c1.5,bgs,10,Chr1,0.1,5966,50,49,1,116431
V1_c1.5,bgs,10,Chr2,0.1,5966,26,25,2,245571
V2_c1,nobgs,1,Chr1,0.0125,13715,479,478,34,1797682
V2_c1,nobgs,1,Chr2,0.0125,13715,414,413,14,10532394
V2_c1,nobgs,1,Chr1,0.025,13715,58,57,10,17130418
V2_c1,nobgs,1,Chr2,0.025,13715,51,50,8,16445683
V2_c1,nobgs,1,Chr1,0.05,13715,14,13,5,18539695
V2_c1,nobgs,1,Chr2,0.05,13715,11,10,3,19079696
V2_c1,nobgs,1,Chr2,0.1,13715,2,1,0,-548572
V2_c1,nobgs,2,Chr1,0.0125,10245,211,210,24,3974687
V2_c1,nobgs,2,Chr2,0.0125,10245,260,259,22,2868269
V2_c1,nobgs,2,Chr1,0.025,10245,28,27,5,5574838
V2_c1,nobgs,2,Chr2,0.025,10245,27,26,3,6691750
V2_c1,nobgs,2,Chr1,0.05,10245,11,10,3,5945909
V2_c1,nobgs,2,Chr2,0.05,10245,4,3,0,-1499647
V2_c1,nobgs,2,Chr1,0.1,10245,2,1,1,6828126
V2_c1,nobgs,2,Chr2,0.1,10245,2,1,0,-1499647
V2_c1,nobgs,3,Chr1,0.0125,10326,337,336,15,4643058
V2_c1,nobgs,3,Chr2,0.0125,10326,333,332,26,2326097
V2_c1,nobgs,3,Chr1,0.025,10326,51,50,6,1593364
V2_c1,nobgs,3,Chr2,0.025,10326,54,53,4,3069097
V2_c1,nobgs,3,Chr1,0.05,10326,6,5,2,2649337
V2_c1,nobgs,3,Chr2,0.05,10326,6,5,1,2794929
V2_c1,nobgs,3,Chr1,0.1,10326,3,2,0,-1053671
V2_c1,nobgs,4,Chr1,0.0125,13111,373,372,41,1574621
V2_c1,nobgs,4,Chr2,0.0125,13111,396,395,34,2508463
V2_c1,nobgs,4,Chr1,0.025,13111,79,78,8,16239806
V2_c1,nobgs,4,Chr2,0.025,13111,99,98,8,15980528
V2_c1,nobgs,4,Chr1,0.05,13111,42,41,7,16341689
V2_c1,nobgs,4,Chr2,0.05,13111,29,28,7,16518841
V2_c1,nobgs,4,Chr1,0.1,13111,19,18,6,446994
V2_c1,nobgs,4,Chr2,0.1,13111,7,6,3,17005315
V2_c1,nobgs,5,Chr1,0.0125,8111,223,222,10,4606558
V2_c1,nobgs,5,Chr2,0.0125,8111,411,410,15,2169460
V2_c1,nobgs,5,Chr1,0.025,8111,64,63,5,4219831
V2_c1,nobgs,5,Chr2,0.025,8111,77,76,8,4948622
V2_c1,nobgs,5,Chr1,0.05,8111,27,26,4,4508053
V2_c1,nobgs,5,Chr2,0.05,8111,13,12,2,437560
V2_c1,nobgs,5,Chr1,0.1,8111,12,11,2,795757
V2_c1,nobgs,5,Chr2,0.1,8111,3,2,0,-235125
V2_c1,nobgs,6,Chr1,0.0125,9950,379,378,23,2970559
V2_c1,nobgs,6,Chr2,0.0125,9950,377,376,25,2361305
V2_c1,nobgs,6,Chr1,0.025,9950,52,51,6,7608800
V2_c1,nobgs,6,Chr2,0.025,9950,44,43,7,8015788
V2_c1,nobgs,6,Chr1,0.05,9950,10,9,2,5024367
V2_c1,nobgs,6,Chr2,0.05,9950,8,7,2,5245106
V2_c1,nobgs,6,Chr1,0.1,9950,2,1,0,-1848524
V2_c1,nobgs,7,Chr1,0.0125,9178,441,440,21,2564425
V2_c1,nobgs,7,Chr2,0.0125,9178,543,542,21,2785206
V2_c1,nobgs,7,Chr1,0.025,9178,71,70,8,5774451
V2_c1,nobgs,7,Chr2,0.025,9178,89,88,9,6206140
V2_c1,nobgs,7,Chr1,0.05,9178,27,26,3,5188874
V2_c1,nobgs,7,Chr2,0.05,9178,18,17,4,5049779
V2_c1,nobgs,7,Chr1,0.1,9178,16,15,2,5477649
V2_c1,nobgs,7,Chr2,0.1,9178,2,1,0,-293957
V2_c1,nobgs,8,Chr1,0.0125,11305,389,388,19,3553912
V2_c1,nobgs,8,Chr2,0.0125,11305,385,384,16,3350810
V2_c1,nobgs,8,Chr1,0.025,11305,55,54,7,7083271
V2_c1,nobgs,8,Chr2,0.025,11305,53,52,12,6856746
V2_c1,nobgs,8,Chr1,0.05,11305,14,13,5,6675791
V2_c1,nobgs,8,Chr2,0.05,11305,4,3,1,302579
V2_c1,nobgs,8,Chr1,0.1,11305,2,1,0,-361672
V2_c1,nobgs,9,Chr1,0.0125,9952,346,345,21,2416178
V2_c1,nobgs,9,Chr2,0.0125,9952,293,292,19,2893817
V2_c1,nobgs,9,Chr1,0.025,9952,61,60,7,2921597
V2_c1,nobgs,9,Chr2,0.025,9952,52,51,1,550457
V2_c1,nobgs,9,Chr1,0.05,9952,8,7,2,1057854
V2_c1,nobgs,9,Chr2,0.05,9952,13,12,1,598761
V2_c1,nobgs,10,Chr1,0.0125,8826,539,538,16,2794083
V2_c1,nobgs,10,Chr2,0.0125,8826,612,611,9,2871918
V2_c1,nobgs,10,Chr1,0.025,8826,128,127,6,253119
V2_c1,nobgs,10,Chr2,0.025,8826,79,78,9,3933759
V2_c1,nobgs,10,Chr1,0.05,8826,19,18,6,1105346
V2_c1,nobgs,10,Chr2,0.05,8826,4,3,1,148063
V2_c1,bgs,1,Chr1,0.0125,12465,497,496,31,4985700
V2_c1,bgs,1,Chr2,0.0125,12465,523,522,26,6815968
V2_c1,bgs,1,Chr1,0.025,12465,80,79,6,16428874
V2_c1,bgs,1,Chr2,0.025,12465,99,98,10,16200828
V2_c1,bgs,1,Chr1,0.05,12465,17,16,4,18420873
V2_c1,bgs,1,Chr2,0.05,12465,19,18,4,3345237
V2_c1,bgs,1,Chr1,0.1,12465,7,6,1,6029210
V2_c1,bgs,1,Chr2,0.1,12465,8,7,1,4050689
V2_c1,bgs,2,Chr1,0.0125,8933,317,316,25,3135821
V2_c1,bgs,2,Chr2,0.0125,8933,283,282,20,4532434
V2_c1,bgs,2,Chr1,0.025,8933,45,44,6,5419224
V2_c1,bgs,2,Chr2,0.025,8933,34,33,6,4957400
V2_c1,bgs,2,Chr1,0.05,8933,7,6,2,6575220
V2_c1,bgs,2,Chr2,0.05,8933,6,5,1,7348202
V2_c1,bgs,3,Chr1,0.0125,8448,284,283,23,3064281
V2_c1,bgs,3,Chr2,0.0125,8448,295,294,19,3271739
V2_c1,bgs,3,Chr1,0.025,8448,17,16,3,2171909
V2_c1,bgs,3,Chr2,0.025,8448,49,48,4,12452702
V2_c1,bgs,3,Chr1,0.05,8448,2,1,0,-1273950
V2_c1,bgs,3,Chr2,0.05,8448,5,4,1,229265
V2_c1,bgs,4,Chr1,0.0125,12396,407,406,39,3602574
V2_c1,bgs,4,Chr2,0.0125,12396,383,382,39,4005545
V2_c1,bgs,4,Chr1,0.025,12396,85,84,8,16587869
V2_c1,bgs,4,Chr2,0.025,12396,77,76,10,8427836
V2_c1,bgs,4,Chr1,0.05,12396,34,33,2,16640127
V2_c1,bgs,4,Chr2,0.05,12396,16,15,5,17084810
V2_c1,bgs,4,Chr1,0.1,12396,21,20,3,16845937
V2_c1,bgs,4,Chr2,0.1,12396,3,2,1,16905155
V2_c1,bgs,5,Chr1,0.0125,5968,330,329,16,2100070
V2_c1,bgs,5,Chr2,0.0125,5968,236,235,13,1383620
V2_c1,bgs,5,Chr1,0.025,5968,65,64,4,4075390
V2_c1,bgs,5,Chr2,0.025,5968,34,33,4,5665426
V2_c1,bgs,5,Chr1,0.05,5968,12,11,2,4997449
V2_c1,bgs,5,Chr2,0.05,5968,11,10,1,555650
V2_c1,bgs,5,Chr2,0.1,5968,2,1,0,-2090388
V2_c1,bgs,6,Chr1,0.0125,8280,394,393,22,1880614
V2_c1,bgs,6,Chr2,0.0125,8280,428,427,14,1978771
V2_c1,bgs,6,Chr1,0.025,8280,98,97,7,9639650
V2_c1,bgs,6,Chr2,0.025,8280,63,62,3,4148466
V2_c1,bgs,6,Chr1,0.05,8280,28,27,3,9815064
V2_c1,bgs,6,Chr2,0.05,8280,13,12,3,4047769
V2_c1,bgs,6,Chr1,0.1,8280,7,6,2,17023850
V2_c1,bgs,6,Chr2,0.1,8280,2,1,1,5906458
V2_c1,bgs,7,Chr1,0.0125,7214,448,447,18,2947043
V2_c1,bgs,7,Chr2,0.0125,7214,332,331,15,2357776
V2_c1,bgs,7,Chr1,0.025,7214,88,87,5,5651653
V2_c1,bgs,7,Chr2,0.025,7214,70,69,6,5839861
V2_c1,bgs,7,Chr1,0.05,7214,35,34,5,5851231
V2_c1,bgs,7,Chr2,0.05,7214,13,12,3,6315261
V2_c1,bgs,7,Chr1,0.1,7214,16,15,1,5635458
V2_c1,bgs,7,Chr2,0.1,7214,7,6,1,5081755
V2_c1,bgs,8,Chr1,0.0125,9558,392,391,23,1684768
V2_c1,bgs,8,Chr2,0.0125,9558,389,388,22,3284078
V2_c1,bgs,8,Chr1,0.025,9558,117,116,4,5232241
V2_c1,bgs,8,Chr2,0.025,9558,118,117,4,6427942
V2_c1,bgs,8,Chr1,0.05,9558,58,57,0,93040
V2_c1,bgs,8,Chr2,0.05,9558,41,40,5,350482
V2_c1,bgs,8,Chr1,0.1,9558,12,11,1,103674
V2_c1,bgs,8,Chr2,0.1,9558,3,2,1,471263
V2_c1,bgs,9,Chr1,0.0125,8058,290,289,23,2488302
V2_c1,bgs,9,Chr2,0.0125,8058,254,253,13,3249299
V2_c1,bgs,9,Chr1,0.025,8058,57,56,7,715148
V2_c1,bgs,9,Chr2,0.025,8058,47,46,4,982408
V2_c1,bgs,9,Chr1,0.05,8058,35,34,1,149879
V2_c1,bgs,9,Chr2,0.05,8058,22,21,0,30764
V2_c1,bgs,9,Chr1,0.1,8058,21,20,0,1701
V2_c1,bgs,9,Chr2,0.1,8058,10,9,2,215538
V2_c1,bgs,10,Chr1,0.0125,6831,342,341,17,3066620
V2_c1,bgs,10,Chr2,0.0125,6831,353,352,11,2291072
V2_c1,bgs,10,Chr1,0.025,6831,59,58,2,159322
V2_c1,bgs,10,Chr2,0.025,6831,70,69,4,3641482
V2_c1,bgs,10,Chr1,0.05,6831,7,6,1,343153
V2_c1,bgs,10,Chr2,0.05,6831,9,8,2,527867
