engine,rho,qstar,markers,regions,tp
emmax,0.05,0,716,7,2
emmax,0.05,0.05,720,7,2
emmax,0.05,0.1,720,7,2
emmax,0.05,0.15,719,7,2
emmax,0.05,0.2,721,7,2
emmax,0.05,0.25,715,6,2
emmax,0.05,0.3,716,6,2
emmax,0.05,0.35,717,6,2
emmax,0.05,0.4,722,6,2
emmax,0.05,0.45,726,5,2
emmax,0.05,0.5,736,6,2
emmax,0.05,0.55,738,6,2
emmax,0.05,0.6,732,6,2
emmax,0.05,0.65,740,6,2
emmax,0.05,0.7,742,8,2
emmax,0.05,0.75,751,8,2
emmax,0.05,0.8,749,10,3
emmax,0.05,0.85,724,5,1
emmax,0.05,0.9,598,3,1
emmax,0.05,0.95,249,13,0
emmax,0.1,0,864,5,2
emmax,0.1,0.05,862,5,2
emmax,0.1,0.1,864,5,2
emmax,0.1,0.15,865,5,2
emmax,0.1,0.2,866,4,2
emmax,0.1,0.25,871,4,2
emmax,0.1,0.3,871,4,2
emmax,0.1,0.35,882,4,2
emmax,0.1,0.4,902,5,2
emmax,0.1,0.45,899,4,2
emmax,0.1,0.5,899,4,2
emmax,0.1,0.55,898,4,2
emmax,0.1,0.6,905,5,2
emmax,0.1,0.65,908,6,2
emmax,0.1,0.7,913,6,2
emmax,0.1,0.75,916,6,3
emmax,0.1,0.8,920,6,2
emmax,0.1,0.85,914,9,2
emmax,0.1,0.9,915,4,1
emmax,0.1,0.95,782,7,1
emmax,0.15,0,903,4,2
emmax,0.15,0.05,902,4,2
emmax,0.15,0.1,902,4,2
emmax,0.15,0.15,905,5,2
emmax,0.15,0.2,906,4,2
emmax,0.15,0.25,908,4,2
emmax,0.15,0.3,916,4,2
emmax,0.15,0.35,920,4,2
emmax,0.15,0.4,941,5,2
emmax,0.15,0.45,941,5,2
emmax,0.15,0.5,943,3,2
emmax,0.15,0.55,944,4,2
emmax,0.15,0.6,946,5,2
emmax,0.15,0.65,950,6,2
emmax,0.15,0.7,953,6,2
emmax,0.15,0.75,964,7,3
emmax,0.15,0.8,966,7,2
emmax,0.15,0.85,955,7,2
emmax,0.15,0.9,990,9,1
emmax,0.15,0.95,975,11,1
emmax,0.2,0,908,4,2
emmax,0.2,0.05,907,4,2
emmax,0.2,0.1,909,4,2
emmax,0.2,0.15,910,4,2
emmax,0.2,0.2,911,4,2
emmax,0.2,0.25,913,4,2
emmax,0.2,0.3,922,4,2
emmax,0.2,0.35,924,4,2
emmax,0.2,0.4,942,5,2
emmax,0.2,0.45,945,5,2
emmax,0.2,0.5,948,4,2
emmax,0.2,0.55,949,4,2
emmax,0.2,0.6,958,5,2
emmax,0.2,0.65,960,7,1
emmax,0.2,0.7,962,6,1
emmax,0.2,0.75,970,7,2
emmax,0.2,0.8,973,7,1
emmax,0.2,0.85,977,8,1
emmax,0.2,0.9,1016,11,1
emmax,0.2,0.95,1033,14,1
emmax,0.25,0,911,4,2
emmax,0.25,0.05,911,4,2
emmax,0.25,0.1,913,4,2
emmax,0.25,0.15,916,5,2
emmax,0.25,0.2,917,5,2
emmax,0.25,0.25,923,5,2
emmax,0.25,0.3,922,4,2
emmax,0.25,0.35,926,4,2
emmax,0.25,0.4,946,5,2
emmax,0.25,0.45,947,5,2
emmax,0.25,0.5,949,5,2
emmax,0.25,0.55,956,5,2
emmax,0.25,0.6,957,6,2
emmax,0.25,0.65,971,7,2
emmax,0.25,0.7,969,6,1
emmax,0.25,0.75,975,9,1
emmax,0.25,0.8,975,6,1
emmax,0.25,0.85,976,6,1
emmax,0.25,0.9,1017,10,1
emmax,0.25,0.95,1053,13,1
emmax,0.3,0,913,4,2
emmax,0.3,0.05,913,4,2
emmax,0.3,0.1,917,4,2
emmax,0.3,0.15,918,5,2
emmax,0.3,0.2,918,4,2
emmax,0.3,0.25,920,4,2
emmax,0.3,0.3,929,4,2
emmax,0.3,0.35,931,3,2
emmax,0.3,0.4,947,4,2
emmax,0.3,0.45,949,5,2
emmax,0.3,0.5,950,5,2
emmax,0.3,0.55,956,4,2
emmax,0.3,0.6,959,6,2
emmax,0.3,0.65,970,7,2
emmax,0.3,0.7,974,6,1
emmax,0.3,0.75,979,8,1
emmax,0.3,0.8,984,7,1
emmax,0.3,0.85,984,7,1
emmax,0.3,0.9,1023,10,1
emmax,0.3,0.95,1063,12,1
emmax,0.35,0,913,4,2
emmax,0.35,0.05,913,4,2
emmax,0.35,0.1,916,4,2
emmax,0.35,0.15,916,4,2
emmax,0.35,0.2,914,4,2
emmax,0.35,0.25,918,4,2
emmax,0.35,0.3,926,5,2
emmax,0.35,0.35,929,4,2
emmax,0.35,0.4,946,5,2
emmax,0.35,0.45,951,7,2
emmax,0.35,0.5,950,5,2
emmax,0.35,0.55,956,5,2
emmax,0.35,0.6,958,6,2
emmax,0.35,0.65,971,7,2
emmax,0.35,0.7,975,6,2
emmax,0.35,0.75,981,8,2
emmax,0.35,0.8,978,7,1
emmax,0.35,0.85,982,7,1
emmax,0.35,0.9,1018,9,1
emmax,0.35,0.95,1074,13,1
emmax,0.4,0,914,4,2
emmax,0.4,0.05,912,3,2
emmax,0.4,0.1,915,3,2
emmax,0.4,0.15,917,4,2
emmax,0.4,0.2,915,4,2
emmax,0.4,0.25,917,4,2
emmax,0.4,0.3,928,5,2
emmax,0.4,0.35,930,5,2
emmax,0.4,0.4,943,5,2
emmax,0.4,0.45,948,7,2
emmax,0.4,0.5,955,6,2
emmax,0.4,0.55,952,4,2
emmax,0.4,0.6,957,6,2
emmax,0.4,0.65,972,7,2
emmax,0.4,0.7,978,7,2
emmax,0.4,0.75,985,8,2
emmax,0.4,0.8,990,7,1
emmax,0.4,0.85,990,7,1
emmax,0.4,0.9,1026,9,1
emmax,0.4,0.95,1045,11,1
emmax,0.45,0,914,4,2
emmax,0.45,0.05,913,3,2
emmax,0.45,0.1,915,3,2
emmax,0.45,0.15,916,4,2
emmax,0.45,0.2,913,4,2
emmax,0.45,0.25,916,4,2
emmax,0.45,0.3,924,4,2
emmax,0.45,0.35,932,5,2
emmax,0.45,0.4,945,5,2
emmax,0.45,0.45,950,7,2
emmax,0.45,0.5,953,6,2
emmax,0.45,0.55,953,4,2
emmax,0.45,0.6,960,6,2
emmax,0.45,0.65,972,7,2
emmax,0.45,0.7,985,8,2
emmax,0.45,0.75,987,8,2
emmax,0.45,0.8,991,8,2
emmax,0.45,0.85,995,8,1
emmax,0.45,0.9,1027,9,1
emmax,0.45,0.95,1073,11,1
emmax,0.5,0,914,4,2
emmax,0.5,0.05,911,3,2
emmax,0.5,0.1,912,3,2
emmax,0.5,0.15,915,4,2
emmax,0.5,0.2,913,5,2
emmax,0.5,0.25,916,5,2
emmax,0.5,0.3,926,6,2
emmax,0.5,0.35,934,7,2
emmax,0.5,0.4,948,6,2
emmax,0.5,0.45,951,7,2
emmax,0.5,0.5,955,6,2
emmax,0.5,0.55,954,4,2
emmax,0.5,0.6,959,6,2
emmax,0.5,0.65,974,7,2
emmax,0.5,0.7,986,8,2
emmax,0.5,0.75,993,9,2
emmax,0.5,0.8,992,9,2
emmax,0.5,0.85,994,9,1
emmax,0.5,0.9,1030,8,1
emmax,0.5,0.95,1067,12,1
emmax,0.55,0,914,4,2
emmax,0.55,0.05,914,3,2
emmax,0.55,0.1,915,3,2
emmax,0.55,0.15,917,4,2
emmax,0.55,0.2,915,5,2
emmax,0.55,0.25,919,5,2
emmax,0.55,0.3,924,5,2
emmax,0.55,0.35,932,6,2
emmax,0.55,0.4,945,6,2
emmax,0.55,0.45,952,7,2
emmax,0.55,0.5,955,7,2
emmax,0.55,0.55,969,5,2
emmax,0.55,0.6,959,6,2
emmax,0.55,0.65,970,7,2
emmax,0.55,0.7,980,8,2
emmax,0.55,0.75,988,9,2
emmax,0.55,0.8,987,9,1
emmax,0.55,0.85,989,9,1
emmax,0.55,0.9,1032,9,1
emmax,0.55,0.95,1069,13,1
emmax,0.6,0,914,4,2
emmax,0.6,0.05,914,3,2
emmax,0.6,0.1,916,3,2
emmax,0.6,0.15,917,4,2
emmax,0.6,0.2,916,5,2
emmax,0.6,0.25,919,5,2
emmax,0.6,0.3,927,6,2
emmax,0.6,0.35,933,6,2
emmax,0.6,0.4,945,5,2
emmax,0.6,0.45,950,6,2
emmax,0.6,0.5,954,6,2
emmax,0.6,0.55,968,5,2
emmax,0.6,0.6,956,6,2
emmax,0.6,0.65,969,7,2
emmax,0.6,0.7,983,8,2
emmax,0.6,0.75,987,9,2
emmax,0.6,0.8,993,8,1
emmax,0.6,0.85,991,9,1
emmax,0.6,0.9,1021,10,1
emmax,0.6,0.95,1069,11,1
emmax,0.65,0,914,4,2
emmax,0.65,0.05,913,3,2
emmax,0.65,0.1,916,3,2
emmax,0.65,0.15,916,4,2
emmax,0.65,0.2,916,5,2
emmax,0.65,0.25,919,5,2
emmax,0.65,0.3,927,6,2
emmax,0.65,0.35,931,7,2
emmax,0.65,0.4,950,8,2
emmax,0.65,0.45,952,6,2
emmax,0.65,0.5,951,6,2
emmax,0.65,0.55,973,5,2
emmax,0.65,0.6,971,7,2
emmax,0.65,0.65,967,7,2
emmax,0.65,0.7,977,8,2
emmax,0.65,0.75,985,9,2
emmax,0.65,0.8,990,9,2
emmax,0.65,0.85,985,9,1
emmax,0.65,0.9,1019,9,1
emmax,0.65,0.95,1072,11,1
emmax,0.7,0,914,4,2
emmax,0.7,0.05,913,3,2
emmax,0.7,0.1,916,3,2
emmax,0.7,0.15,917,4,2
emmax,0.7,0.2,919,5,2
emmax,0.7,0.25,920,5,2
emmax,0.7,0.3,928,6,2
emmax,0.7,0.35,935,7,2
emmax,0.7,0.4,951,7,2
emmax,0.7,0.45,956,8,2
emmax,0.7,0.5,962,8,2
emmax,0.7,0.55,983,6,2
emmax,0.7,0.6,982,8,2
emmax,0.7,0.65,984,9,2
emmax,0.7,0.7,979,9,2
emmax,0.7,0.75,983,9,2
emmax,0.7,0.8,991,9,2
emmax,0.7,0.85,991,10,1
emmax,0.7,0.9,1023,9,1
emmax,0.7,0.95,1066,10,1
emmax,0.75,0,914,4,2
emmax,0.75,0.05,914,3,2
emmax,0.75,0.1,917,3,2
emmax,0.75,0.15,918,4,2
emmax,0.75,0.2,918,5,2
emmax,0.75,0.25,925,6,2
emmax,0.75,0.3,928,6,2
emmax,0.75,0.35,935,7,2
emmax,0.75,0.4,951,7,2
emmax,0.75,0.45,956,8,2
emmax,0.75,0.5,962,8,2
emmax,0.75,0.55,988,7,2
emmax,0.75,0.6,982,8,2
emmax,0.75,0.65,993,8,2
emmax,0.75,0.7,973,8,2
emmax,0.75,0.75,981,9,2
emmax,0.75,0.8,989,9,1
emmax,0.75,0.85,992,9,1
emmax,0.75,0.9,1020,8,1
emmax,0.75,0.95,1069,10,1
emmax,0.8,0,914,4,2
emmax,0.8,0.05,912,3,2
emmax,0.8,0.1,915,3,2
emmax,0.8,0.15,918,4,2
emmax,0.8,0.2,918,5,2
emmax,0.8,0.25,925,6,2
emmax,0.8,0.3,930,6,2
emmax,0.8,0.35,932,7,2
emmax,0.8,0.4,951,8,2
emmax,0.8,0.45,956,9,2
emmax,0.8,0.5,960,9,2
emmax,0.8,0.55,986,8,2
emmax,0.8,0.6,982,8,2
emmax,0.8,0.65,994,8,2
emmax,0.8,0.7,995,8,2
emmax,0.8,0.75,984,9,2
emmax,0.8,0.8,984,7,2
emmax,0.8,0.85,987,8,1
emmax,0.8,0.9,1032,8,1
emmax,0.8,0.95,1097,8,1
emmax,0.85,0,914,4,2
emmax,0.85,0.05,912,3,2
emmax,0.85,0.1,915,3,2
emmax,0.85,0.15,918,4,2
emmax,0.85,0.2,919,5,2
emmax,0.85,0.25,927,6,2
emmax,0.85,0.3,934,6,2
emmax,0.85,0.35,952,8,2
emmax,0.85,0.4,957,8,2
emmax,0.85,0.45,959,9,2
emmax,0.85,0.5,971,10,2
emmax,0.85,0.55,997,9,2
emmax,0.85,0.6,999,10,2
emmax,0.85,0.65,993,8,2
emmax,0.85,0.7,998,8,2
emmax,0.85,0.75,1001,9,2
emmax,0.85,0.8,981,9,2
emmax,0.85,0.85,983,10,1
emmax,0.85,0.9,1018,6,1
emmax,0.85,0.95,1207,7,2
emmax,0.9,0,914,4,2
emmax,0.9,0.05,913,3,2
emmax,0.9,0.1,917,3,2
emmax,0.9,0.15,918,4,2
emmax,0.9,0.2,922,5,2
emmax,0.9,0.25,927,6,2
emmax,0.9,0.3,936,6,2
emmax,0.9,0.35,958,8,2
emmax,0.9,0.4,961,8,2
emmax,0.9,0.45,966,9,2
emmax,0.9,0.5,973,10,2
emmax,0.9,0.55,999,9,2
emmax,0.9,0.6,1005,10,2
emmax,0.9,0.65,1000,9,2
emmax,0.9,0.7,1011,9,2
emmax,0.9,0.75,1003,7,2
emmax,0.9,0.8,996,7,2
emmax,0.9,0.85,966,8,2
emmax,0.9,0.9,998,5,1
emmax,0.9,0.95,1182,6,1
emmax,0.95,0,914,4,2
emmax,0.95,0.05,913,3,2
emmax,0.95,0.1,917,3,2
emmax,0.95,0.15,920,4,2
emmax,0.95,0.2,923,5,2
emmax,0.95,0.25,928,6,2
emmax,0.95,0.3,936,6,2
emmax,0.95,0.35,935,7,2
emmax,0.95,0.4,957,8,2
emmax,0.95,0.45,967,9,2
emmax,0.95,0.5,976,10,2
emmax,0.95,0.55,1002,9,2
emmax,0.95,0.6,1017,11,2
emmax,0.95,0.65,1012,10,2
emmax,0.95,0.7,1019,12,2
emmax,0.95,0.75,1016,10,2
emmax,0.95,0.8,1009,7,2
emmax,0.95,0.85,962,7,2
emmax,0.95,0.9,987,3,1
emmax,0.95,0.95,1202,5,1
emmax,0.99,0,914,4,2
emmax,0.99,0.05,913,3,2
emmax,0.99,0.1,916,3,2
emmax,0.99,0.15,919,4,2
emmax,0.99,0.2,920,4,2
emmax,0.99,0.25,922,4,2
emmax,0.99,0.3,929,5,2
emmax,0.99,0.35,935,6,2
emmax,0.99,0.4,954,7,2
emmax,0.99,0.45,961,8,2
emmax,0.99,0.5,970,9,2
emmax,0.99,0.55,998,8,2
emmax,0.99,0.6,1015,10,2
emmax,0.99,0.65,1017,10,2
emmax,0.99,0.7,1030,11,2
emmax,0.99,0.75,1020,10,2
emmax,0.99,0.8,1027,9,2
emmax,0.99,0.85,1009,7,2
emmax,0.99,0.9,1006,4,2
emmax,0.99,0.95,1203,4,1
lfmm,0.05,0,7,1,1
lfmm,0.05,0.05,7,1,1
lfmm,0.05,0.1,7,1,1
lfmm,0.05,0.15,7,1,1
lfmm,0.05,0.2,7,1,1
lfmm,0.05,0.25,7,1,1
lfmm,0.05,0.3,7,1,1
lfmm,0.05,0.35,10,1,1
lfmm,0.05,0.4,10,1,1
lfmm,0.05,0.45,10,1,1
lfmm,0.05,0.5,10,1,1
lfmm,0.05,0.55,12,2,1
lfmm,0.05,0.6,12,2,1
lfmm,0.05,0.65,11,2,1
lfmm,0.05,0.7,9,2,1
lfmm,0.05,0.75,9,2,1
lfmm,0.05,0.8,8,1,0
lfmm,0.05,0.85,2,0,0
lfmm,0.05,0.9,1,0,0
lfmm,0.05,0.95,0,0,0
lfmm,0.1,0,7,1,1
lfmm,0.1,0.05,7,1,1
lfmm,0.1,0.1,7,1,1
lfmm,0.1,0.15,7,1,1
lfmm,0.1,0.2,7,1,1
lfmm,0.1,0.25,7,1,1
lfmm,0.1,0.3,7,1,1
lfmm,0.1,0.35,7,1,1
lfmm,0.1,0.4,10,1,1
lfmm,0.1,0.45,10,1,1
lfmm,0.1,0.5,10,1,1
lfmm,0.1,0.55,13,2,1
lfmm,0.1,0.6,13,2,1
lfmm,0.1,0.65,14,2,1
lfmm,0.1,0.7,14,2,1
lfmm,0.1,0.75,14,2,1
lfmm,0.1,0.8,16,2,0
lfmm,0.1,0.85,12,3,0
lfmm,0.1,0.9,3,1,0
lfmm,0.1,0.95,2,0,0
lfmm,0.15,0,6,1,1
lfmm,0.15,0.05,7,1,1
lfmm,0.15,0.1,7,1,1
lfmm,0.15,0.15,7,1,1
lfmm,0.15,0.2,7,1,1
lfmm,0.15,0.25,7,1,1
lfmm,0.15,0.3,7,1,1
lfmm,0.15,0.35,7,1,1
lfmm,0.15,0.4,10,1,1
lfmm,0.15,0.45,10,1,1
lfmm,0.15,0.5,10,1,1
lfmm,0.15,0.55,13,2,1
lfmm,0.15,0.6,13,2,1
lfmm,0.15,0.65,14,2,1
lfmm,0.15,0.7,14,2,1
lfmm,0.15,0.75,21,2,1
lfmm,0.15,0.8,17,2,0
lfmm,0.15,0.85,14,3,0
lfmm,0.15,0.9,9,3,0
lfmm,0.15,0.95,3,1,0
lfmm,0.2,0,6,1,1
lfmm,0.2,0.05,7,1,1
lfmm,0.2,0.1,7,1,1
lfmm,0.2,0.15,7,1,1
lfmm,0.2,0.2,7,1,1
lfmm,0.2,0.25,7,1,1
lfmm,0.2,0.3,7,1,1
lfmm,0.2,0.35,7,1,1
lfmm,0.2,0.4,10,1,1
lfmm,0.2,0.45,10,1,1
lfmm,0.2,0.5,10,1,1
lfmm,0.2,0.55,13,2,1
lfmm,0.2,0.6,13,2,1
lfmm,0.2,0.65,12,2,0
lfmm,0.2,0.7,13,2,0
lfmm,0.2,0.75,20,2,0
lfmm,0.2,0.8,20,2,0
lfmm,0.2,0.85,18,2,0
lfmm,0.2,0.9,12,3,0
lfmm,0.2,0.95,3,1,0
lfmm,0.25,0,6,1,1
lfmm,0.25,0.05,7,1,1
lfmm,0.25,0.1,7,1,1
lfmm,0.25,0.15,7,1,1
lfmm,0.25,0.2,7,1,1
lfmm,0.25,0.25,7,1,1
lfmm,0.25,0.3,7,1,1
lfmm,0.25,0.35,7,1,1
lfmm,0.25,0.4,10,1,1
lfmm,0.25,0.45,10,1,1
lfmm,0.25,0.5,10,1,1
lfmm,0.25,0.55,13,2,1
lfmm,0.25,0.6,13,2,1
lfmm,0.25,0.65,14,2,1
lfmm,0.25,0.7,12,2,0
lfmm,0.25,0.75,12,2,0
lfmm,0.25,0.8,20,2,0
lfmm,0.25,0.85,20,2,0
lfmm,0.25,0.9,13,3,0
lfmm,0.25,0.95,3,1,0
lfmm,0.3,0,6,1,1
lfmm,0.3,0.05,7,1,1
lfmm,0.3,0.1,7,1,1
lfmm,0.3,0.15,7,1,1
lfmm,0.3,0.2,7,1,1
lfmm,0.3,0.25,7,1,1
lfmm,0.3,0.3,7,1,1
lfmm,0.3,0.35,7,1,1
lfmm,0.3,0.4,10,1,1
lfmm,0.3,0.45,9,1,1
lfmm,0.3,0.5,9,1,1
lfmm,0.3,0.55,9,1,1
lfmm,0.3,0.6,12,2,1
lfmm,0.3,0.65,12,2,1
lfmm,0.3,0.7,12,2,0
lfmm,0.3,0.75,12,2,0
lfmm,0.3,0.8,19,2,0
lfmm,0.3,0.85,18,2,0
lfmm,0.3,0.9,13,3,0
lfmm,0.3,0.95,4,1,0
lfmm,0.35,0,6,1,1
lfmm,0.35,0.05,7,1,1
lfmm,0.35,0.1,7,1,1
lfmm,0.35,0.15,7,1,1
lfmm,0.35,0.2,7,1,1
lfmm,0.35,0.25,7,1,1
lfmm,0.35,0.3,7,1,1
lfmm,0.35,0.35,7,1,1
lfmm,0.35,0.4,6,1,1
lfmm,0.35,0.45,9,1,1
lfmm,0.35,0.5,9,1,1
lfmm,0.35,0.55,9,1,1
lfmm,0.35,0.6,12,2,1
lfmm,0.35,0.65,12,2,1
lfmm,0.35,0.7,13,2,1
lfmm,0.35,0.75,20,2,1
lfmm,0.35,0.8,19,2,0
lfmm,0.35,0.85,20,2,0
lfmm,0.35,0.9,13,3,0
lfmm,0.35,0.95,7,1,0
lfmm,0.4,0,6,1,1
lfmm,0.4,0.05,7,1,1
lfmm,0.4,0.1,7,1,1
lfmm,0.4,0.15,7,1,1
lfmm,0.4,0.2,7,1,1
lfmm,0.4,0.25,7,1,1
lfmm,0.4,0.3,7,1,1
lfmm,0.4,0.35,7,1,1
lfmm,0.4,0.4,6,1,1
lfmm,0.4,0.45,9,1,1
lfmm,0.4,0.5,9,1,1
lfmm,0.4,0.55,9,1,1
lfmm,0.4,0.6,12,2,1
lfmm,0.4,0.65,12,2,1
lfmm,0.4,0.7,13,2,1
lfmm,0.4,0.75,21,2,1
lfmm,0.4,0.8,20,2,0
lfmm,0.4,0.85,21,2,0
lfmm,0.4,0.9,16,3,0
lfmm,0.4,0.95,16,2,0
lfmm,0.45,0,6,1,1
lfmm,0.45,0.05,7,1,1
lfmm,0.45,0.1,7,1,1
lfmm,0.45,0.15,7,1,1
lfmm,0.45,0.2,7,1,1
lfmm,0.45,0.25,7,1,1
lfmm,0.45,0.3,7,1,1
lfmm,0.45,0.35,7,1,1
lfmm,0.45,0.4,6,1,1
lfmm,0.45,0.45,9,1,1
lfmm,0.45,0.5,9,1,1
lfmm,0.45,0.55,9,1,1
lfmm,0.45,0.6,12,2,1
lfmm,0.45,0.65,12,2,1
lfmm,0.45,0.7,13,2,1
lfmm,0.45,0.75,21,2,1
lfmm,0.45,0.8,23,2,1
lfmm,0.45,0.85,22,2,0
lfmm,0.45,0.9,18,3,0
lfmm,0.45,0.95,7,1,0
lfmm,0.5,0,6,1,1
lfmm,0.5,0.05,7,1,1
lfmm,0.5,0.1,7,1,1
lfmm,0.5,0.15,7,1,1
lfmm,0.5,0.2,7,1,1
lfmm,0.5,0.25,7,1,1
lfmm,0.5,0.3,7,1,1
lfmm,0.5,0.35,7,1,1
lfmm,0.5,0.4,10,1,1
lfmm,0.5,0.45,9,1,1
lfmm,0.5,0.5,9,1,1
lfmm,0.5,0.55,9,1,1
lfmm,0.5,0.6,12,2,1
lfmm,0.5,0.65,12,2,1
lfmm,0.5,0.7,13,2,1
lfmm,0.5,0.75,21,2,1
lfmm,0.5,0.8,23,2,1
lfmm,0.5,0.85,22,2,0
lfmm,0.5,0.9,18,2,0
lfmm,0.5,0.95,6,1,0
lfmm,0.55,0,6,1,1
lfmm,0.55,0.05,7,1,1
lfmm,0.55,0.1,7,1,1
lfmm,0.55,0.15,7,1,1
lfmm,0.55,0.2,7,1,1
lfmm,0.55,0.25,7,1,1
lfmm,0.55,0.3,6,1,1
lfmm,0.55,0.35,6,1,1
lfmm,0.55,0.4,6,1,1
lfmm,0.55,0.45,9,1,1
lfmm,0.55,0.5,9,1,1
lfmm,0.55,0.55,9,1,1
lfmm,0.55,0.6,12,2,1
lfmm,0.55,0.65,12,2,1
lfmm,0.55,0.7,13,2,1
lfmm,0.55,0.75,21,2,1
lfmm,0.55,0.8,21,2,0
lfmm,0.55,0.85,21,2,0
lfmm,0.55,0.9,18,2,0
lfmm,0.55,0.95,3,1,0
lfmm,0.6,0,6,1,1
lfmm,0.6,0.05,7,1,1
lfmm,0.6,0.1,7,1,1
lfmm,0.6,0.15,7,1,1
lfmm,0.6,0.2,7,1,1
lfmm,0.6,0.25,7,1,1
lfmm,0.6,0.3,7,1,1
lfmm,0.6,0.35,7,1,1
lfmm,0.6,0.4,6,1,1
lfmm,0.6,0.45,9,1,1
lfmm,0.6,0.5,9,1,1
lfmm,0.6,0.55,9,1,1
lfmm,0.6,0.6,12,2,1
lfmm,0.6,0.65,12,2,1
lfmm,0.6,0.7,13,2,1
lfmm,0.6,0.75,21,2,1
lfmm,0.6,0.8,21,2,0
lfmm,0.6,0.85,21,2,0
lfmm,0.6,0.9,15,2,0
lfmm,0.6,0.95,5,1,0
lfmm,0.65,0,6,1,1
lfmm,0.65,0.05,7,1,1
lfmm,0.65,0.1,7,1,1
lfmm,0.65,0.15,7,1,1
lfmm,0.65,0.2,7,1,1
lfmm,0.65,0.25,7,1,1
lfmm,0.65,0.3,7,1,1
lfmm,0.65,0.35,6,1,1
lfmm,0.65,0.4,6,1,1
lfmm,0.65,0.45,9,1,1
lfmm,0.65,0.5,9,1,1
lfmm,0.65,0.55,9,1,1
lfmm,0.65,0.6,12,2,1
lfmm,0.65,0.65,12,2,1
lfmm,0.65,0.7,13,2,1
lfmm,0.65,0.75,20,2,1
lfmm,0.65,0.8,21,2,1
lfmm,0.65,0.85,19,2,0
lfmm,0.65,0.9,13,2,0
lfmm,0.65,0.95,4,1,0
lfmm,0.7,0,6,1,1
lfmm,0.7,0.05,7,1,1
lfmm,0.7,0.1,7,1,1
lfmm,0.7,0.15,7,1,1
lfmm,0.7,0.2,7,1,1
lfmm,0.7,0.25,7,1,1
lfmm,0.7,0.3,7,1,1
lfmm,0.7,0.35,7,1,1
lfmm,0.7,0.4,10,1,1
lfmm,0.7,0.45,10,1,1
lfmm,0.7,0.5,9,1,1
lfmm,0.7,0.55,9,1,1
lfmm,0.7,0.6,12,2,1
lfmm,0.7,0.65,12,2,1
lfmm,0.7,0.7,13,2,1
lfmm,0.7,0.75,21,2,1
lfmm,0.7,0.8,21,2,1
lfmm,0.7,0.85,20,2,0
lfmm,0.7,0.9,16,2,0
lfmm,0.7,0.95,4,1,0
lfmm,0.75,0,6,1,1
lfmm,0.75,0.05,7,1,1
lfmm,0.75,0.1,7,1,1
lfmm,0.75,0.15,7,1,1
lfmm,0.75,0.2,7,1,1
lfmm,0.75,0.25,7,1,1
lfmm,0.75,0.3,7,1,1
lfmm,0.75,0.35,7,1,1
lfmm,0.75,0.4,10,1,1
lfmm,0.75,0.45,10,1,1
lfmm,0.75,0.5,10,1,1
lfmm,0.75,0.55,13,2,1
lfmm,0.75,0.6,12,2,1
lfmm,0.75,0.65,12,2,1
lfmm,0.75,0.7,13,2,1
lfmm,0.75,0.75,21,2,1
lfmm,0.75,0.8,20,2,0
lfmm,0.75,0.85,20,2,0
lfmm,0.75,0.9,17,2,0
lfmm,0.75,0.95,4,1,0
lfmm,0.8,0,6,1,1
lfmm,0.8,0.05,7,1,1
lfmm,0.8,0.1,7,1,1
lfmm,0.8,0.15,7,1,1
lfmm,0.8,0.2,7,1,1
lfmm,0.8,0.25,7,1,1
lfmm,0.8,0.3,7,1,1
lfmm,0.8,0.35,7,1,1
lfmm,0.8,0.4,10,1,1
lfmm,0.8,0.45,10,1,1
lfmm,0.8,0.5,10,1,1
lfmm,0.8,0.55,13,2,1
lfmm,0.8,0.6,13,2,1
lfmm,0.8,0.65,12,2,1
lfmm,0.8,0.7,13,2,1
lfmm,0.8,0.75,21,2,1
lfmm,0.8,0.8,21,2,1
lfmm,0.8,0.85,19,2,0
lfmm,0.8,0.9,15,3,0
lfmm,0.8,0.95,1,0,0
lfmm,0.85,0,6,1,1
lfmm,0.85,0.05,7,1,1
lfmm,0.85,0.1,7,1,1
lfmm,0.85,0.15,7,1,1
lfmm,0.85,0.2,7,1,1
lfmm,0.85,0.25,7,1,1
lfmm,0.85,0.3,7,1,1
lfmm,0.85,0.35,7,1,1
lfmm,0.85,0.4,10,1,1
lfmm,0.85,0.45,10,1,1
lfmm,0.85,0.5,10,1,1
lfmm,0.85,0.55,13,2,1
lfmm,0.85,0.6,13,2,1
lfmm,0.85,0.65,14,2,1
lfmm,0.85,0.7,13,2,1
lfmm,0.85,0.75,21,2,1
lfmm,0.85,0.8,21,2,1
lfmm,0.85,0.85,15,3,0
lfmm,0.85,0.9,2,0,0
lfmm,0.85,0.95,0,0,0
lfmm,0.9,0,6,1,1
lfmm,0.9,0.05,7,1,1
lfmm,0.9,0.1,7,1,1
lfmm,0.9,0.15,7,1,1
lfmm,0.9,0.2,7,1,1
lfmm,0.9,0.25,7,1,1
lfmm,0.9,0.3,7,1,1
lfmm,0.9,0.35,7,1,1
lfmm,0.9,0.4,10,1,1
lfmm,0.9,0.45,10,1,1
lfmm,0.9,0.5,10,1,1
lfmm,0.9,0.55,13,2,1
lfmm,0.9,0.6,13,2,1
lfmm,0.9,0.65,14,2,1
lfmm,0.9,0.7,13,1,1
lfmm,0.9,0.75,12,1,1
lfmm,0.9,0.8,20,1,1
lfmm,0.9,0.85,12,2,1
lfmm,0.9,0.9,1,0,0
lfmm,0.9,0.95,0,0,0
lfmm,0.95,0,6,1,1
lfmm,0.95,0.05,7,1,1
lfmm,0.95,0.1,7,1,1
lfmm,0.95,0.15,7,1,1
lfmm,0.95,0.2,7,1,1
lfmm,0.95,0.25,7,1,1
lfmm,0.95,0.3,7,1,1
lfmm,0.95,0.35,7,1,1
lfmm,0.95,0.4,10,1,1
lfmm,0.95,0.45,10,1,1
lfmm,0.95,0.5,10,1,1
lfmm,0.95,0.55,13,2,1
lfmm,0.95,0.6,12,1,1
lfmm,0.95,0.65,11,1,1
lfmm,0.95,0.7,10,1,1
lfmm,0.95,0.75,10,1,1
lfmm,0.95,0.8,16,1,1
lfmm,0.95,0.85,6,1,1
lfmm,0.95,0.9,0,0,0
lfmm,0.95,0.95,0,0,0
lfmm,0.99,0,6,1,1
lfmm,0.99,0.05,7,1,1
lfmm,0.99,0.1,7,1,1
lfmm,0.99,0.15,7,1,1
lfmm,0.99,0.2,7,1,1
lfmm,0.99,0.25,7,1,1
lfmm,0.99,0.3,7,1,1
lfmm,0.99,0.35,7,1,1
lfmm,0.99,0.4,10,1,1
lfmm,0.99,0.45,10,1,1
lfmm,0.99,0.5,10,1,1
lfmm,0.99,0.55,13,2,1
lfmm,0.99,0.6,13,2,1
lfmm,0.99,0.65,14,2,1
lfmm,0.99,0.7,13,1,1
lfmm,0.99,0.75,12,1,1
lfmm,0.99,0.8,17,1,1
lfmm,0.99,0.85,15,1,1
lfmm,0.99,0.9,14,1,1
lfmm,0.99,0.95,0,0,0
