route,floor,R,R_ntrl,f_ntrl,cell,tag,env
cons,1,13,0,0.524512580843129,V0.5_c1,bgs,1
cons,2,16,0,0.522499051473378,V0.5_c1,bgs,1
cons,5,25,0,0.512802419354839,V0.5_c1,bgs,1
cons,8,32,0,0.510152863335615,V0.5_c1,bgs,1
best,1,27,2,0.524512580843129,V0.5_c1,bgs,1
best,2,30,3,0.522499051473378,V0.5_c1,bgs,1
best,5,48,3,0.512802419354839,V0.5_c1,bgs,1
best,8,55,4,0.510152863335615,V0.5_c1,bgs,1
simes,1,10,0,0.524512580843129,V0.5_c1,bgs,1
simes,2,14,1,0.522499051473378,V0.5_c1,bgs,1
simes,5,24,0,0.512802419354839,V0.5_c1,bgs,1
simes,8,26,0,0.510152863335615,V0.5_c1,bgs,1
cons,1,19,6,0.52879966739918,V0.5_c1,bgs,2
cons,2,21,6,0.524530587522714,V0.5_c1,bgs,2
cons,5,26,8,0.520199959192002,V0.5_c1,bgs,2
cons,8,17,4,0.516438356164384,V0.5_c1,bgs,2
best,1,38,8,0.52879966739918,V0.5_c1,bgs,2
best,2,56,16,0.524530587522714,V0.5_c1,bgs,2
best,5,48,10,0.520199959192002,V0.5_c1,bgs,2
best,8,45,7,0.516438356164384,V0.5_c1,bgs,2
simes,1,23,6,0.52879966739918,V0.5_c1,bgs,2
simes,2,26,7,0.524530587522714,V0.5_c1,bgs,2
simes,5,24,7,0.520199959192002,V0.5_c1,bgs,2
simes,8,18,4,0.516438356164384,V0.5_c1,bgs,2
cons,1,14,0,0.529798021777076,V0.5_c1,bgs,3
cons,2,14,0,0.526897773279352,V0.5_c1,bgs,3
cons,5,21,1,0.515716893125127,V0.5_c1,bgs,3
cons,8,23,1,0.504690002287806,V0.5_c1,bgs,3
best,1,19,0,0.529798021777076,V0.5_c1,bgs,3
best,2,21,0,0.526897773279352,V0.5_c1,bgs,3
best,5,53,2,0.515716893125127,V0.5_c1,bgs,3
best,8,48,3,0.504690002287806,V0.5_c1,bgs,3
simes,1,13,0,0.529798021777076,V0.5_c1,bgs,3
simes,2,17,0,0.526897773279352,V0.5_c1,bgs,3
simes,5,19,0,0.515716893125127,V0.5_c1,bgs,3
simes,8,23,0,0.504690002287806,V0.5_c1,bgs,3
cons,1,10,0,0.520639319812573,V0.5_c1,bgs,4
cons,2,10,0,0.516453405062973,V0.5_c1,bgs,4
cons,5,13,1,0.507600324280503,V0.5_c1,bgs,4
cons,8,9,1,0.501366742596811,V0.5_c1,bgs,4
best,1,15,0,0.520639319812573,V0.5_c1,bgs,4
best,2,22,0,0.516453405062973,V0.5_c1,bgs,4
best,5,25,4,0.507600324280503,V0.5_c1,bgs,4
best,8,19,3,0.501366742596811,V0.5_c1,bgs,4
simes,1,11,0,0.520639319812573,V0.5_c1,bgs,4
simes,2,10,0,0.516453405062973,V0.5_c1,bgs,4
simes,5,14,1,0.507600324280503,V0.5_c1,bgs,4
simes,8,10,1,0.501366742596811,V0.5_c1,bgs,4
cons,1,10,0,0.533351788551346,V0.5_c1,bgs,5
cons,2,12,1,0.531329414482635,V0.5_c1,bgs,5
cons,5,18,3,0.531868587418385,V0.5_c1,bgs,5
cons,8,14,2,0.535068691250904,V0.5_c1,bgs,5
best,1,17,2,0.533351788551346,V0.5_c1,bgs,5
best,2,20,2,0.531329414482635,V0.5_c1,bgs,5
best,5,23,3,0.531868587418385,V0.5_c1,bgs,5
best,8,23,4,0.535068691250904,V0.5_c1,bgs,5
simes,1,12,0,0.533351788551346,V0.5_c1,bgs,5
simes,2,16,2,0.531329414482635,V0.5_c1,bgs,5
simes,5,17,2,0.531868587418385,V0.5_c1,bgs,5
simes,8,15,2,0.535068691250904,V0.5_c1,bgs,5
cons,1,21,0,0.536695547653629,V0.5_c1,nobgs,1
cons,2,25,0,0.538138177382819,V0.5_c1,nobgs,1
cons,5,24,0,0.539092944200315,V0.5_c1,nobgs,1
cons,8,23,1,0.545486050944377,V0.5_c1,nobgs,1
best,1,28,0,0.536695547653629,V0.5_c1,nobgs,1
best,2,36,2,0.538138177382819,V0.5_c1,nobgs,1
best,5,41,2,0.539092944200315,V0.5_c1,nobgs,1
best,8,33,2,0.545486050944377,V0.5_c1,nobgs,1
simes,1,22,0,0.536695547653629,V0.5_c1,nobgs,1
simes,2,24,0,0.538138177382819,V0.5_c1,nobgs,1
simes,5,25,0,0.539092944200315,V0.5_c1,nobgs,1
simes,8,22,1,0.545486050944377,V0.5_c1,nobgs,1
cons,1,25,3,0.532869280981402,V0.5_c1,nobgs,2
cons,2,29,3,0.528841835097851,V0.5_c1,nobgs,2
cons,5,24,3,0.519432106598985,V0.5_c1,nobgs,2
cons,8,19,2,0.516150627615063,V0.5_c1,nobgs,2
best,1,27,4,0.532869280981402,V0.5_c1,nobgs,2
best,2,50,9,0.528841835097851,V0.5_c1,nobgs,2
best,5,37,6,0.519432106598985,V0.5_c1,nobgs,2
best,8,35,5,0.516150627615063,V0.5_c1,nobgs,2
simes,1,21,4,0.532869280981402,V0.5_c1,nobgs,2
simes,2,23,2,0.528841835097851,V0.5_c1,nobgs,2
simes,5,23,2,0.519432106598985,V0.5_c1,nobgs,2
simes,8,21,3,0.516150627615063,V0.5_c1,nobgs,2
cons,1,36,1,0.542134747011134,V0.5_c1,nobgs,3
cons,2,39,2,0.53906062523179,V0.5_c1,nobgs,3
cons,5,36,1,0.529556046112338,V0.5_c1,nobgs,3
cons,8,36,0,0.532761578044597,V0.5_c1,nobgs,3
best,1,52,1,0.542134747011134,V0.5_c1,nobgs,3
best,2,61,3,0.53906062523179,V0.5_c1,nobgs,3
best,5,61,2,0.529556046112338,V0.5_c1,nobgs,3
best,8,54,1,0.532761578044597,V0.5_c1,nobgs,3
simes,1,35,1,0.542134747011134,V0.5_c1,nobgs,3
simes,2,33,2,0.53906062523179,V0.5_c1,nobgs,3
simes,5,32,1,0.529556046112338,V0.5_c1,nobgs,3
simes,8,30,0,0.532761578044597,V0.5_c1,nobgs,3
cons,1,18,1,0.529802689702562,V0.5_c1,nobgs,4
cons,2,24,1,0.525655741189474,V0.5_c1,nobgs,4
cons,5,22,1,0.52328,V0.5_c1,nobgs,4
cons,8,21,1,0.529889923793395,V0.5_c1,nobgs,4
best,1,27,1,0.529802689702562,V0.5_c1,nobgs,4
best,2,31,3,0.525655741189474,V0.5_c1,nobgs,4
best,5,42,6,0.52328,V0.5_c1,nobgs,4
best,8,40,5,0.529889923793395,V0.5_c1,nobgs,4
simes,1,20,1,0.529802689702562,V0.5_c1,nobgs,4
simes,2,25,1,0.525655741189474,V0.5_c1,nobgs,4
simes,5,24,3,0.52328,V0.5_c1,nobgs,4
simes,8,21,2,0.529889923793395,V0.5_c1,nobgs,4
cons,1,10,0,0.54137806056701,V0.5_c1,nobgs,5
cons,2,11,0,0.541826755151939,V0.5_c1,nobgs,5
cons,5,12,0,0.539877300613497,V0.5_c1,nobgs,5
cons,8,14,0,0.5404659188956,V0.5_c1,nobgs,5
best,1,17,0,0.54137806056701,V0.5_c1,nobgs,5
best,2,21,1,0.541826755151939,V0.5_c1,nobgs,5
best,5,25,0,0.539877300613497,V0.5_c1,nobgs,5
best,8,29,2,0.5404659188956,V0.5_c1,nobgs,5
simes,1,9,0,0.54137806056701,V0.5_c1,nobgs,5
simes,2,10,0,0.541826755151939,V0.5_c1,nobgs,5
simes,5,12,0,0.539877300613497,V0.5_c1,nobgs,5
simes,8,11,0,0.5404659188956,V0.5_c1,nobgs,5
cons,1,22,9,0.518627836809655,V0.5_c2,bgs,1
cons,2,34,14,0.513112113402062,V0.5_c2,bgs,1
cons,5,50,19,0.510893003197264,V0.5_c2,bgs,1
cons,8,51,19,0.507499385296287,V0.5_c2,bgs,1
best,1,92,43,0.518627836809655,V0.5_c2,bgs,1
best,2,145,72,0.513112113402062,V0.5_c2,bgs,1
best,5,257,116,0.510893003197264,V0.5_c2,bgs,1
best,8,291,134,0.507499385296287,V0.5_c2,bgs,1
simes,1,20,6,0.518627836809655,V0.5_c2,bgs,1
simes,2,40,17,0.513112113402062,V0.5_c2,bgs,1
simes,5,55,21,0.510893003197264,V0.5_c2,bgs,1
simes,8,57,23,0.507499385296287,V0.5_c2,bgs,1
cons,1,94,45,0.505968158843577,V0.5_c2,bgs,2
cons,2,119,56,0.506936453138985,V0.5_c2,bgs,2
cons,5,142,69,0.506203115983843,V0.5_c2,bgs,2
cons,8,150,69,0.50619448340346,V0.5_c2,bgs,2
best,1,253,129,0.505968158843577,V0.5_c2,bgs,2
best,2,340,168,0.506936453138985,V0.5_c2,bgs,2
best,5,347,179,0.506203115983843,V0.5_c2,bgs,2
best,8,402,204,0.50619448340346,V0.5_c2,bgs,2
simes,1,107,50,0.505968158843577,V0.5_c2,bgs,2
simes,2,117,54,0.506936453138985,V0.5_c2,bgs,2
simes,5,118,59,0.506203115983843,V0.5_c2,bgs,2
simes,8,134,66,0.50619448340346,V0.5_c2,bgs,2
cons,1,95,50,0.519936603269937,V0.5_c2,bgs,3
cons,2,115,59,0.515841488227885,V0.5_c2,bgs,3
cons,5,113,55,0.509795257033436,V0.5_c2,bgs,3
cons,8,112,56,0.502425748432138,V0.5_c2,bgs,3
best,1,232,113,0.519936603269937,V0.5_c2,bgs,3
best,2,269,137,0.515841488227885,V0.5_c2,bgs,3
best,5,304,151,0.509795257033436,V0.5_c2,bgs,3
best,8,307,152,0.502425748432138,V0.5_c2,bgs,3
simes,1,139,72,0.519936603269937,V0.5_c2,bgs,3
simes,2,154,76,0.515841488227885,V0.5_c2,bgs,3
simes,5,144,69,0.509795257033436,V0.5_c2,bgs,3
simes,8,142,67,0.502425748432138,V0.5_c2,bgs,3
cons,1,10,4,0.517170295960604,V0.5_c2,bgs,4
cons,2,23,11,0.518789310686121,V0.5_c2,bgs,4
cons,5,37,15,0.511564924608403,V0.5_c2,bgs,4
cons,8,35,14,0.508244072692261,V0.5_c2,bgs,4
best,1,142,59,0.517170295960604,V0.5_c2,bgs,4
best,2,175,81,0.518789310686121,V0.5_c2,bgs,4
best,5,220,96,0.511564924608403,V0.5_c2,bgs,4
best,8,217,96,0.508244072692261,V0.5_c2,bgs,4
simes,1,58,23,0.517170295960604,V0.5_c2,bgs,4
simes,2,70,30,0.518789310686121,V0.5_c2,bgs,4
simes,5,74,32,0.511564924608403,V0.5_c2,bgs,4
simes,8,83,36,0.508244072692261,V0.5_c2,bgs,4
cons,1,6,1,0.511234850966263,V0.5_c2,bgs,5
cons,2,31,16,0.511537347536446,V0.5_c2,bgs,5
cons,5,60,29,0.511849034523113,V0.5_c2,bgs,5
cons,8,61,30,0.51009678575696,V0.5_c2,bgs,5
best,1,227,110,0.511234850966263,V0.5_c2,bgs,5
best,2,313,156,0.511537347536446,V0.5_c2,bgs,5
best,5,358,181,0.511849034523113,V0.5_c2,bgs,5
best,8,366,185,0.51009678575696,V0.5_c2,bgs,5
simes,1,8,3,0.511234850966263,V0.5_c2,bgs,5
simes,2,37,16,0.511537347536446,V0.5_c2,bgs,5
simes,5,65,28,0.511849034523113,V0.5_c2,bgs,5
simes,8,95,51,0.51009678575696,V0.5_c2,bgs,5
cons,1,16,5,0.528810743458397,V0.5_c2,nobgs,1
cons,2,25,8,0.523569162874086,V0.5_c2,nobgs,1
cons,5,31,10,0.520644761314321,V0.5_c2,nobgs,1
cons,8,38,12,0.521482065431612,V0.5_c2,nobgs,1
best,1,86,34,0.528810743458397,V0.5_c2,nobgs,1
best,2,111,44,0.523569162874086,V0.5_c2,nobgs,1
best,5,159,69,0.520644761314321,V0.5_c2,nobgs,1
best,8,176,73,0.521482065431612,V0.5_c2,nobgs,1
simes,1,23,6,0.528810743458397,V0.5_c2,nobgs,1
simes,2,35,13,0.523569162874086,V0.5_c2,nobgs,1
simes,5,43,17,0.520644761314321,V0.5_c2,nobgs,1
simes,8,41,15,0.521482065431612,V0.5_c2,nobgs,1
cons,1,149,73,0.524642006406922,V0.5_c2,nobgs,2
cons,2,182,92,0.520422362282066,V0.5_c2,nobgs,2
cons,5,196,100,0.51850273889227,V0.5_c2,nobgs,2
cons,8,173,86,0.517059855722363,V0.5_c2,nobgs,2
best,1,300,155,0.524642006406922,V0.5_c2,nobgs,2
best,2,369,190,0.520422362282066,V0.5_c2,nobgs,2
best,5,393,199,0.51850273889227,V0.5_c2,nobgs,2
best,8,374,196,0.517059855722363,V0.5_c2,nobgs,2
simes,1,159,85,0.524642006406922,V0.5_c2,nobgs,2
simes,2,181,100,0.520422362282066,V0.5_c2,nobgs,2
simes,5,191,93,0.51850273889227,V0.5_c2,nobgs,2
simes,8,172,84,0.517059855722363,V0.5_c2,nobgs,2
cons,1,76,39,0.527685950413223,V0.5_c2,nobgs,3
cons,2,97,55,0.523435154096034,V0.5_c2,nobgs,3
cons,5,112,58,0.522989202960087,V0.5_c2,nobgs,3
cons,8,125,65,0.525452976704055,V0.5_c2,nobgs,3
best,1,171,86,0.527685950413223,V0.5_c2,nobgs,3
best,2,199,106,0.523435154096034,V0.5_c2,nobgs,3
best,5,224,113,0.522989202960087,V0.5_c2,nobgs,3
best,8,247,123,0.525452976704055,V0.5_c2,nobgs,3
simes,1,109,51,0.527685950413223,V0.5_c2,nobgs,3
simes,2,117,55,0.523435154096034,V0.5_c2,nobgs,3
simes,5,115,56,0.522989202960087,V0.5_c2,nobgs,3
simes,8,117,57,0.525452976704055,V0.5_c2,nobgs,3
cons,1,17,5,0.529382971201697,V0.5_c2,nobgs,4
cons,2,18,4,0.524939903846154,V0.5_c2,nobgs,4
cons,5,25,6,0.524122127949464,V0.5_c2,nobgs,4
cons,8,28,9,0.52465876257846,V0.5_c2,nobgs,4
best,1,126,58,0.529382971201697,V0.5_c2,nobgs,4
best,2,144,66,0.524939903846154,V0.5_c2,nobgs,4
best,5,158,78,0.524122127949464,V0.5_c2,nobgs,4
best,8,186,95,0.52465876257846,V0.5_c2,nobgs,4
simes,1,37,11,0.529382971201697,V0.5_c2,nobgs,4
simes,2,50,19,0.524939903846154,V0.5_c2,nobgs,4
simes,5,53,21,0.524122127949464,V0.5_c2,nobgs,4
simes,8,57,23,0.52465876257846,V0.5_c2,nobgs,4
cons,1,31,11,0.524118531721718,V0.5_c2,nobgs,5
cons,2,32,11,0.520224812425593,V0.5_c2,nobgs,5
cons,5,48,20,0.517230712120275,V0.5_c2,nobgs,5
cons,8,71,26,0.517881571233144,V0.5_c2,nobgs,5
best,1,217,105,0.524118531721718,V0.5_c2,nobgs,5
best,2,286,136,0.520224812425593,V0.5_c2,nobgs,5
best,5,362,173,0.517230712120275,V0.5_c2,nobgs,5
best,8,363,171,0.517881571233144,V0.5_c2,nobgs,5
simes,1,15,3,0.524118531721718,V0.5_c2,nobgs,5
simes,2,29,8,0.520224812425593,V0.5_c2,nobgs,5
simes,5,67,26,0.517230712120275,V0.5_c2,nobgs,5
simes,8,77,33,0.517881571233144,V0.5_c2,nobgs,5
cons,1,3,1,0.513861567917749,V1_c1.5,bgs,1
cons,2,3,1,0.513391416585996,V1_c1.5,bgs,1
cons,5,2,0,0.508918851017503,V1_c1.5,bgs,1
cons,8,1,0,0.507634827810266,V1_c1.5,bgs,1
best,1,8,4,0.513861567917749,V1_c1.5,bgs,1
best,2,12,5,0.513391416585996,V1_c1.5,bgs,1
best,5,18,8,0.508918851017503,V1_c1.5,bgs,1
best,8,47,22,0.507634827810266,V1_c1.5,bgs,1
simes,1,2,0,0.513861567917749,V1_c1.5,bgs,1
simes,2,6,3,0.513391416585996,V1_c1.5,bgs,1
simes,5,4,1,0.508918851017503,V1_c1.5,bgs,1
simes,8,3,1,0.507634827810266,V1_c1.5,bgs,1
cons,1,47,26,0.519688344395184,V1_c1.5,bgs,2
cons,2,64,31,0.519301984814173,V1_c1.5,bgs,2
cons,5,85,38,0.511331097112002,V1_c1.5,bgs,2
cons,8,87,39,0.508570529957541,V1_c1.5,bgs,2
best,1,110,53,0.519688344395184,V1_c1.5,bgs,2
best,2,149,69,0.519301984814173,V1_c1.5,bgs,2
best,5,205,104,0.511331097112002,V1_c1.5,bgs,2
best,8,215,109,0.508570529957541,V1_c1.5,bgs,2
simes,1,38,17,0.519688344395184,V1_c1.5,bgs,2
simes,2,57,29,0.519301984814173,V1_c1.5,bgs,2
simes,5,69,34,0.511331097112002,V1_c1.5,bgs,2
simes,8,77,39,0.508570529957541,V1_c1.5,bgs,2
cons,1,3,2,0.501990351409063,V1_c1.5,bgs,3
cons,2,7,5,0.504603504603505,V1_c1.5,bgs,3
cons,5,27,13,0.499790004199916,V1_c1.5,bgs,3
cons,8,50,27,0.500081526169901,V1_c1.5,bgs,3
best,1,25,16,0.501990351409063,V1_c1.5,bgs,3
best,2,49,26,0.504603504603505,V1_c1.5,bgs,3
best,5,116,61,0.499790004199916,V1_c1.5,bgs,3
best,8,153,87,0.500081526169901,V1_c1.5,bgs,3
simes,1,2,1,0.501990351409063,V1_c1.5,bgs,3
simes,2,2,1,0.504603504603505,V1_c1.5,bgs,3
simes,5,9,6,0.499790004199916,V1_c1.5,bgs,3
simes,8,18,9,0.500081526169901,V1_c1.5,bgs,3
cons,1,0,0,0.515311933730262,V1_c1.5,bgs,4
cons,2,2,1,0.515080038163893,V1_c1.5,bgs,4
cons,5,1,0,0.504882489241973,V1_c1.5,bgs,4
cons,8,14,4,0.496585675718596,V1_c1.5,bgs,4
best,1,3,0,0.515311933730262,V1_c1.5,bgs,4
best,2,4,1,0.515080038163893,V1_c1.5,bgs,4
best,5,49,14,0.504882489241973,V1_c1.5,bgs,4
best,8,64,20,0.496585675718596,V1_c1.5,bgs,4
simes,1,2,0,0.515311933730262,V1_c1.5,bgs,4
simes,2,2,0,0.515080038163893,V1_c1.5,bgs,4
simes,5,2,0,0.504882489241973,V1_c1.5,bgs,4
simes,8,2,0,0.496585675718596,V1_c1.5,bgs,4
cons,1,0,0,0.509818681246121,V1_c1.5,bgs,5
cons,2,6,2,0.511751448808757,V1_c1.5,bgs,5
cons,5,19,7,0.513194788058717,V1_c1.5,bgs,5
cons,8,21,7,0.511428571428572,V1_c1.5,bgs,5
best,1,23,9,0.509818681246121,V1_c1.5,bgs,5
best,2,55,23,0.511751448808757,V1_c1.5,bgs,5
best,5,102,42,0.513194788058717,V1_c1.5,bgs,5
best,8,131,63,0.511428571428572,V1_c1.5,bgs,5
simes,1,2,2,0.509818681246121,V1_c1.5,bgs,5
simes,2,1,1,0.511751448808757,V1_c1.5,bgs,5
simes,5,12,4,0.513194788058717,V1_c1.5,bgs,5
simes,8,10,3,0.511428571428572,V1_c1.5,bgs,5
cons,1,6,1,0.523715523386522,V1_c1.5,nobgs,1
cons,2,7,0,0.522069197178368,V1_c1.5,nobgs,1
cons,5,17,1,0.525653174495736,V1_c1.5,nobgs,1
cons,8,15,1,0.525735294117647,V1_c1.5,nobgs,1
best,1,23,5,0.523715523386522,V1_c1.5,nobgs,1
best,2,25,4,0.522069197178368,V1_c1.5,nobgs,1
best,5,48,15,0.525653174495736,V1_c1.5,nobgs,1
best,8,41,12,0.525735294117647,V1_c1.5,nobgs,1
simes,1,6,1,0.523715523386522,V1_c1.5,nobgs,1
simes,2,6,0,0.522069197178368,V1_c1.5,nobgs,1
simes,5,16,1,0.525653174495736,V1_c1.5,nobgs,1
simes,8,13,0,0.525735294117647,V1_c1.5,nobgs,1
cons,1,34,11,0.518673917544873,V1_c1.5,nobgs,2
cons,2,53,20,0.517071874584828,V1_c1.5,nobgs,2
cons,5,45,17,0.517053387407752,V1_c1.5,nobgs,2
cons,8,43,15,0.51993002624016,V1_c1.5,nobgs,2
best,1,104,37,0.518673917544873,V1_c1.5,nobgs,2
best,2,136,49,0.517071874584828,V1_c1.5,nobgs,2
best,5,154,62,0.517053387407752,V1_c1.5,nobgs,2
best,8,142,61,0.51993002624016,V1_c1.5,nobgs,2
simes,1,18,5,0.518673917544873,V1_c1.5,nobgs,2
simes,2,31,8,0.517071874584828,V1_c1.5,nobgs,2
simes,5,32,8,0.517053387407752,V1_c1.5,nobgs,2
simes,8,38,9,0.51993002624016,V1_c1.5,nobgs,2
cons,1,9,1,0.527397260273973,V1_c1.5,nobgs,3
cons,2,12,1,0.527159634428401,V1_c1.5,nobgs,3
cons,5,19,2,0.532365145228216,V1_c1.5,nobgs,3
cons,8,21,4,0.528432914046122,V1_c1.5,nobgs,3
best,1,12,1,0.527397260273973,V1_c1.5,nobgs,3
best,2,26,3,0.527159634428401,V1_c1.5,nobgs,3
best,5,64,17,0.532365145228216,V1_c1.5,nobgs,3
best,8,72,17,0.528432914046122,V1_c1.5,nobgs,3
simes,1,8,1,0.527397260273973,V1_c1.5,nobgs,3
simes,2,8,0,0.527159634428401,V1_c1.5,nobgs,3
simes,5,10,0,0.532365145228216,V1_c1.5,nobgs,3
simes,8,13,0,0.528432914046122,V1_c1.5,nobgs,3
cons,1,0,0,0.518414006865675,V1_c1.5,nobgs,4
cons,2,3,2,0.519601658255227,V1_c1.5,nobgs,4
cons,5,4,2,0.523370771403591,V1_c1.5,nobgs,4
cons,8,6,2,0.529098516546215,V1_c1.5,nobgs,4
best,1,6,1,0.518414006865675,V1_c1.5,nobgs,4
best,2,11,2,0.519601658255227,V1_c1.5,nobgs,4
best,5,23,6,0.523370771403591,V1_c1.5,nobgs,4
best,8,32,8,0.529098516546215,V1_c1.5,nobgs,4
simes,1,0,0,0.518414006865675,V1_c1.5,nobgs,4
simes,2,3,0,0.519601658255227,V1_c1.5,nobgs,4
simes,5,2,0,0.523370771403591,V1_c1.5,nobgs,4
simes,8,1,0,0.529098516546215,V1_c1.5,nobgs,4
cons,1,3,1,0.522380642097474,V1_c1.5,nobgs,5
cons,2,4,1,0.519948866312319,V1_c1.5,nobgs,5
cons,5,3,0,0.514247130317353,V1_c1.5,nobgs,5
cons,8,4,0,0.515556666250156,V1_c1.5,nobgs,5
best,1,6,2,0.522380642097474,V1_c1.5,nobgs,5
best,2,8,4,0.519948866312319,V1_c1.5,nobgs,5
best,5,33,12,0.514247130317353,V1_c1.5,nobgs,5
best,8,39,14,0.515556666250156,V1_c1.5,nobgs,5
simes,1,0,0,0.522380642097474,V1_c1.5,nobgs,5
simes,2,2,1,0.519948866312319,V1_c1.5,nobgs,5
simes,5,1,0,0.514247130317353,V1_c1.5,nobgs,5
simes,8,1,0,0.515556666250156,V1_c1.5,nobgs,5
cons,1,5,0,0.5102031515262,V2_c1,bgs,1
cons,2,2,0,0.51090014925008,V2_c1,bgs,1
cons,5,3,0,0.50517848164907,V2_c1,bgs,1
cons,8,3,0,0.50962441314554,V2_c1,bgs,1
best,1,7,1,0.5102031515262,V2_c1,bgs,1
best,2,4,1,0.51090014925008,V2_c1,bgs,1
best,5,4,0,0.50517848164907,V2_c1,bgs,1
best,8,4,0,0.50962441314554,V2_c1,bgs,1
simes,1,6,1,0.5102031515262,V2_c1,bgs,1
simes,2,3,1,0.51090014925008,V2_c1,bgs,1
simes,5,3,0,0.50517848164907,V2_c1,bgs,1
simes,8,3,0,0.50962441314554,V2_c1,bgs,1
cons,1,17,6,0.513084282876259,V2_c1,bgs,2
cons,2,16,6,0.511071376083868,V2_c1,bgs,2
cons,5,7,3,0.506813627254509,V2_c1,bgs,2
cons,8,5,2,0.51027951027951,V2_c1,bgs,2
best,1,26,9,0.513084282876259,V2_c1,bgs,2
best,2,37,15,0.511071376083868,V2_c1,bgs,2
best,5,20,9,0.506813627254509,V2_c1,bgs,2
best,8,16,8,0.51027951027951,V2_c1,bgs,2
simes,1,18,5,0.513084282876259,V2_c1,bgs,2
simes,2,18,6,0.511071376083868,V2_c1,bgs,2
simes,5,11,4,0.506813627254509,V2_c1,bgs,2
simes,8,7,3,0.51027951027951,V2_c1,bgs,2
cons,1,4,0,0.510925060821693,V2_c1,bgs,3
cons,2,6,0,0.510880727663944,V2_c1,bgs,3
cons,5,8,1,0.512474114978799,V2_c1,bgs,3
cons,8,8,2,0.511918274687855,V2_c1,bgs,3
best,1,7,0,0.510925060821693,V2_c1,bgs,3
best,2,11,2,0.510880727663944,V2_c1,bgs,3
best,5,14,4,0.512474114978799,V2_c1,bgs,3
best,8,16,4,0.511918274687855,V2_c1,bgs,3
simes,1,7,0,0.510925060821693,V2_c1,bgs,3
simes,2,6,0,0.510880727663944,V2_c1,bgs,3
simes,5,5,0,0.512474114978799,V2_c1,bgs,3
simes,8,9,2,0.511918274687855,V2_c1,bgs,3
cons,1,5,0,0.5120207182637,V2_c1,bgs,4
cons,2,10,1,0.513936249073388,V2_c1,bgs,4
cons,5,9,0,0.514262675133555,V2_c1,bgs,4
cons,8,8,0,0.51139990880073,V2_c1,bgs,4
best,1,11,0,0.5120207182637,V2_c1,bgs,4
best,2,17,1,0.513936249073388,V2_c1,bgs,4
best,5,21,3,0.514262675133555,V2_c1,bgs,4
best,8,29,7,0.51139990880073,V2_c1,bgs,4
simes,1,4,0,0.5120207182637,V2_c1,bgs,4
simes,2,7,0,0.513936249073388,V2_c1,bgs,4
simes,5,7,0,0.514262675133555,V2_c1,bgs,4
simes,8,9,1,0.51139990880073,V2_c1,bgs,4
cons,1,2,0,0.512705358070587,V2_c1,bgs,5
cons,2,1,0,0.513889579088605,V2_c1,bgs,5
cons,5,2,0,0.519360097819442,V2_c1,bgs,5
cons,8,2,0,0.517001915708812,V2_c1,bgs,5
best,1,3,0,0.512705358070587,V2_c1,bgs,5
best,2,2,0,0.513889579088605,V2_c1,bgs,5
best,5,2,0,0.519360097819442,V2_c1,bgs,5
best,8,3,0,0.517001915708812,V2_c1,bgs,5
simes,1,1,0,0.512705358070587,V2_c1,bgs,5
simes,2,0,0,0.513889579088605,V2_c1,bgs,5
simes,5,2,0,0.519360097819442,V2_c1,bgs,5
simes,8,2,0,0.517001915708812,V2_c1,bgs,5
cons,1,2,0,0.514112710061893,V2_c1,nobgs,1
cons,2,1,0,0.515039876080631,V2_c1,nobgs,1
cons,5,1,0,0.520715255049094,V2_c1,nobgs,1
cons,8,3,0,0.528055602644516,V2_c1,nobgs,1
best,1,3,0,0.514112710061893,V2_c1,nobgs,1
best,2,2,0,0.515039876080631,V2_c1,nobgs,1
best,5,4,0,0.520715255049094,V2_c1,nobgs,1
best,8,18,4,0.528055602644516,V2_c1,nobgs,1
simes,1,2,0,0.514112710061893,V2_c1,nobgs,1
simes,2,1,0,0.515039876080631,V2_c1,nobgs,1
simes,5,1,0,0.520715255049094,V2_c1,nobgs,1
simes,8,4,0,0.528055602644516,V2_c1,nobgs,1
cons,1,18,6,0.511071100214527,V2_c1,nobgs,2
cons,2,9,1,0.510266175435692,V2_c1,nobgs,2
cons,5,12,4,0.50958391771856,V2_c1,nobgs,2
cons,8,16,8,0.504593175853018,V2_c1,nobgs,2
best,1,24,7,0.511071100214527,V2_c1,nobgs,2
best,2,36,11,0.510266175435692,V2_c1,nobgs,2
best,5,37,15,0.50958391771856,V2_c1,nobgs,2
best,8,37,14,0.504593175853018,V2_c1,nobgs,2
simes,1,17,6,0.511071100214527,V2_c1,nobgs,2
simes,2,8,1,0.510266175435692,V2_c1,nobgs,2
simes,5,5,1,0.50958391771856,V2_c1,nobgs,2
simes,8,14,7,0.504593175853018,V2_c1,nobgs,2
cons,1,16,2,0.515070716438674,V2_c1,nobgs,3
cons,2,19,3,0.517765103506548,V2_c1,nobgs,3
cons,5,15,0,0.521693632777912,V2_c1,nobgs,3
cons,8,21,0,0.532044760935911,V2_c1,nobgs,3
best,1,22,1,0.515070716438674,V2_c1,nobgs,3
best,2,27,3,0.517765103506548,V2_c1,nobgs,3
best,5,29,2,0.521693632777912,V2_c1,nobgs,3
best,8,34,3,0.532044760935911,V2_c1,nobgs,3
simes,1,16,1,0.515070716438674,V2_c1,nobgs,3
simes,2,18,1,0.517765103506548,V2_c1,nobgs,3
simes,5,17,0,0.521693632777912,V2_c1,nobgs,3
simes,8,19,0,0.532044760935911,V2_c1,nobgs,3
cons,1,6,0,0.507007950873269,V2_c1,nobgs,4
cons,2,11,0,0.508549479596894,V2_c1,nobgs,4
cons,5,5,0,0.504336276271584,V2_c1,nobgs,4
cons,8,5,0,0.50016694490818,V2_c1,nobgs,4
best,1,10,1,0.507007950873269,V2_c1,nobgs,4
best,2,11,1,0.508549479596894,V2_c1,nobgs,4
best,5,5,0,0.504336276271584,V2_c1,nobgs,4
best,8,7,0,0.50016694490818,V2_c1,nobgs,4
simes,1,7,0,0.507007950873269,V2_c1,nobgs,4
simes,2,10,1,0.508549479596894,V2_c1,nobgs,4
simes,5,5,0,0.504336276271584,V2_c1,nobgs,4
simes,8,5,0,0.50016694490818,V2_c1,nobgs,4
cons,1,5,0,0.513264701950074,V2_c1,nobgs,5
cons,2,6,0,0.514428088903715,V2_c1,nobgs,5
cons,5,7,0,0.518585890540968,V2_c1,nobgs,5
cons,8,7,0,0.517668428005284,V2_c1,nobgs,5
best,1,9,0,0.513264701950074,V2_c1,nobgs,5
best,2,16,2,0.514428088903715,V2_c1,nobgs,5
best,5,12,0,0.518585890540968,V2_c1,nobgs,5
best,8,17,2,0.517668428005284,V2_c1,nobgs,5
simes,1,2,0,0.513264701950074,V2_c1,nobgs,5
simes,2,5,0,0.514428088903715,V2_c1,nobgs,5
simes,5,8,0,0.518585890540968,V2_c1,nobgs,5
simes,8,9,0,0.517668428005284,V2_c1,nobgs,5
