cell,tag,env,dcap,n_units,regions,precision,recall,med_span_kb,max_span_Mb,widest_q_precision,pct_over_1Mb,n_qtn
V0.5_c1,nobgs,1,10000,100080,19,0.578947368421053,0.631578947368421,206.8745,4.032368,0.6,22.7272727272727,19
V0.5_c1,nobgs,1,30000,99970,20,0.6,0.631578947368421,227.8145,4.032368,0.4,18.1818181818182,19
V0.5_c1,nobgs,1,1e+05,99835,16,0.75,0.631578947368421,260.355,4.616341,0.5,27.7777777777778,19
V0.5_c1,nobgs,1,3e+05,99706,15,0.8,0.631578947368421,212.989,4.876643,0.75,23.5294117647059,19
V0.5_c1,nobgs,2,10000,101747,17,0.470588235294118,0.45,87.309,2.982866,0.4,13.6363636363636,20
V0.5_c1,nobgs,2,30000,101688,17,0.470588235294118,0.45,87.309,3.712512,0.4,13.6363636363636,20
V0.5_c1,nobgs,2,1e+05,101569,15,0.533333333333333,0.45,87.309,3.922539,0.5,15,20
V0.5_c1,nobgs,2,3e+05,101439,15,0.533333333333333,0.45,87.309,3.922539,0.5,15,20
V0.5_c1,nobgs,3,10000,100009,29,0.413793103448276,0.571428571428571,139.579,4.522464,0.25,20.5128205128205,21
V0.5_c1,nobgs,3,30000,99911,28,0.428571428571429,0.571428571428571,262.984,4.522464,0.285714285714286,25.7142857142857,21
V0.5_c1,nobgs,3,1e+05,99787,22,0.545454545454545,0.571428571428571,252.829,4.613534,0.333333333333333,32.1428571428572,21
V0.5_c1,nobgs,3,3e+05,99670,19,0.631578947368421,0.571428571428571,95.5475,4.613534,1,22.7272727272727,21
V0.5_c1,nobgs,4,10000,102102,17,0.529411764705882,0.473684210526316,106.819,2.252229,0.4,21.7391304347826,19
V0.5_c1,nobgs,4,30000,101998,15,0.6,0.473684210526316,112.275,2.694905,0.6,28.5714285714286,19
V0.5_c1,nobgs,4,1e+05,101870,13,0.692307692307692,0.473684210526316,112.994,3.256729,0.75,31.5789473684211,19
V0.5_c1,nobgs,4,3e+05,101719,10,0.8,0.421052631578947,112.994,3.690588,1,30.7692307692308,19
V0.5_c1,nobgs,5,10000,99543,8,0.75,0.411764705882353,120.366,3.26996,1,33.3333333333333,17
V0.5_c1,nobgs,5,30000,99447,8,0.75,0.411764705882353,120.366,3.26996,1,33.3333333333333,17
V0.5_c1,nobgs,5,1e+05,99328,8,0.75,0.411764705882353,228.463,3.26996,1,33.3333333333333,17
V0.5_c1,nobgs,5,3e+05,99197,7,0.857142857142857,0.411764705882353,373.78,3.924922,0.5,37.5,17
V0.5_c1,bgs,1,10000,84958,11,0.363636363636364,0.227272727272727,351.116,1.701685,0.25,31.25,22
V0.5_c1,bgs,1,30000,84837,9,0.444444444444444,0.227272727272727,288.14,2.44002,1,22.2222222222222,22
V0.5_c1,bgs,1,1e+05,84732,7,0.571428571428571,0.227272727272727,673.2765,2.44002,0.5,37.5,22
V0.5_c1,bgs,1,3e+05,84671,6,0.666666666666667,0.227272727272727,647.228,2.44002,1,33.3333333333333,22
V0.5_c1,bgs,2,10000,84440,23,0.347826086956522,0.4,135.484,1.961284,0.166666666666667,3.7037037037037,20
V0.5_c1,bgs,2,30000,84306,20,0.4,0.4,137.835,2.27113,0.75,5,20
V0.5_c1,bgs,2,1e+05,84185,20,0.4,0.4,137.835,2.27113,0.75,10,20
V0.5_c1,bgs,2,3e+05,84113,19,0.421052631578947,0.4,135.484,4.552935,0.75,5.26315789473684,20
V0.5_c1,bgs,3,10000,84395,18,0.611111111111111,0.631578947368421,89.1715,1.60208,0.8,4.16666666666667,19
V0.5_c1,bgs,3,30000,84314,14,0.785714285714286,0.631578947368421,161.1005,1.60208,0.75,6.25,19
V0.5_c1,bgs,3,1e+05,84217,12,0.833333333333333,0.578947368421053,232.516,1.60208,0.666666666666667,8.33333333333333,19
V0.5_c1,bgs,3,3e+05,84163,12,0.833333333333333,0.578947368421053,232.516,1.622395,0.666666666666667,8.33333333333333,19
V0.5_c1,bgs,4,10000,85331,8,0.875,0.533333333333333,73.439,0.951453,1,0,15
V0.5_c1,bgs,4,30000,85242,7,0.857142857142857,0.466666666666667,73.7485,0.97428,1,0,15
V0.5_c1,bgs,4,1e+05,85153,7,0.857142857142857,0.466666666666667,73.7485,0.97428,1,0,15
V0.5_c1,bgs,4,3e+05,85111,7,0.857142857142857,0.466666666666667,41.589,0.97428,1,0,15
V0.5_c1,bgs,5,10000,83239,14,0.571428571428571,0.642857142857143,172.344,3.950536,0.666666666666667,6.66666666666667,14
V0.5_c1,bgs,5,30000,83164,12,0.666666666666667,0.642857142857143,172.344,3.950536,0.666666666666667,7.69230769230769,14
V0.5_c1,bgs,5,1e+05,83084,12,0.666666666666667,0.642857142857143,145.2935,3.950536,1,8.33333333333333,14
V0.5_c1,bgs,5,3e+05,83044,12,0.666666666666667,0.642857142857143,145.2935,3.950536,1,8.33333333333333,14
V0.5_c2,nobgs,1,10000,76722,21,0.142857142857143,0.0882352941176471,473.909,2.335426,0.2,23.8095238095238,34
V0.5_c2,nobgs,1,30000,75156,16,0.1875,0.0882352941176471,682.7615,13.631075,0,37.5,34
V0.5_c2,nobgs,1,1e+05,72230,9,0.222222222222222,0.0588235294117647,1666.503,12.87932,0,66.6666666666667,34
V0.5_c2,nobgs,1,3e+05,70970,4,0.25,0.0294117647058824,1238.4505,12.87932,0.25,50,34
V0.5_c2,nobgs,2,10000,77571,237,0.0253164556962025,0.184210526315789,555.1315,12.845227,0.0208333333333333,28.5714285714286,38
V0.5_c2,nobgs,2,30000,75808,194,0.0257731958762887,0.157894736842105,790.216,18.426057,0.0512820512820513,40.5128205128205,38
V0.5_c2,nobgs,2,1e+05,73046,102,0.0392156862745098,0.105263157894737,4851.3915,28.552914,0.0476190476190476,70.1923076923077,38
V0.5_c2,nobgs,2,3e+05,71750,40,0.1,0.105263157894737,11337.645,26.526154,0.125,77.5,38
V0.5_c2,nobgs,3,10000,77114,104,0.0769230769230769,0.228571428571429,790.157,24.562897,0.136363636363636,41.1214953271028,35
V0.5_c2,nobgs,3,30000,75616,100,0.08,0.228571428571429,1137.8915,24.562897,0.142857142857143,54.9019607843137,35
V0.5_c2,nobgs,3,1e+05,72600,61,0.147540983606557,0.285714285714286,9079.367,25.21614,0.230769230769231,87.0967741935484,35
V0.5_c2,nobgs,3,3e+05,71427,33,0.242424242424242,0.285714285714286,16534.381,28.087725,0.285714285714286,100,35
V0.5_c2,nobgs,4,10000,78100,62,0.129032258064516,0.216216216216216,1011.427,24.655719,0.0769230769230769,53.8461538461539,37
V0.5_c2,nobgs,4,30000,76540,40,0.075,0.0810810810810811,1355.078,24.655719,0,72.093023255814,37
V0.5_c2,nobgs,4,1e+05,73546,11,0.181818181818182,0.0540540540540541,1205.363,17.502187,0,63.6363636363636,37
V0.5_c2,nobgs,4,3e+05,72415,3,0,0,5530.661,28.228497,0,66.6666666666667,37
V0.5_c2,bgs,1,10000,66799,1,0,0,4.751,0.004751,0,0,33
V0.5_c2,bgs,1,30000,64219,1,0,0,4.751,0.004751,0,0,33
V0.5_c2,bgs,1,1e+05,60984,1,0,0,6210.313,6.210313,0,100,33
V0.5_c2,bgs,1,3e+05,59685,1,0,0,9383.401,9.383401,0,100,33
V0.5_c2,bgs,2,10000,66394,150,0.0733333333333333,0.314285714285714,915.885,15.906657,0.0967741935483871,45.0980392156863,35
V0.5_c2,bgs,2,30000,63887,120,0.0916666666666667,0.314285714285714,1524.939,20.285872,0.04,61.7886178861789,35
V0.5_c2,bgs,2,1e+05,60739,63,0.126984126984127,0.285714285714286,10631.636,26.944263,0.0769230769230769,86.1538461538462,35
V0.5_c2,bgs,2,3e+05,59545,32,0.21875,0.257142857142857,16281.285,31.352656,0.285714285714286,90.9090909090909,35
V0.5_c2,bgs,3,10000,65766,151,0.0463576158940397,0.184210526315789,874.2285,23.299336,0.032258064516129,45.3947368421053,38
V0.5_c2,bgs,3,30000,63192,123,0.0569105691056911,0.184210526315789,1390.4945,23.299336,0.04,62.9032258064516,38
V0.5_c2,bgs,3,1e+05,59940,66,0.0909090909090909,0.157894736842105,7440.598,27.316195,0.0714285714285714,80.3030303030303,38
V0.5_c2,bgs,3,3e+05,58738,35,0.171428571428571,0.157894736842105,12306.894,31.161094,0.428571428571429,88.5714285714286,38
V0.5_c2,bgs,4,10000,66992,3,0,0,541.503,0.923503,0,0,37
V0.5_c2,bgs,4,30000,64267,3,0,0,541.503,0.923503,0,0,37
V0.5_c2,bgs,4,1e+05,61123,3,0,0,541.503,7.943608,0,33.3333333333333,37
V0.5_c2,bgs,4,3e+05,59917,1,0,0,15859.191,15.859191,0,100,37
V0.5_c2,bgs,5,10000,66862,7,0,0,978.377,14.523643,0,42.8571428571429,30
V0.5_c2,bgs,5,30000,64229,4,0,0,4159.0675,14.273134,0,50,30
V0.5_c2,bgs,5,1e+05,61060,1,0,0,6.824,0.006824,0,0,30
V0.5_c2,bgs,5,3e+05,59859,1,0,0,45.968,0.045968,0,0,30
V1_c1.5,nobgs,1,10000,93611,8,0.375,0.136363636363636,576.675,1.999,0.5,25,22
V1_c1.5,nobgs,1,30000,92588,8,0.375,0.136363636363636,686.905,10.472179,0.5,37.5,22
V1_c1.5,nobgs,1,1e+05,91185,2,0.5,0.0454545454545455,51.775,0.10355,0.5,0,22
V1_c1.5,nobgs,1,3e+05,90351,2,0.5,0.0909090909090909,4599.3005,9.198601,0.5,50,22
V1_c1.5,nobgs,2,10000,94254,10,0,0,198.612,1.645775,0,20,29
V1_c1.5,nobgs,2,30000,93223,10,0,0,507.455,1.645775,0,30,29
V1_c1.5,nobgs,2,1e+05,91759,10,0,0,1216.2585,10.491128,0,60,29
V1_c1.5,nobgs,2,3e+05,90986,6,0.166666666666667,0.0344827586206897,989.255,17.02605,0.5,50,29
V1_c1.5,nobgs,3,10000,93712,3,0.333333333333333,0.04,90.247,0.219549,0.333333333333333,0,25
V1_c1.5,nobgs,3,30000,92615,3,0.333333333333333,0.04,219.549,9.832902,0.333333333333333,33.3333333333333,25
V1_c1.5,nobgs,3,1e+05,91104,2,0.5,0.04,4577.063,9.063879,0.5,50,25
V1_c1.5,nobgs,3,3e+05,90321,2,0.5,0.04,976.0655,1.035609,0.5,50,25
V1_c1.5,bgs,1,10000,80063,1,0,0,25.653,0.025653,0,0,23
V1_c1.5,bgs,1,30000,78226,1,0,0,25.653,0.025653,0,0,23
V1_c1.5,bgs,1,1e+05,76254,2,0,0,78.5895,0.131526,0,0,23
V1_c1.5,bgs,1,3e+05,75530,1,0,0,25.653,0.025653,0,0,23
V1_c1.5,bgs,2,10000,79981,37,0.108108108108108,0.16,149.456,3.861885,0.375,18.9189189189189,25
V1_c1.5,bgs,2,30000,78128,34,0.0882352941176471,0.12,130.916,11.638093,0.428571428571429,23.5294117647059,25
V1_c1.5,bgs,2,1e+05,76238,21,0.142857142857143,0.12,837.711,16.462283,0.6,47.6190476190476,25
V1_c1.5,bgs,2,3e+05,75535,11,0.0909090909090909,0.04,313.832,21.870324,0,45.4545454545455,25
V1_c1.5,bgs,3,10000,79518,1,1,0.037037037037037,2903.739,2.903739,1,100,27
V1_c1.5,bgs,3,30000,77705,1,1,0.037037037037037,2903.739,2.903739,1,100,27
V1_c1.5,bgs,5,10000,79620,3,0,0,187.356,7.155386,0,33.3333333333333,22
V1_c1.5,bgs,5,30000,77668,3,0,0,187.356,7.155386,0,33.3333333333333,22
V1_c1.5,bgs,5,1e+05,75723,2,0,0,3604.021,7.208042,0,50,22
V1_c1.5,bgs,5,3e+05,74946,2,0,0,7004.1265,14.008253,0,50,22
V2_c1,nobgs,1,10000,104544,2,0.5,0.1,251.6925,0.503385,0.5,0,10
V2_c1,nobgs,1,30000,104482,2,0.5,0.1,251.6925,0.503385,0.5,0,10
V2_c1,nobgs,1,1e+05,104374,2,0.5,0.1,251.6925,0.503385,0.5,0,10
V2_c1,nobgs,1,3e+05,104255,2,0.5,0.1,251.6925,0.503385,0.5,0,10
V2_c1,nobgs,2,10000,104605,17,0.176470588235294,0.272727272727273,0,1.000864,0.5,5.88235294117647,11
V2_c1,nobgs,2,30000,104541,17,0.176470588235294,0.272727272727273,0,1.000864,0.5,5.88235294117647,11
V2_c1,nobgs,2,1e+05,104416,17,0.176470588235294,0.272727272727273,0,1.000864,0.5,5.88235294117647,11
V2_c1,nobgs,2,3e+05,104285,17,0.176470588235294,0.272727272727273,0,1.000864,0.5,5.88235294117647,11
V2_c1,nobgs,3,10000,103721,17,0.352941176470588,0.375,183.241,2.305159,0.4,23.8095238095238,16
V2_c1,nobgs,3,30000,103639,15,0.4,0.375,236.837,2.93416,0.5,22.2222222222222,16
V2_c1,nobgs,3,1e+05,103512,13,0.461538461538462,0.375,330.557,2.93416,0.5,31.25,16
V2_c1,nobgs,3,3e+05,103403,11,0.545454545454545,0.375,285.956,4.526613,0.666666666666667,15.3846153846154,16
V2_c1,nobgs,4,10000,105716,7,0.714285714285714,0.5,92.125,0.991097,1,0,10
V2_c1,nobgs,4,30000,105642,7,0.714285714285714,0.5,92.125,0.991097,1,0,10
V2_c1,nobgs,4,1e+05,105523,6,0.833333333333333,0.5,112.756,0.991097,1,0,10
V2_c1,nobgs,4,3e+05,105411,6,0.833333333333333,0.5,112.756,0.991097,1,0,10
V2_c1,nobgs,5,10000,104864,1,1,0.0714285714285714,23.03,0.040502,0.5,0,14
V2_c1,nobgs,5,30000,104827,1,1,0.0714285714285714,23.03,0.040502,0.5,0,14
V2_c1,nobgs,5,1e+05,104714,1,1,0.0714285714285714,23.03,0.040502,0.5,0,14
V2_c1,nobgs,5,3e+05,104594,1,1,0.0714285714285714,23.03,0.040502,0.5,0,14
V2_c1,bgs,1,10000,87954,5,0.4,0.166666666666667,42.893,1.047871,0,14.2857142857143,12
V2_c1,bgs,1,30000,87887,5,0.4,0.166666666666667,33.8285,1.047871,0.5,16.6666666666667,12
V2_c1,bgs,1,1e+05,87767,4,0.5,0.166666666666667,0,1.70932,1,20,12
V2_c1,bgs,1,3e+05,87721,3,0.333333333333333,0.0833333333333333,33.8285,1.70932,0.25,25,12
V2_c1,bgs,2,10000,87777,20,0.25,0.384615384615385,38.652,0.987385,0.5,0,13
V2_c1,bgs,2,30000,87671,19,0.263157894736842,0.384615384615385,35.119,0.987385,0.5,0,13
V2_c1,bgs,2,1e+05,87586,18,0.277777777777778,0.384615384615385,28.4785,1.089386,0.5,5.55555555555556,13
V2_c1,bgs,2,3e+05,87518,18,0.277777777777778,0.384615384615385,28.4785,1.089386,0.5,5.55555555555556,13
V2_c1,bgs,3,10000,87727,6,0.666666666666667,0.357142857142857,65.3715,0.404335,1,0,14
V2_c1,bgs,3,30000,87652,6,0.666666666666667,0.357142857142857,65.3715,0.273527,1,0,14
V2_c1,bgs,3,1e+05,87551,6,0.666666666666667,0.357142857142857,65.3715,0.588327,1,0,14
V2_c1,bgs,3,3e+05,87454,6,0.666666666666667,0.357142857142857,65.3715,0.588327,1,0,14
V2_c1,bgs,4,10000,87450,1,1,0.1,65.289,0.065289,1,0,10
V2_c1,bgs,4,30000,87375,1,1,0.1,65.289,0.065289,1,0,10
V2_c1,bgs,4,1e+05,87266,1,1,0.1,65.289,0.065289,1,0,10
V2_c1,bgs,4,3e+05,87180,1,1,0.1,65.289,0.065289,1,0,10
V2_c1,bgs,5,10000,86780,1,1,0.111111111111111,0,0,1,0,9
V2_c1,bgs,5,30000,86707,1,1,0.111111111111111,0,0,1,0,9
V2_c1,bgs,5,1e+05,86617,1,1,0.111111111111111,0,0,1,0,9
V2_c1,bgs,5,3e+05,86531,1,1,0.111111111111111,0,0,1,0,9
