cell,env,partition,statistic,engine,n_test,regions,tp,precision,recall,widest_Mb,med_occupancy,n_qtn
V0.5_c1,1,stage 2,Simes,EMMAX,99835,16,12,0.75,0.631578947368421,4.616341,0.282197818616465,19
V0.5_c1,1,stage 1,Simes,EMMAX,100330,19,12,0.631578947368421,0.631578947368421,4.616341,0.282608695652174,19
V0.5_c1,1,stage 2,consensus,EMMAX,99835,18,11,0.611111111111111,0.578947368421053,4.616341,0.281786941580756,19
V0.5_c1,1,stage 2,Simes,LFMM,99835,18,10,0.555555555555556,0.526315789473684,4.616341,0.306946688206785,19
V0.5_c1,1,stage 1,Simes,LFMM,100330,19,10,0.526315789473684,0.526315789473684,4.616341,0.29477769192948,19
V0.5_c1,1,stage 2,consensus,LFMM,99835,38,13,0.342105263157895,0.68421052631579,4.616341,0.302083333333333,19
V0.5_c1,2,stage 2,Simes,EMMAX,101569,15,8,0.533333333333333,0.45,3.922539,0.15835970464135,20
V0.5_c1,2,stage 1,Simes,EMMAX,101983,15,8,0.533333333333333,0.45,3.922539,0.15835970464135,20
V0.5_c1,2,stage 2,consensus,EMMAX,101569,18,9,0.5,0.5,3.922539,0.170886075949367,20
V0.5_c1,2,stage 2,Simes,LFMM,101569,30,12,0.4,0.65,3.922539,0.299223127865512,20
V0.5_c1,2,stage 1,Simes,LFMM,101983,30,12,0.4,0.65,3.922539,0.299223127865512,20
V0.5_c1,2,stage 2,consensus,LFMM,101569,55,13,0.236363636363636,0.7,3.922539,0.194444444444444,20
V0.5_c1,3,stage 2,Simes,EMMAX,99787,22,12,0.545454545454545,0.571428571428571,4.613534,0.244567149022595,21
V0.5_c1,3,stage 1,Simes,EMMAX,100302,25,12,0.48,0.571428571428571,4.613534,0.244567149022595,21
V0.5_c1,3,stage 2,consensus,EMMAX,99787,29,13,0.448275862068966,0.619047619047619,4.613534,0.244567149022595,21
V0.5_c1,3,stage 2,Simes,LFMM,99787,22,13,0.590909090909091,0.619047619047619,3.361435,0.263157894736842,21
V0.5_c1,3,stage 1,Simes,LFMM,100302,24,13,0.541666666666667,0.619047619047619,3.361435,0.27046783625731,21
V0.5_c1,3,stage 2,consensus,LFMM,99787,49,14,0.285714285714286,0.666666666666667,4.613534,0.247772277227723,21
V0.5_c1,4,stage 2,Simes,EMMAX,101870,13,9,0.692307692307692,0.473684210526316,3.256729,0.26530612244898,19
V0.5_c1,4,stage 1,Simes,EMMAX,102330,17,11,0.647058823529412,0.578947368421053,4.345807,0.259587020648968,19
V0.5_c1,4,stage 2,consensus,EMMAX,101870,12,8,0.666666666666667,0.421052631578947,3.256729,0.28265306122449,19
V0.5_c1,4,stage 2,Simes,LFMM,101870,15,12,0.8,0.631578947368421,4.345807,0.3,19
V0.5_c1,4,stage 1,Simes,LFMM,102330,16,12,0.75,0.631578947368421,4.345807,0.28265306122449,19
V0.5_c1,4,stage 2,consensus,LFMM,101870,33,14,0.424242424242424,0.736842105263158,4.345807,0.285714285714286,19
V0.5_c1,5,stage 2,Simes,EMMAX,99328,8,6,0.75,0.411764705882353,3.26996,0.25,17
V0.5_c1,5,stage 1,Simes,EMMAX,99778,9,6,0.666666666666667,0.411764705882353,3.26996,0.269444444444444,17
V0.5_c1,5,stage 2,consensus,EMMAX,99328,9,6,0.666666666666667,0.411764705882353,3.26996,0.269444444444444,17
V0.5_c1,5,stage 2,Simes,LFMM,99328,10,8,0.8,0.470588235294118,3.26996,0.288888888888889,17
V0.5_c1,5,stage 1,Simes,LFMM,99778,11,8,0.727272727272727,0.470588235294118,3.26996,0.269444444444444,17
V0.5_c1,5,stage 2,consensus,LFMM,99328,32,10,0.3125,0.647058823529412,3.26996,0.475845410628019,17
V0.5_c2,1,stage 2,Simes,EMMAX,72230,9,2,0.222222222222222,0.0588235294117647,12.87932,0.0191082802547771,34
V0.5_c2,1,stage 1,Simes,EMMAX,77412,17,4,0.235294117647059,0.117647058823529,15.950698,0.0191082802547771,34
V0.5_c2,1,stage 2,consensus,EMMAX,72230,16,2,0.125,0.0588235294117647,14.419221,0.0157784572654113,34
V0.5_c2,1,stage 2,Simes,LFMM,72230,83,7,0.0843373493975904,0.235294117647059,28.445447,0.0170940170940171,34
V0.5_c2,1,stage 1,Simes,LFMM,77412,131,8,0.0610687022900763,0.264705882352941,28.445447,0.0139893873613121,34
V0.5_c2,1,stage 2,consensus,LFMM,72230,180,13,0.0722222222222222,0.411764705882353,28.445447,0.0135843722746316,34
V0.5_c2,2,stage 2,Simes,EMMAX,73046,102,4,0.0392156862745098,0.105263157894737,28.552914,0.0180189111701219,38
V0.5_c2,2,stage 1,Simes,EMMAX,78251,160,8,0.05,0.236842105263158,28.651379,0.0195637871399328,38
V0.5_c2,2,stage 2,consensus,EMMAX,73046,146,4,0.0273972602739726,0.105263157894737,26.604252,0.0220264317180617,38
V0.5_c2,2,stage 2,Simes,LFMM,73046,532,12,0.0225563909774436,0.368421052631579,28.651379,0.0497464375970618,38
V0.5_c2,2,stage 1,Simes,LFMM,78251,676,13,0.0192307692307692,0.394736842105263,28.651379,0.0538218111002921,38
V0.5_c2,2,stage 2,consensus,LFMM,73046,1103,17,0.0154125113327289,0.5,28.651379,0.0842198581560284,38
V0.5_c2,3,stage 2,Simes,EMMAX,72600,61,9,0.147540983606557,0.285714285714286,25.21614,0.0127198987018469,35
V0.5_c2,3,stage 1,Simes,EMMAX,77774,82,11,0.134146341463415,0.342857142857143,25.21614,0.0146393398988555,35
V0.5_c2,3,stage 2,consensus,EMMAX,72600,75,6,0.08,0.171428571428571,25.21614,0.0126198672018877,35
V0.5_c2,3,stage 2,Simes,LFMM,72600,131,15,0.114503816793893,0.485714285714286,25.21614,0.013409743392429,35
V0.5_c2,3,stage 1,Simes,LFMM,77774,160,15,0.09375,0.485714285714286,25.21614,0.0136578211524755,35
V0.5_c2,3,stage 2,consensus,LFMM,72600,249,17,0.0682730923694779,0.542857142857143,25.21614,0.0161516853932584,35
V0.5_c2,4,stage 2,Simes,EMMAX,73546,11,2,0.181818181818182,0.0540540540540541,17.502187,0.0247933884297521,37
V0.5_c2,4,stage 1,Simes,EMMAX,78782,60,9,0.15,0.27027027027027,24.655719,0.017691933127739,37
V0.5_c2,4,stage 2,consensus,EMMAX,73546,17,3,0.176470588235294,0.108108108108108,17.714277,0.0188832938388626,37
V0.5_c2,4,stage 2,Simes,LFMM,73546,105,11,0.104761904761905,0.351351351351351,27.597578,0.0138924835102433,37
V0.5_c2,4,stage 1,Simes,LFMM,78782,137,14,0.102189781021898,0.432432432432432,27.597578,0.013144748110642,37
V0.5_c2,4,stage 2,consensus,LFMM,73546,135,9,0.0666666666666667,0.27027027027027,26.082785,0.0127536735295356,37
V0.5_c2,5,stage 2,Simes,EMMAX,71812,0,0,0,0,,,38
V0.5_c2,5,stage 1,Simes,EMMAX,77022,0,0,0,0,,,38
V0.5_c2,5,stage 2,consensus,EMMAX,71812,31,2,0.0645161290322581,0.105263157894737,25.067269,0.0731707317073171,38
V0.5_c2,5,stage 2,Simes,LFMM,71812,161,12,0.0745341614906832,0.447368421052632,29.224708,0.0106158318235093,38
V0.5_c2,5,stage 1,Simes,LFMM,77022,208,14,0.0673076923076923,0.526315789473684,29.224708,0.0116042890343938,38
V0.5_c2,5,stage 2,consensus,LFMM,71812,236,15,0.0635593220338983,0.552631578947369,29.224708,0.0128363057174914,38
