label,G1_original,G2_coarse,G3_breakpoint,G4_tau_low,G5_tau_high,G6_tau_sparse
A06_Chr4:27.55-27.55Mb,0.171428571428571,0.12,0.24,0.32967032967033,0,0.158730158730159
A08_Chr5:2.48-2.50Mb,0.148571428571429,0,0.16,0.285714285714286,0,0.19047619047619
A04_Chr4:22.51-22.51Mb,0.142857142857143,0.12,0.2,0.274725274725275,0,0.158730158730159
A02_Chr1:21.50-21.93Mb*inv,0.12,0,0.12,0.230769230769231,0,0.111111111111111
A15_Chr20:0.18-0.26Mb,0.12,0,0.12,0.230769230769231,0,0.111111111111111
A14_Chr18:5.61-5.61Mb,0.108571428571429,0.12,0.152,0.208791208791209,0,0.111111111111111
A09_Chr7:11.55-11.66Mb,0.0914285714285714,0,0.112,0.175824175824176,0,0.111111111111111
A11_Chr12:16.52-16.55Mb,0.0742857142857143,0,0.104,0.142857142857143,0,0.0793650793650794
A13_Chr17:9.94-9.94Mb,0.0742857142857143,0,0.104,0.142857142857143,0,0.0793650793650794
A07_Chr4:12.81-12.81Mb*Eda,0.0685714285714286,0,0.08,0.131868131868132,0,0.111111111111111
A12_Chr17:6.55-6.77Mb,0.0685714285714286,0,0.096,0.131868131868132,0,0.0634920634920635
A01_Chr1:27.28-27.28Mb,0.0628571428571429,0,0.088,0.120879120879121,0,0.0793650793650794
A10_Chr12:15.55-15.55Mb,0.0571428571428571,0,0.08,0.10989010989011,0,0.0634920634920635
A16_Chr20:3.67-3.67Mb,0.0514285714285714,0,0.072,0.0989010989010989,0,0.0476190476190476
A17_Chr20:8.89-8.90Mb,0.0514285714285714,0,0.064,0.0989010989010989,0,0.0952380952380952
A03_Chr3:13.03-13.03Mb,0.0342857142857143,0,0.048,0.0659340659340659,0,0.0476190476190476
A05_Chr4:25.67-25.99Mb,0.0342857142857143,0,0.048,0.0659340659340659,0,0.0476190476190476
