tau,lmin,n_regions,n_hit,prop_hit,fold,recall,F1,fold_cap
0.05,1,472,56,0.11864406779661,1.18883345717015,0.310880829015544,0.171744019627888,1.18883345717015
0.05,2,206,35,0.169902912621359,1.27365356622999,0.248704663212435,0.2018866790843,1.27365356622999
0.05,3,136,28,0.205882352941176,1.31950989632422,0.217616580310881,0.211586901763224,1.31950989632422
0.05,4,106,23,0.216981132075472,1.24324324324324,0.196891191709845,0.206448565017125,1.24324324324324
0.05,5,91,22,0.241758241758242,1.24223602484472,0.196891191709845,0.217030114226376,1.24223602484472
0.05,6,70,18,0.257142857142857,1.20805369127517,0.170984455958549,0.205394190871369,1.20805369127517
0.05,7,61,16,0.262295081967213,1.2312427856868,0.160621761658031,0.199236794537056,1.2312427856868
0.05,8,49,15,0.306122448979592,1.29477772982305,0.150259067357513,0.201575532900834,1.29477772982305
0.05,9,44,15,0.340909090909091,1.35379061371841,0.150259067357513,0.208583073603452,1.35379061371841
0.05,10,40,15,0.375,1.44578313253012,0.150259067357513,0.214549938347719,1.44578313253012
0.05,11,35,14,0.4,1.4336917562724,0.145077720207254,0.212927756653992,1.4336917562724
0.05,12,33,12,0.363636363636364,1.27931769722814,0.124352331606218,0.185328185328185,1.27931769722814
0.05,13,29,11,0.379310344827586,1.23249299719888,0.119170984455959,0.181362007168459,1.23249299719888
0.05,14,24,10,0.416666666666667,1.23762376237624,0.10880829015544,0.172555464256368,1.23762376237624
0.05,15,22,10,0.454545454545455,1.27064803049555,0.10880829015544,0.175585284280936,1.27064803049555
0.1,1,424,49,0.115566037735849,1.1392699372239,0.269430051813472,0.161752102840819,1.1392699372239
0.1,2,188,31,0.164893617021277,1.29220508545227,0.227979274611399,0.191371448614521,1.29220508545227
0.1,3,133,28,0.210526315789474,1.40350877192982,0.212435233160622,0.211476466795616,1.40350877192982
0.1,4,98,21,0.214285714285714,1.25260960334029,0.186528497409326,0.199445983379501,1.25260960334029
0.1,5,81,18,0.222222222222222,1.22241086587436,0.16580310880829,0.189910979228487,1.22241086587436
0.1,6,68,17,0.25,1.30068859984698,0.160621761658031,0.195583596214511,1.30068859984698
0.1,7,57,14,0.245614035087719,1.23565754633716,0.139896373056995,0.178259844376326,1.23565754633716
0.1,8,48,14,0.291666666666667,1.2921089063221,0.139896373056995,0.189094547273637,1.2921089063221
0.1,9,44,14,0.318181818181818,1.33587786259542,0.139896373056995,0.194344473007712,1.33587786259542
0.1,10,37,13,0.351351351351351,1.34645261522527,0.134715025906736,0.194756554307116,1.34645261522527
0.1,11,30,10,0.333333333333333,1.17508813160987,0.10880829015544,0.1640625,1.17508813160987
0.1,12,29,10,0.344827586206897,1.14942528735632,0.10880829015544,0.165419456478929,1.14942528735632
0.1,13,26,10,0.384615384615385,1.21138703815869,0.10880829015544,0.169628432956381,1.21138703815869
0.1,14,20,8,0.4,1.15606936416185,0.0932642487046632,0.151260504201681,1.15606936416185
0.1,15,16,8,0.5,1.37575236457438,0.0932642487046632,0.157205240174673,1.37575236457438
0.15,1,382,41,0.107329842931937,1.10527025205553,0.227979274611399,0.14594878847943,1.10527025205553
0.15,2,181,24,0.132596685082873,1.09965635738832,0.181347150259067,0.153186833226954,1.09965635738832
0.15,3,120,21,0.175,1.25298329355609,0.176165803108808,0.175580966433051,1.25298329355609
0.15,4,93,15,0.161290322580645,1.03199174406605,0.139896373056995,0.149833518312986,1.03199174406605
0.15,5,75,14,0.186666666666667,1.076095311299,0.134715025906736,0.156491831470335,1.076095311299
0.15,6,65,14,0.215384615384615,1.1986301369863,0.134715025906736,0.165755919854281,1.1986301369863
0.15,7,56,12,0.214285714285714,1.15052732502397,0.119170984455959,0.153163152053274,1.15052732502397
0.15,8,45,12,0.266666666666667,1.31434830230011,0.119170984455959,0.164726947179946,1.31434830230011
0.15,9,40,11,0.275,1.22767857142857,0.113989637305699,0.161172161172161,1.22767857142857
0.15,10,33,10,0.303030303030303,1.20048019207683,0.10880829015544,0.160121997712543,1.20048019207683
0.15,11,28,9,0.321428571428571,1.21130551816958,0.103626943005181,0.156726164562473,1.21130551816958
0.15,12,25,8,0.32,1.20391271632807,0.0984455958549223,0.150569588905399,1.20391271632807
0.15,13,19,7,0.368421052631579,1.18143459915612,0.0932642487046632,0.148848198464265,1.18143459915612
0.15,14,14,6,0.428571428571429,1.40679953106682,0.0829015544041451,0.138929088277858,1.40679953106682
0.15,15,10,5,0.5,1.19189511323004,0.077720207253886,0.134529147982063,1.19189511323004
0.2,1,351,40,0.113960113960114,1.18168389955687,0.22279792746114,0.150791215535002,1.18168389955687
0.2,2,170,24,0.141176470588235,1.21150933871782,0.176165803108808,0.156742220514791,1.21150933871782
0.2,3,116,21,0.181034482758621,1.31909547738693,0.170984455958549,0.175866006851922,1.31909547738693
0.2,4,91,14,0.153846153846154,1.03321033210332,0.129533678756477,0.140646976090014,1.03321033210332
0.2,5,72,14,0.194444444444444,1.18493440541684,0.129533678756477,0.155486450466459,1.18493440541684
0.2,6,59,13,0.220338983050847,1.22583686940123,0.119170984455959,0.154681841696844,1.22583686940123
0.2,7,52,12,0.230769230769231,1.21396054628225,0.113989637305699,0.152601156069364,1.21396054628225
0.2,8,43,11,0.255813953488372,1.22767857142857,0.10880829015544,0.152676801057502,1.22767857142857
0.2,9,39,10,0.256410256410256,1.15406809001731,0.103626943005181,0.14760147601476,1.15406809001731
0.2,10,33,10,0.303030303030303,1.25,0.103626943005181,0.154440154440154,1.25
0.2,11,24,7,0.291666666666667,1.06060606060606,0.0880829015544041,0.135304150085276,1.06060606060606
0.2,12,21,6,0.285714285714286,1.10599078341014,0.0829015544041451,0.1285140562249,1.10599078341014
0.2,13,15,6,0.4,1.26715945089757,0.0829015544041451,0.137339055793991,1.26715945089757
0.2,14,12,6,0.5,1.36054421768707,0.0829015544041451,0.142222222222222,1.36054421768707
0.2,15,9,5,0.555555555555556,1.33155792276964,0.077720207253886,0.136363636363636,1.33155792276964
0.25,1,329,39,0.11854103343465,1.24184047126254,0.217616580310881,0.153478566408995,1.24184047126254
0.25,2,165,24,0.145454545454545,1.21457489878543,0.170984455958549,0.157189639773742,1.21457489878543
0.25,3,111,19,0.171171171171171,1.28205128205128,0.155440414507772,0.162926968700872,1.28205128205128
0.25,4,90,14,0.155555555555556,1.05660377358491,0.129533678756477,0.141357027463651,1.05660377358491
0.25,5,72,14,0.194444444444444,1.18795078489605,0.129533678756477,0.155486450466459,1.18795078489605
0.25,6,55,12,0.218181818181818,1.18343195266272,0.113989637305699,0.149744753261486,1.18343195266272
0.25,7,47,11,0.234042553191489,1.13989637305699,0.10880829015544,0.148553054662379,1.13989637305699
0.25,8,40,11,0.275,1.2450481041313,0.10880829015544,0.155923050961863,1.2450481041313
0.25,9,36,10,0.277777777777778,1.20192307692308,0.103626943005181,0.150943396226415,1.20192307692308
0.25,10,32,9,0.28125,1.10091743119266,0.0984455958549223,0.145842217484009,1.10091743119266
0.25,11,24,7,0.291666666666667,1.10847189231987,0.0880829015544041,0.135304150085276,1.10847189231987
0.25,12,20,6,0.3,1.13100848256362,0.0829015544041451,0.129905277401894,1.13100848256362
0.25,13,14,6,0.428571428571429,1.34078212290503,0.0829015544041451,0.138929088277858,1.34078212290503
0.25,14,11,6,0.545454545454545,1.54043645699615,0.0829015544041451,0.143928035982009,1.54043645699615
0.25,15,9,5,0.555555555555556,1.33155792276964,0.077720207253886,0.136363636363636,1.33155792276964
0.3,1,294,34,0.115646258503401,1.20588756871786,0.191709844559585,0.144266055045872,1.20588756871786
0.3,2,154,23,0.149350649350649,1.22535961640916,0.150259067357513,0.149803481190343,1.22535961640916
0.3,3,107,16,0.149532710280374,1.16448326055313,0.124352331606218,0.135785007072136,1.16448326055313
0.3,4,88,14,0.159090909090909,1.0993325480958,0.113989637305699,0.132815868909013,1.0993325480958
0.3,5,71,14,0.197183098591549,1.19811724433034,0.113989637305699,0.144465290806754,1.19811724433034
0.3,6,55,12,0.218181818181818,1.21703853955375,0.0984455958549223,0.135673906575424,1.21703853955375
0.3,7,42,10,0.238095238095238,1.19402985074627,0.0880829015544041,0.128593040847201,1.19402985074627
0.3,8,38,10,0.263157894736842,1.27469725940089,0.0880829015544041,0.131987577639752,1.27469725940089
0.3,9,32,9,0.28125,1.20886501007388,0.0829015544041451,0.128056914184082,1.20886501007388
0.3,10,29,8,0.275862068965517,1.16026105873822,0.077720207253886,0.121273370389085,1.16026105873822
0.3,11,23,7,0.304347826086957,1.2280701754386,0.0725388601036269,0.117154811715481,1.2280701754386
0.3,12,19,6,0.315789473684211,1.29032258064516,0.0673575129533679,0.111032028469751,1.29032258064516
0.3,13,13,6,0.461538461538462,1.51706700379267,0.0673575129533679,0.117558402411454,1.51706700379267
0.3,14,11,6,0.545454545454545,1.66204986149585,0.0673575129533679,0.119907763259032,1.66204986149585
0.3,15,6,4,0.666666666666667,1.58730158730159,0.0518134715025907,0.0961538461538461,1.58730158730159
0.35,1,272,28,0.102941176470588,1.11598246313272,0.16580310880829,0.127020130422455,1.11598246313272
0.35,2,144,20,0.138888888888889,1.12644325542101,0.139896373056995,0.13939081053175,1.12644325542101
0.35,3,105,16,0.152380952380952,1.2199771254289,0.124352331606218,0.136947218259629,1.2199771254289
0.35,4,83,14,0.168674698795181,1.20326600773528,0.113989637305699,0.136042402826855,1.20326600773528
0.35,5,66,14,0.212121212121212,1.29689671144048,0.113989637305699,0.148290804044295,1.29689671144048
0.35,6,51,12,0.235294117647059,1.30151843817787,0.0984455958549223,0.138812785388128,1.30151843817787
0.35,7,40,9,0.225,1.12852664576803,0.0829015544041451,0.121161127471603,1.12852664576803
0.35,8,37,9,0.243243243243243,1.16129032258065,0.0829015544041451,0.123658222413053,1.16129032258065
0.35,9,29,8,0.275862068965517,1.13960113960114,0.077720207253886,0.121273370389085,1.13960113960114
0.35,10,28,7,0.25,1.14099429502853,0.0725388601036269,0.112449799196787,1.14099429502853
0.35,11,21,7,0.333333333333333,1.32325141776938,0.0725388601036269,0.119148936170213,1.32325141776938
0.35,12,19,6,0.315789473684211,1.3215859030837,0.0673575129533679,0.111032028469751,1.3215859030837
0.35,13,12,6,0.5,1.5748031496063,0.0673575129533679,0.118721461187215,1.5748031496063
0.35,14,11,6,0.545454545454545,1.60642570281125,0.0673575129533679,0.119907763259032,1.60642570281125
0.35,15,6,4,0.666666666666667,1.61943319838057,0.0518134715025907,0.0961538461538461,1.61943319838057
0.4,1,257,27,0.105058365758755,1.15409275486215,0.150259067357513,0.123657612128869,1.15409275486215
0.4,2,140,18,0.128571428571429,1.09923664122137,0.119170984455959,0.123692859276964,1.09923664122137
0.4,3,99,15,0.151515151515152,1.2760527435134,0.10880829015544,0.126658624849216,1.2760527435134
0.4,4,77,13,0.168831168831169,1.26030053320407,0.0984455958549223,0.124370594159114,1.26030053320407
0.4,5,61,12,0.19672131147541,1.24223602484472,0.0932642487046632,0.126537785588752,1.24223602484472
0.4,6,48,12,0.25,1.41093474426808,0.0932642487046632,0.135849056603774,1.41093474426808
0.4,7,38,9,0.236842105263158,1.16279069767442,0.077720207253886,0.11703511053316,1.16279069767442
0.4,8,36,9,0.25,1.24309392265193,0.077720207253886,0.118577075098814,1.24309392265193
0.4,9,29,8,0.275862068965517,1.19225037257824,0.0725388601036269,0.114871794871795,1.19225037257824
0.4,10,27,7,0.259259259259259,1.17252931323283,0.0673575129533679,0.106933019976498,1.17252931323283
0.4,11,21,7,0.333333333333333,1.36852394916911,0.0673575129533679,0.112068965517241,1.36852394916911
0.4,12,18,6,0.333333333333333,1.34831460674157,0.0621761658031088,0.104803493449782,1.34831460674157
0.4,13,12,6,0.5,1.66898470097357,0.0621761658031088,0.110599078341014,1.66898470097357
0.4,14,9,5,0.555555555555556,1.68918918918919,0.0569948186528497,0.103383458646617,1.68918918918919
0.4,15,6,4,0.666666666666667,1.63934426229508,0.0518134715025907,0.0961538461538461,1.63934426229508
0.45,1,229,25,0.109170305676856,1.23152709359606,0.139896373056995,0.122638081395349,1.23152709359606
0.45,2,133,18,0.135338345864662,1.29124820659971,0.113989637305699,0.12375,1.29124820659971
0.45,3,94,15,0.159574468085106,1.39664804469274,0.103626943005181,0.12565445026178,1.39664804469274
0.45,4,75,13,0.173333333333333,1.33264992311635,0.0932642487046632,0.12127494169474,1.33264992311635
0.45,5,58,11,0.189655172413793,1.19891008174387,0.0829015544041451,0.115372009177319,1.19891008174387
0.45,6,44,11,0.25,1.42302716688228,0.0829015544041451,0.124513618677043,1.42302716688228
0.45,7,36,9,0.25,1.32450331125828,0.0725388601036269,0.112449799196787,1.32450331125828
0.45,8,34,8,0.235294117647059,1.19670905011219,0.0673575129533679,0.104733131923464,1.19670905011219
0.45,9,27,7,0.259259259259259,1.23239436619718,0.0621761658031088,0.100298507462687,1.23239436619718
0.45,10,26,7,0.269230769230769,1.28913443830571,0.0621761658031088,0.101022248947685,1.28913443830571
0.45,11,18,7,0.388888888888889,1.44181256436663,0.0621761658031088,0.10721123165284,1.44181256436663
0.45,12,14,6,0.428571428571429,1.67364016736402,0.0569948186528497,0.100609756097561,1.67364016736402
0.45,13,11,6,0.545454545454545,1.71428571428571,0.0569948186528497,0.103205629397967,1.71428571428571
0.45,14,9,5,0.555555555555556,1.57977883096367,0.0518134715025907,0.0947867298578199,1.57977883096367
0.45,15,5,3,0.6,1.53061224489796,0.0362694300518135,0.0684039087947883,1.53061224489796
0.5,1,214,25,0.116822429906542,1.30582397492818,0.139896373056995,0.127322455908705,1.30582397492818
0.5,2,126,18,0.142857142857143,1.35135135135135,0.113989637305699,0.126801152737752,1.35135135135135
0.5,3,90,15,0.166666666666667,1.48294611962432,0.103626943005181,0.12779552715655,1.48294611962432
0.5,4,72,13,0.180555555555556,1.3771186440678,0.0932642487046632,0.12299605781866,1.3771186440678
0.5,5,56,11,0.196428571428571,1.3134328358209,0.0829015544041451,0.11659489897317,1.3134328358209
0.5,6,41,10,0.24390243902439,1.37741046831956,0.077720207253886,0.117878192534381,1.37741046831956
0.5,7,36,9,0.25,1.36054421768707,0.0725388601036269,0.112449799196787,1.36054421768707
0.5,8,31,6,0.193548387096774,1.09289617486339,0.0518134715025907,0.0817438692098093,1.09289617486339
0.5,9,24,6,0.25,1.28342245989305,0.0518134715025907,0.0858369098712446,1.28342245989305
0.5,10,21,6,0.285714285714286,1.48883374689826,0.0518134715025907,0.087719298245614,1.48883374689826
0.5,11,14,5,0.357142857142857,1.61812297734628,0.0466321243523316,0.0824931255728689,1.61812297734628
0.5,12,12,5,0.416666666666667,1.77619893428064,0.0466321243523316,0.0838769804287046,1.77619893428064
0.5,13,9,5,0.555555555555556,1.68634064080944,0.0466321243523316,0.0860420650095603,1.68634064080944
0.5,14,7,3,0.428571428571429,1.43540669856459,0.0310880829015544,0.0579710144927536,1.43540669856459
0.5,15,4,2,0.5,1.32890365448505,0.0259067357512953,0.0492610837438424,1.32890365448505
0.55,1,191,24,0.12565445026178,1.41760189013585,0.134715025906736,0.13002708897687,1.41760189013585
0.55,2,121,18,0.148760330578512,1.48944973107158,0.113989637305699,0.129074315514993,1.48944973107158
0.55,3,88,14,0.159090909090909,1.4278429372769,0.0984455958549223,0.121627800640146,1.4278429372769
0.55,4,69,13,0.188405797101449,1.48741418764302,0.0932642487046632,0.124766728872301,1.48741418764302
0.55,5,53,11,0.207547169811321,1.35135135135135,0.0829015544041451,0.118478626725008,1.35135135135135
0.55,6,41,10,0.24390243902439,1.4792899408284,0.077720207253886,0.117878192534381,1.4792899408284
0.55,7,35,8,0.228571428571429,1.28720836685438,0.0673575129533679,0.104052026013007,1.28720836685438
0.55,8,31,6,0.193548387096774,1.12254443405051,0.0518134715025907,0.0817438692098093,1.12254443405051
0.55,9,21,5,0.238095238095238,1.36798905608755,0.0466321243523316,0.0779896013864818,1.36798905608755
0.55,10,17,5,0.294117647058824,1.63398692810458,0.0466321243523316,0.0805008944543828,1.63398692810458
0.55,11,11,5,0.454545454545455,1.74520069808028,0.0466321243523316,0.0845864661654136,1.74520069808028
0.55,12,11,5,0.454545454545455,1.75746924428823,0.0466321243523316,0.0845864661654136,1.75746924428823
0.55,13,8,4,0.5,1.64271047227926,0.0414507772020725,0.076555023923445,1.64271047227926
0.55,14,6,3,0.5,1.79640718562874,0.0310880829015544,0.0585365853658537,1.79640718562874
0.55,15,4,2,0.5,1.45454545454545,0.0259067357512953,0.0492610837438424,1.45454545454545
0.6,1,171,23,0.134502923976608,1.57211209842789,0.124352331606218,0.129228608217254,1.57211209842789
0.6,2,112,16,0.142857142857143,1.5180265654649,0.103626943005181,0.12012012012012,1.5180265654649
0.6,3,84,14,0.166666666666667,1.52921900600765,0.0932642487046632,0.119601328903655,1.52921900600765
0.6,4,67,12,0.17910447761194,1.46520146520147,0.0829015544041451,0.113341204250295,1.46520146520147
0.6,5,51,10,0.196078431372549,1.35226504394861,0.0725388601036269,0.10590015128593,1.35226504394861
0.6,6,39,9,0.230769230769231,1.33136094674556,0.0673575129533679,0.10427807486631,1.33136094674556
0.6,7,32,6,0.1875,1.22324159021407,0.0466321243523316,0.0746887966804979,1.22324159021407
0.6,8,26,6,0.230769230769231,1.38728323699422,0.0466321243523316,0.0775862068965517,1.38728323699422
0.6,9,19,5,0.263157894736842,1.5748031496063,0.0414507772020725,0.071620411817368,1.5748031496063
0.6,10,17,5,0.294117647058824,1.61550888529887,0.0414507772020725,0.072661217075386,1.61550888529887
0.6,11,11,5,0.454545454545455,1.75746924428823,0.0414507772020725,0.0759734093067427,1.75746924428823
0.6,12,11,5,0.454545454545455,1.94174757281553,0.0414507772020725,0.0759734093067427,1.94174757281553
0.6,13,8,4,0.5,1.69491525423729,0.0362694300518135,0.0676328502415459,1.69491525423729
0.6,14,5,3,0.6,2.12014134275618,0.0259067357512953,0.0496688741721854,2.12014134275618
0.6,15,4,2,0.5,1.45454545454545,0.0207253886010363,0.0398009950248756,1.45454545454545
0.65,1,149,19,0.12751677852349,1.60948750529437,0.103626943005181,0.11433729502031,1.60948750529437
0.65,2,105,14,0.133333333333333,1.48698884758364,0.0880829015544041,0.106084243369735,1.48698884758364
0.65,3,80,13,0.1625,1.58536585365854,0.0829015544041451,0.109791501715492,1.58536585365854
0.65,4,65,11,0.169230769230769,1.46764509673115,0.0725388601036269,0.101549620837455,1.46764509673115
0.65,5,45,7,0.155555555555556,1.19352088661552,0.0518134715025907,0.0777345918933926,1.19352088661552
0.65,6,35,7,0.2,1.35922330097087,0.0518134715025907,0.0823045267489712,1.35922330097087
0.65,7,27,5,0.185185185185185,1.44092219020173,0.0414507772020725,0.0677392040643523,1.44092219020173
0.65,8,19,4,0.210526315789474,1.4760147601476,0.0362694300518135,0.061878453038674,1.4760147601476
0.65,9,17,4,0.235294117647059,1.62932790224033,0.0362694300518135,0.0628507295173962,1.62932790224033
0.65,10,14,4,0.285714285714286,1.68067226890756,0.0362694300518135,0.064367816091954,1.68067226890756
0.65,11,10,4,0.4,1.6260162601626,0.0362694300518135,0.0665083135391924,1.6260162601626
0.65,12,9,4,0.444444444444444,1.85614849187935,0.0362694300518135,0.0670658682634731,1.85614849187935
0.65,13,7,4,0.571428571428571,1.89125295508274,0.0362694300518135,0.0682095006090134,1.89125295508274
0.65,14,4,3,0.75,2.51046025104603,0.0259067357512953,0.0500834724540902,2.51046025104603
0.65,15,3,2,0.666666666666667,2.23463687150838,0.0207253886010363,0.0402010050251256,2.23463687150838
0.7,1,127,16,0.125984251968504,1.69491525423729,0.0829015544041451,0.1,1.69491525423729
0.7,2,88,13,0.147727272727273,1.72642762284197,0.077720207253886,0.101854270044398,1.72642762284197
0.7,3,70,10,0.142857142857143,1.56128024980484,0.0621761658031088,0.0866425992779783,1.56128024980484
0.7,4,56,9,0.160714285714286,1.57756354075372,0.0569948186528497,0.0841478963025924,1.57756354075372
0.7,5,36,5,0.138888888888889,1.16144018583043,0.0362694300518135,0.057518488085456,1.16144018583043
0.7,6,31,5,0.161290322580645,1.32978723404255,0.0362694300518135,0.0592216582064298,1.32978723404255
0.7,7,25,4,0.16,1.36286201022147,0.0310880829015544,0.052060737527115,1.36286201022147
0.7,8,18,4,0.222222222222222,1.61616161616162,0.0310880829015544,0.0545454545454545,1.61616161616162
0.7,9,17,4,0.235294117647059,1.7353579175705,0.0310880829015544,0.0549199084668192,1.7353579175705
0.7,10,13,4,0.307692307692308,1.97530864197531,0.0310880829015544,0.0564705882352941,1.97530864197531
0.7,11,9,4,0.444444444444444,1.92307692307692,0.0310880829015544,0.0581113801452785,1.92307692307692
0.7,12,9,4,0.444444444444444,1.99501246882793,0.0310880829015544,0.0581113801452785,1.99501246882793
0.7,13,7,4,0.571428571428571,1.96560196560197,0.0310880829015544,0.058968058968059,1.96560196560197
0.7,14,4,3,0.75,2.8169014084507,0.0207253886010363,0.0403361344537815,2.8169014084507
0.7,15,3,2,0.666666666666667,1.96078431372549,0.0155440414507772,0.030379746835443,1.96078431372549
0.75,1,103,14,0.135922330097087,1.75328741390106,0.077720207253886,0.0988933364728043,1.75328741390106
0.75,2,82,13,0.158536585365854,1.97718631178707,0.0725388601036269,0.0995351380913317,1.97718631178707
0.75,3,62,10,0.161290322580645,1.74520069808028,0.0569948186528497,0.0842266462480858,1.74520069808028
0.75,4,48,6,0.125,1.26448893572181,0.0362694300518135,0.0562248995983936,1.26448893572181
0.75,5,35,5,0.142857142857143,1.24069478908189,0.0310880829015544,0.051063829787234,1.24069478908189
0.75,6,26,4,0.153846153846154,1.37931034482759,0.0259067357512953,0.0443458980044346,1.37931034482759
0.75,7,22,4,0.181818181818182,1.56555772994129,0.0259067357512953,0.0453514739229025,1.56555772994129
0.75,8,15,4,0.266666666666667,1.8957345971564,0.0259067357512953,0.0472255017709563,1.8957345971564
0.75,9,14,4,0.285714285714286,1.81818181818182,0.0259067357512953,0.0475059382422803,1.81818181818182
0.75,10,11,4,0.363636363636364,2.05128205128205,0.0259067357512953,0.0483675937122128,2.05128205128205
0.75,11,9,4,0.444444444444444,2.10526315789474,0.0259067357512953,0.0489596083231334,2.10526315789474
0.75,12,7,3,0.428571428571429,2.07612456747405,0.0155440414507772,0.03,2.07612456747405
0.75,13,5,3,0.6,2.45901639344262,0.0155440414507772,0.0303030303030303,2.45901639344262
0.75,14,1,1,1,6.66666666666667,0.00518134715025907,0.0103092783505155,6.66666666666667
0.75,15,1,1,1,6.25,0.00518134715025907,0.0103092783505155,6.25
0.8,1,93,12,0.129032258064516,1.82094081942337,0.0673575129533679,0.0885106382978723,1.82094081942337
0.8,2,73,11,0.150684931506849,1.93661971830986,0.0621761658031088,0.0880293431143715,1.93661971830986
0.8,3,56,7,0.125,1.57835400225479,0.0414507772020725,0.0622568093385214,1.57835400225479
0.8,4,47,4,0.0851063829787234,0.962695547533093,0.0259067357512953,0.0397219463753724,0.962695547533093
0.8,5,32,3,0.09375,1.08303249097473,0.0207253886010363,0.0339462517680339,1.08303249097473
0.8,6,23,3,0.130434782608696,1.62162162162162,0.0207253886010363,0.0357675111773473,1.62162162162162
0.8,7,20,3,0.15,1.81818181818182,0.0207253886010363,0.0364188163884674,1.81818181818182
0.8,8,14,3,0.214285714285714,2.38095238095238,0.0207253886010363,0.0377952755905512,2.38095238095238
0.8,9,12,3,0.25,2.33463035019455,0.0207253886010363,0.0382775119617225,2.33463035019455
0.8,10,9,3,0.333333333333333,2.57510729613734,0.0207253886010363,0.0390243902439024,2.57510729613734
0.8,11,6,2,0.333333333333333,2.94117647058824,0.0103626943005181,0.0201005025125628,2.94117647058824
0.8,12,4,2,0.5,5.33333333333333,0.0103626943005181,0.0203045685279188,5.33333333333333
0.8,13,2,1,0.5,4.44444444444444,0.00518134715025907,0.0102564102564103,4.44444444444444
0.8,14,1,1,1,5.40540540540541,0.00518134715025907,0.0103092783505155,5.40540540540541
0.8,15,1,1,1,5.12820512820513,0.00518134715025907,0.0103092783505155,5.12820512820513
0.85,1,68,6,0.0882352941176471,1.41010575793185,0.0310880829015544,0.0459770114942529,1.41010575793185
0.85,2,54,6,0.111111111111111,1.63265306122449,0.0310880829015544,0.048582995951417,1.63265306122449
0.85,3,43,4,0.0930232558139535,1.23076923076923,0.0207253886010363,0.0338983050847458,1.23076923076923
0.85,4,35,1,0.0285714285714286,0.398406374501992,0.00518134715025907,0.0087719298245614,0.398406374501992
0.85,5,27,1,0.037037037037037,0.493827160493827,0.00518134715025907,0.00909090909090909,0.493827160493827
0.85,6,20,1,0.05,0.727272727272727,0.00518134715025907,0.00938967136150235,0.727272727272727
0.85,7,15,1,0.0666666666666667,0.826446280991736,0.00518134715025907,0.00961538461538461,0.826446280991736
0.85,8,11,1,0.0909090909090909,1.86915887850467,0.00518134715025907,0.00980392156862745,1.86915887850467
0.85,9,9,1,0.111111111111111,2.40963855421687,0.00518134715025907,0.0099009900990099,2.40963855421687
0.85,10,5,1,0.2,2.5974025974026,0.00518134715025907,0.0101010101010101,2.5974025974026
0.85,11,4,1,0.25,3.38983050847458,0.00518134715025907,0.0101522842639594,3.38983050847458
0.85,12,3,1,0.333333333333333,2.98507462686567,0.00518134715025907,0.0102040816326531,2.98507462686567
0.85,13,2,1,0.5,3.38983050847458,0.00518134715025907,0.0102564102564103,3.38983050847458
0.85,14,1,1,1,4.44444444444444,0.00518134715025907,0.0103092783505155,4.44444444444444
0.85,15,1,1,1,5.12820512820513,0.00518134715025907,0.0103092783505155,5.12820512820513
0.9,1,48,5,0.104166666666667,1.61030595813205,0.0259067357512953,0.04149377593361,1.61030595813205
0.9,2,38,4,0.105263157894737,1.79372197309417,0.0207253886010363,0.0346320346320346,1.79372197309417
0.9,3,29,2,0.0689655172413793,1.06951871657754,0.0103626943005181,0.018018018018018,1.06951871657754
0.9,4,25,1,0.04,0.598802395209581,0.00518134715025907,0.0091743119266055,0.598802395209581
0.9,5,19,1,0.0526315789473684,0.869565217391305,0.00518134715025907,0.00943396226415094,0.869565217391305
0.9,6,10,1,0.1,2.40963855421687,0.00518134715025907,0.00985221674876847,2.40963855421687
0.9,7,8,1,0.125,2.08333333333333,0.00518134715025907,0.00995024875621891,2.08333333333333
0.9,8,8,1,0.125,2.40963855421687,0.00518134715025907,0.00995024875621891,2.40963855421687
0.9,9,6,1,0.166666666666667,3.44827586206897,0.00518134715025907,0.0100502512562814,3.44827586206897
0.9,10,5,1,0.2,2.53164556962025,0.00518134715025907,0.0101010101010101,2.53164556962025
0.9,11,3,1,0.333333333333333,4.08163265306122,0.00518134715025907,0.0102040816326531,4.08163265306122
0.9,12,2,1,0.5,6.06060606060606,0.00518134715025907,0.0102564102564103,6.06060606060606
0.9,13,1,1,1,4.25531914893617,0.00518134715025907,0.0103092783505155,4.25531914893617
0.9,14,0,0,,,0,0,
0.9,15,0,0,,,0,0,
