arm,n_test,flagged,dedup_regions,dedup_tp,prec,rec,cell,tag,env,n_qtn,n_clusters
simes_floor1,99835,18,16,12,0.75,0.631578947368421,V0.5_c1,nobgs,1,19,99835
simes_floor2,45912,22,20,12,0.6,0.631578947368421,V0.5_c1,nobgs,1,19,99835
simes_floor3,26273,23,19,12,0.631578947368421,0.631578947368421,V0.5_c1,nobgs,1,19,99835
simes_floor5,12061,23,19,12,0.631578947368421,0.631578947368421,V0.5_c1,nobgs,1,19,99835
simes_floor8,5771,21,19,11,0.578947368421053,0.578947368421053,V0.5_c1,nobgs,1,19,99835
simes_floor12,3011,17,16,10,0.625,0.526315789473684,V0.5_c1,nobgs,1,19,99835
snp,291388,59,52,12,0.230769230769231,0.631578947368421,V0.5_c1,nobgs,1,19,99835
simes_floor1,101569,20,15,8,0.533333333333333,0.473684210526316,V0.5_c1,nobgs,2,19,101569
simes_floor2,46755,22,15,8,0.533333333333333,0.473684210526316,V0.5_c1,nobgs,2,19,101569
simes_floor3,26826,24,16,8,0.5,0.473684210526316,V0.5_c1,nobgs,2,19,101569
simes_floor5,12608,22,14,8,0.571428571428571,0.473684210526316,V0.5_c1,nobgs,2,19,101569
simes_floor8,5975,18,12,9,0.75,0.526315789473684,V0.5_c1,nobgs,2,19,101569
simes_floor12,3173,18,12,9,0.75,0.526315789473684,V0.5_c1,nobgs,2,19,101569
snp,298741,86,69,13,0.188405797101449,0.736842105263158,V0.5_c1,nobgs,2,19,101569
simes_floor1,99787,28,22,12,0.545454545454545,0.571428571428571,V0.5_c1,nobgs,3,21,99787
simes_floor2,45839,26,22,12,0.545454545454545,0.571428571428571,V0.5_c1,nobgs,3,21,99787
simes_floor3,26318,27,24,12,0.5,0.571428571428571,V0.5_c1,nobgs,3,21,99787
simes_floor5,12231,27,24,12,0.5,0.571428571428571,V0.5_c1,nobgs,3,21,99787
simes_floor8,5830,27,22,12,0.545454545454545,0.571428571428571,V0.5_c1,nobgs,3,21,99787
simes_floor12,3076,25,22,12,0.545454545454545,0.571428571428571,V0.5_c1,nobgs,3,21,99787
snp,294609,132,106,14,0.132075471698113,0.666666666666667,V0.5_c1,nobgs,3,21,99787
simes_floor1,101870,19,13,9,0.692307692307692,0.473684210526316,V0.5_c1,nobgs,4,19,101870
simes_floor2,47046,23,16,11,0.6875,0.578947368421053,V0.5_c1,nobgs,4,19,101870
simes_floor3,26815,22,16,11,0.6875,0.578947368421053,V0.5_c1,nobgs,4,19,101870
simes_floor5,12500,21,16,10,0.625,0.526315789473684,V0.5_c1,nobgs,4,19,101870
simes_floor8,5905,21,18,11,0.611111111111111,0.578947368421053,V0.5_c1,nobgs,4,19,101870
simes_floor12,3148,20,17,10,0.588235294117647,0.526315789473684,V0.5_c1,nobgs,4,19,101870
snp,298132,71,57,13,0.228070175438597,0.68421052631579,V0.5_c1,nobgs,4,19,101870
simes_floor1,99328,9,8,6,0.75,0.4375,V0.5_c1,nobgs,5,16,99328
simes_floor2,45808,9,8,6,0.75,0.4375,V0.5_c1,nobgs,5,16,99328
simes_floor3,26321,11,10,7,0.7,0.5,V0.5_c1,nobgs,5,16,99328
simes_floor5,12225,10,10,6,0.6,0.4375,V0.5_c1,nobgs,5,16,99328
simes_floor8,5795,10,10,5,0.5,0.375,V0.5_c1,nobgs,5,16,99328
simes_floor12,3112,7,7,4,0.571428571428571,0.3125,V0.5_c1,nobgs,5,16,99328
snp,294251,74,71,11,0.154929577464789,0.75,V0.5_c1,nobgs,5,16,99328
simes_floor1,102214,23,22,6,0.272727272727273,0.466666666666667,V0.5_c1,nobgs,6,15,102214
simes_floor2,46949,28,27,6,0.222222222222222,0.466666666666667,V0.5_c1,nobgs,6,15,102214
simes_floor3,26802,23,22,6,0.272727272727273,0.466666666666667,V0.5_c1,nobgs,6,15,102214
simes_floor5,12593,30,29,6,0.206896551724138,0.466666666666667,V0.5_c1,nobgs,6,15,102214
simes_floor8,5900,25,24,6,0.25,0.466666666666667,V0.5_c1,nobgs,6,15,102214
simes_floor12,3057,21,21,6,0.285714285714286,0.466666666666667,V0.5_c1,nobgs,6,15,102214
snp,297429,185,180,9,0.05,0.666666666666667,V0.5_c1,nobgs,6,15,102214
simes_floor1,97081,17,15,8,0.533333333333333,0.5625,V0.5_c1,nobgs,7,16,97081
simes_floor2,44856,20,18,8,0.444444444444444,0.5625,V0.5_c1,nobgs,7,16,97081
simes_floor3,25764,26,22,9,0.409090909090909,0.625,V0.5_c1,nobgs,7,16,97081
simes_floor5,12013,23,19,9,0.473684210526316,0.625,V0.5_c1,nobgs,7,16,97081
simes_floor8,5750,23,18,9,0.5,0.625,V0.5_c1,nobgs,7,16,97081
simes_floor12,3086,22,17,9,0.529411764705882,0.625,V0.5_c1,nobgs,7,16,97081
snp,288782,100,88,9,0.102272727272727,0.625,V0.5_c1,nobgs,7,16,97081
simes_floor1,100746,67,51,12,0.235294117647059,0.666666666666667,V0.5_c1,nobgs,8,21,100746
simes_floor2,46403,54,42,12,0.285714285714286,0.666666666666667,V0.5_c1,nobgs,8,21,100746
simes_floor3,26616,54,42,12,0.285714285714286,0.666666666666667,V0.5_c1,nobgs,8,21,100746
simes_floor5,12248,47,38,12,0.315789473684211,0.666666666666667,V0.5_c1,nobgs,8,21,100746
simes_floor8,5761,40,33,10,0.303030303030303,0.571428571428571,V0.5_c1,nobgs,8,21,100746
simes_floor12,3038,30,24,9,0.375,0.523809523809524,V0.5_c1,nobgs,8,21,100746
snp,297425,226,199,12,0.0603015075376884,0.666666666666667,V0.5_c1,nobgs,8,21,100746
simes_floor1,100958,9,8,6,0.75,0.470588235294118,V0.5_c1,nobgs,9,17,100958
simes_floor2,46805,10,9,7,0.777777777777778,0.529411764705882,V0.5_c1,nobgs,9,17,100958
simes_floor3,26767,10,9,7,0.777777777777778,0.529411764705882,V0.5_c1,nobgs,9,17,100958
simes_floor5,12497,7,6,5,0.833333333333333,0.411764705882353,V0.5_c1,nobgs,9,17,100958
simes_floor8,5884,8,6,5,0.833333333333333,0.411764705882353,V0.5_c1,nobgs,9,17,100958
simes_floor12,3081,10,8,6,0.75,0.470588235294118,V0.5_c1,nobgs,9,17,100958
snp,295558,73,65,10,0.153846153846154,0.705882352941177,V0.5_c1,nobgs,9,17,100958
simes_floor1,103749,26,21,9,0.428571428571429,0.5,V0.5_c1,nobgs,10,20,103749
simes_floor2,47430,35,29,10,0.344827586206897,0.55,V0.5_c1,nobgs,10,20,103749
simes_floor3,27307,34,26,9,0.346153846153846,0.5,V0.5_c1,nobgs,10,20,103749
simes_floor5,12612,29,22,8,0.363636363636364,0.45,V0.5_c1,nobgs,10,20,103749
simes_floor8,5987,26,20,8,0.4,0.45,V0.5_c1,nobgs,10,20,103749
simes_floor12,3221,22,17,8,0.470588235294118,0.45,V0.5_c1,nobgs,10,20,103749
snp,302905,134,118,11,0.0932203389830508,0.6,V0.5_c1,nobgs,10,20,103749
simes_floor1,84732,8,7,4,0.571428571428571,0.238095238095238,V0.5_c1,bgs,1,21,84732
simes_floor2,39535,7,6,4,0.666666666666667,0.238095238095238,V0.5_c1,bgs,1,21,84732
simes_floor3,22493,9,8,4,0.5,0.238095238095238,V0.5_c1,bgs,1,21,84732
simes_floor5,9920,12,10,5,0.5,0.285714285714286,V0.5_c1,bgs,1,21,84732
simes_floor8,4383,20,18,5,0.277777777777778,0.285714285714286,V0.5_c1,bgs,1,21,84732
simes_floor12,2159,23,20,5,0.25,0.285714285714286,V0.5_c1,bgs,1,21,84732
snp,230475,75,69,7,0.101449275362319,0.380952380952381,V0.5_c1,bgs,1,21,84732
simes_floor1,84185,20,20,8,0.4,0.4,V0.5_c1,bgs,2,20,84185
simes_floor2,39624,25,24,8,0.333333333333333,0.4,V0.5_c1,bgs,2,20,84185
simes_floor3,22480,18,18,7,0.388888888888889,0.35,V0.5_c1,bgs,2,20,84185
simes_floor5,9802,17,17,8,0.470588235294118,0.4,V0.5_c1,bgs,2,20,84185
simes_floor8,4380,17,17,9,0.529411764705882,0.45,V0.5_c1,bgs,2,20,84185
simes_floor12,2114,14,13,7,0.538461538461538,0.35,V0.5_c1,bgs,2,20,84185
snp,229687,64,58,11,0.189655172413793,0.55,V0.5_c1,bgs,2,20,84185
simes_floor1,84217,12,12,10,0.833333333333333,0.578947368421053,V0.5_c1,bgs,3,19,84217
simes_floor2,39520,17,15,12,0.8,0.68421052631579,V0.5_c1,bgs,3,19,84217
simes_floor3,22342,16,14,12,0.857142857142857,0.68421052631579,V0.5_c1,bgs,3,19,84217
simes_floor5,9862,18,16,12,0.75,0.68421052631579,V0.5_c1,bgs,3,19,84217
simes_floor8,4371,18,16,13,0.8125,0.736842105263158,V0.5_c1,bgs,3,19,84217
simes_floor12,2113,15,14,11,0.785714285714286,0.631578947368421,V0.5_c1,bgs,3,19,84217
snp,228643,29,25,14,0.56,0.789473684210526,V0.5_c1,bgs,3,19,84217
simes_floor1,85153,10,7,6,0.857142857142857,0.583333333333333,V0.5_c1,bgs,4,12,85153
simes_floor2,39779,10,7,6,0.857142857142857,0.583333333333333,V0.5_c1,bgs,4,12,85153
simes_floor3,22512,9,6,5,0.833333333333333,0.5,V0.5_c1,bgs,4,12,85153
simes_floor5,9868,12,9,7,0.777777777777778,0.75,V0.5_c1,bgs,4,12,85153
simes_floor8,4390,8,8,7,0.875,0.75,V0.5_c1,bgs,4,12,85153
simes_floor12,2101,6,6,6,1,0.666666666666667,V0.5_c1,bgs,4,12,85153
snp,230441,25,21,9,0.428571428571429,0.916666666666667,V0.5_c1,bgs,4,12,85153
simes_floor1,83084,12,12,8,0.666666666666667,0.692307692307692,V0.5_c1,bgs,5,13,83084
simes_floor2,38957,14,14,10,0.714285714285714,0.846153846153846,V0.5_c1,bgs,5,13,83084
simes_floor3,21961,16,16,10,0.625,0.846153846153846,V0.5_c1,bgs,5,13,83084
simes_floor5,9649,16,16,9,0.5625,0.769230769230769,V0.5_c1,bgs,5,13,83084
simes_floor8,4149,13,13,8,0.615384615384615,0.692307692307692,V0.5_c1,bgs,5,13,83084
simes_floor12,1989,12,12,9,0.75,0.769230769230769,V0.5_c1,bgs,5,13,83084
snp,223170,29,28,11,0.392857142857143,0.923076923076923,V0.5_c1,bgs,5,13,83084
simes_floor1,85280,38,24,8,0.333333333333333,0.5625,V0.5_c1,bgs,6,16,85280
simes_floor2,39577,40,26,8,0.307692307692308,0.5625,V0.5_c1,bgs,6,16,85280
simes_floor3,22300,29,21,8,0.380952380952381,0.5625,V0.5_c1,bgs,6,16,85280
simes_floor5,9746,17,13,7,0.538461538461538,0.5,V0.5_c1,bgs,6,16,85280
simes_floor8,4195,8,7,3,0.428571428571429,0.25,V0.5_c1,bgs,6,16,85280
simes_floor12,2047,5,5,3,0.6,0.25,V0.5_c1,bgs,6,16,85280
snp,228467,73,54,9,0.166666666666667,0.625,V0.5_c1,bgs,6,16,85280
simes_floor1,83973,15,13,10,0.769230769230769,0.647058823529412,V0.5_c1,bgs,7,17,83973
simes_floor2,39108,15,14,11,0.785714285714286,0.705882352941177,V0.5_c1,bgs,7,17,83973
simes_floor3,22248,14,12,9,0.75,0.588235294117647,V0.5_c1,bgs,7,17,83973
simes_floor5,9782,15,12,9,0.75,0.647058823529412,V0.5_c1,bgs,7,17,83973
simes_floor8,4340,14,12,8,0.666666666666667,0.588235294117647,V0.5_c1,bgs,7,17,83973
simes_floor12,2087,15,12,7,0.583333333333333,0.529411764705882,V0.5_c1,bgs,7,17,83973
snp,228676,45,38,12,0.315789473684211,0.823529411764706,V0.5_c1,bgs,7,17,83973
simes_floor1,85372,20,19,8,0.421052631578947,0.4,V0.5_c1,bgs,8,20,85372
simes_floor2,39752,27,25,8,0.32,0.4,V0.5_c1,bgs,8,20,85372
simes_floor3,22611,22,20,9,0.45,0.45,V0.5_c1,bgs,8,20,85372
simes_floor5,9909,18,17,9,0.529411764705882,0.45,V0.5_c1,bgs,8,20,85372
simes_floor8,4298,18,17,8,0.470588235294118,0.4,V0.5_c1,bgs,8,20,85372
simes_floor12,2061,20,19,9,0.473684210526316,0.45,V0.5_c1,bgs,8,20,85372
snp,230567,88,83,13,0.156626506024096,0.65,V0.5_c1,bgs,8,20,85372
simes_floor1,85242,0,0,0,0,0,V0.5_c1,bgs,9,19,85242
simes_floor2,39823,2,2,2,1,0.105263157894737,V0.5_c1,bgs,9,19,85242
simes_floor3,22488,4,4,3,0.75,0.157894736842105,V0.5_c1,bgs,9,19,85242
simes_floor5,9984,4,4,3,0.75,0.157894736842105,V0.5_c1,bgs,9,19,85242
simes_floor8,4381,5,5,4,0.8,0.210526315789474,V0.5_c1,bgs,9,19,85242
simes_floor12,2150,6,6,5,0.833333333333333,0.263157894736842,V0.5_c1,bgs,9,19,85242
snp,231231,10,10,6,0.6,0.315789473684211,V0.5_c1,bgs,9,19,85242
simes_floor1,85817,25,18,9,0.5,0.529411764705882,V0.5_c1,bgs,10,17,85817
simes_floor2,40195,26,19,9,0.473684210526316,0.529411764705882,V0.5_c1,bgs,10,17,85817
simes_floor3,22791,22,16,9,0.5625,0.529411764705882,V0.5_c1,bgs,10,17,85817
simes_floor5,10094,22,17,9,0.529411764705882,0.529411764705882,V0.5_c1,bgs,10,17,85817
simes_floor8,4391,17,16,8,0.5,0.470588235294118,V0.5_c1,bgs,10,17,85817
simes_floor12,2078,11,11,6,0.545454545454545,0.352941176470588,V0.5_c1,bgs,10,17,85817
snp,231847,59,47,9,0.191489361702128,0.529411764705882,V0.5_c1,bgs,10,17,85817
simes_floor1,72230,9,9,2,0.222222222222222,0.0666666666666667,V0.5_c2,nobgs,1,30,72230
simes_floor2,36255,11,11,4,0.363636363636364,0.133333333333333,V0.5_c2,nobgs,1,30,72230
simes_floor3,25594,10,10,3,0.3,0.1,V0.5_c2,nobgs,1,30,72230
simes_floor5,16130,12,12,3,0.25,0.1,V0.5_c2,nobgs,1,30,72230
simes_floor8,10148,15,15,2,0.133333333333333,0.0666666666666667,V0.5_c2,nobgs,1,30,72230
simes_floor12,6580,19,19,2,0.105263157894737,0.0666666666666667,V0.5_c2,nobgs,1,30,72230
snp,371421,47,47,5,0.106382978723404,0.166666666666667,V0.5_c2,nobgs,1,30,72230
simes_floor1,73046,104,102,4,0.0392156862745098,0.111111111111111,V0.5_c2,nobgs,2,36,73046
simes_floor2,36651,128,126,6,0.0476190476190476,0.194444444444444,V0.5_c2,nobgs,2,36,73046
simes_floor3,25819,132,130,6,0.0461538461538462,0.194444444444444,V0.5_c2,nobgs,2,36,73046
simes_floor5,16430,136,134,5,0.0373134328358209,0.138888888888889,V0.5_c2,nobgs,2,36,73046
simes_floor8,10258,141,139,7,0.0503597122302158,0.194444444444444,V0.5_c2,nobgs,2,36,73046
simes_floor12,6512,131,129,7,0.0542635658914729,0.194444444444444,V0.5_c2,nobgs,2,36,73046
snp,370792,274,271,10,0.03690036900369,0.305555555555556,V0.5_c2,nobgs,2,36,73046
simes_floor1,72600,62,61,9,0.147540983606557,0.303030303030303,V0.5_c2,nobgs,3,33,72600
simes_floor2,36633,65,64,9,0.140625,0.303030303030303,V0.5_c2,nobgs,3,33,72600
simes_floor3,25938,64,63,9,0.142857142857143,0.303030303030303,V0.5_c2,nobgs,3,33,72600
simes_floor5,16486,69,68,10,0.147058823529412,0.333333333333333,V0.5_c2,nobgs,3,33,72600
simes_floor8,10431,73,72,10,0.138888888888889,0.333333333333333,V0.5_c2,nobgs,3,33,72600
simes_floor12,6654,77,76,10,0.131578947368421,0.333333333333333,V0.5_c2,nobgs,3,33,72600
snp,373584,105,101,12,0.118811881188119,0.393939393939394,V0.5_c2,nobgs,3,33,72600
simes_floor1,73546,11,11,2,0.181818181818182,0.0571428571428571,V0.5_c2,nobgs,4,35,73546
simes_floor2,36608,7,7,1,0.142857142857143,0.0285714285714286,V0.5_c2,nobgs,4,35,73546
simes_floor3,25799,17,16,2,0.125,0.0571428571428571,V0.5_c2,nobgs,4,35,73546
simes_floor5,16147,28,27,5,0.185185185185185,0.171428571428571,V0.5_c2,nobgs,4,35,73546
simes_floor8,10037,38,37,6,0.162162162162162,0.2,V0.5_c2,nobgs,4,35,73546
simes_floor12,6408,47,46,8,0.173913043478261,0.257142857142857,V0.5_c2,nobgs,4,35,73546
snp,370248,139,137,11,0.0802919708029197,0.342857142857143,V0.5_c2,nobgs,4,35,73546
simes_floor1,71812,0,0,0,0,0,V0.5_c2,nobgs,5,31,71812
simes_floor2,36119,0,0,0,0,0,V0.5_c2,nobgs,5,31,71812
simes_floor3,25465,0,0,0,0,0,V0.5_c2,nobgs,5,31,71812
simes_floor5,16163,7,7,2,0.285714285714286,0.129032258064516,V0.5_c2,nobgs,5,31,71812
simes_floor8,10234,28,27,5,0.185185185185185,0.225806451612903,V0.5_c2,nobgs,5,31,71812
simes_floor12,6501,44,43,6,0.13953488372093,0.258064516129032,V0.5_c2,nobgs,5,31,71812
snp,367831,174,172,9,0.0523255813953488,0.419354838709677,V0.5_c2,nobgs,5,31,71812
simes_floor1,73578,109,108,7,0.0648148148148148,0.259259259259259,V0.5_c2,nobgs,6,27,73578
simes_floor2,36784,123,122,7,0.0573770491803279,0.259259259259259,V0.5_c2,nobgs,6,27,73578
simes_floor3,25871,122,121,7,0.0578512396694215,0.259259259259259,V0.5_c2,nobgs,6,27,73578
simes_floor5,16440,137,136,7,0.0514705882352941,0.259259259259259,V0.5_c2,nobgs,6,27,73578
simes_floor8,10258,118,117,8,0.0683760683760684,0.296296296296296,V0.5_c2,nobgs,6,27,73578
simes_floor12,6556,110,109,8,0.073394495412844,0.296296296296296,V0.5_c2,nobgs,6,27,73578
snp,371205,246,245,9,0.036734693877551,0.333333333333333,V0.5_c2,nobgs,6,27,73578
simes_floor1,73710,51,51,5,0.0980392156862745,0.142857142857143,V0.5_c2,nobgs,7,35,73710
simes_floor2,37173,62,62,8,0.129032258064516,0.228571428571429,V0.5_c2,nobgs,7,35,73710
simes_floor3,25981,62,62,7,0.112903225806452,0.2,V0.5_c2,nobgs,7,35,73710
simes_floor5,16422,62,62,7,0.112903225806452,0.2,V0.5_c2,nobgs,7,35,73710
simes_floor8,10224,62,62,7,0.112903225806452,0.2,V0.5_c2,nobgs,7,35,73710
simes_floor12,6597,63,63,7,0.111111111111111,0.2,V0.5_c2,nobgs,7,35,73710
snp,370652,110,110,9,0.0818181818181818,0.257142857142857,V0.5_c2,nobgs,7,35,73710
simes_floor1,73774,123,119,6,0.0504201680672269,0.241379310344828,V0.5_c2,nobgs,8,29,73774
simes_floor2,36805,123,119,7,0.0588235294117647,0.275862068965517,V0.5_c2,nobgs,8,29,73774
simes_floor3,25837,129,125,6,0.048,0.241379310344828,V0.5_c2,nobgs,8,29,73774
simes_floor5,16178,122,118,6,0.0508474576271187,0.241379310344828,V0.5_c2,nobgs,8,29,73774
simes_floor8,10105,114,110,6,0.0545454545454545,0.241379310344828,V0.5_c2,nobgs,8,29,73774
simes_floor12,6460,104,100,6,0.06,0.241379310344828,V0.5_c2,nobgs,8,29,73774
snp,367971,365,361,8,0.0221606648199446,0.310344827586207,V0.5_c2,nobgs,8,29,73774
simes_floor1,71961,2,2,2,1,0.0909090909090909,V0.5_c2,nobgs,9,33,71961
simes_floor2,36397,2,2,2,1,0.0909090909090909,V0.5_c2,nobgs,9,33,71961
simes_floor3,25813,1,1,1,1,0.0606060606060606,V0.5_c2,nobgs,9,33,71961
simes_floor5,16438,1,1,1,1,0.0606060606060606,V0.5_c2,nobgs,9,33,71961
simes_floor8,10366,2,2,1,0.5,0.0606060606060606,V0.5_c2,nobgs,9,33,71961
simes_floor12,6642,1,1,1,1,0.0606060606060606,V0.5_c2,nobgs,9,33,71961
snp,370766,8,8,2,0.25,0.0909090909090909,V0.5_c2,nobgs,9,33,71961
simes_floor1,74139,52,52,3,0.0576923076923077,0.09375,V0.5_c2,nobgs,10,32,74139
simes_floor2,36991,57,57,3,0.0526315789473684,0.09375,V0.5_c2,nobgs,10,32,74139
simes_floor3,26156,63,63,3,0.0476190476190476,0.09375,V0.5_c2,nobgs,10,32,74139
simes_floor5,16698,64,64,3,0.046875,0.09375,V0.5_c2,nobgs,10,32,74139
simes_floor8,10445,64,64,3,0.046875,0.09375,V0.5_c2,nobgs,10,32,74139
simes_floor12,6710,59,59,3,0.0508474576271187,0.09375,V0.5_c2,nobgs,10,32,74139
snp,374870,106,106,4,0.0377358490566038,0.125,V0.5_c2,nobgs,10,32,74139
simes_floor1,60984,1,1,0,0,0,V0.5_c2,bgs,1,32,60984
simes_floor2,31040,1,1,0,0,0,V0.5_c2,bgs,1,32,60984
simes_floor3,21721,4,4,1,0.25,0.03125,V0.5_c2,bgs,1,32,60984
simes_floor5,13449,7,6,2,0.333333333333333,0.0625,V0.5_c2,bgs,1,32,60984
simes_floor8,8134,10,9,4,0.444444444444444,0.125,V0.5_c2,bgs,1,32,60984
simes_floor12,5025,17,16,6,0.375,0.1875,V0.5_c2,bgs,1,32,60984
snp,309524,68,66,10,0.151515151515152,0.34375,V0.5_c2,bgs,1,32,60984
simes_floor1,60739,65,63,8,0.126984126984127,0.3125,V0.5_c2,bgs,2,32,60739
simes_floor2,31284,75,73,9,0.123287671232877,0.34375,V0.5_c2,bgs,2,32,60739
simes_floor3,22063,80,78,9,0.115384615384615,0.34375,V0.5_c2,bgs,2,32,60739
simes_floor5,13864,79,77,8,0.103896103896104,0.3125,V0.5_c2,bgs,2,32,60739
simes_floor8,8556,85,83,8,0.0963855421686747,0.3125,V0.5_c2,bgs,2,32,60739
simes_floor12,5312,85,83,8,0.0963855421686747,0.3125,V0.5_c2,bgs,2,32,60739
snp,316016,203,199,12,0.0603015075376884,0.4375,V0.5_c2,bgs,2,32,60739
simes_floor1,59940,66,66,6,0.0909090909090909,0.166666666666667,V0.5_c2,bgs,3,36,59940
simes_floor2,30963,82,82,6,0.0731707317073171,0.166666666666667,V0.5_c2,bgs,3,36,59940
simes_floor3,21865,82,82,6,0.0731707317073171,0.166666666666667,V0.5_c2,bgs,3,36,59940
simes_floor5,13578,88,88,6,0.0681818181818182,0.194444444444444,V0.5_c2,bgs,3,36,59940
simes_floor8,8451,93,93,6,0.0645161290322581,0.194444444444444,V0.5_c2,bgs,3,36,59940
simes_floor12,5253,93,93,6,0.0645161290322581,0.194444444444444,V0.5_c2,bgs,3,36,59940
snp,312201,170,169,8,0.0473372781065089,0.25,V0.5_c2,bgs,3,36,59940
simes_floor1,61123,3,3,0,0,0,V0.5_c2,bgs,4,31,61123
simes_floor2,31321,6,6,0,0,0,V0.5_c2,bgs,4,31,61123
simes_floor3,22092,1,1,0,0,0,V0.5_c2,bgs,4,31,61123
simes_floor5,13662,4,4,0,0,0,V0.5_c2,bgs,4,31,61123
simes_floor8,8309,7,7,0,0,0,V0.5_c2,bgs,4,31,61123
simes_floor12,5207,24,24,3,0.125,0.161290322580645,V0.5_c2,bgs,4,31,61123
snp,314074,110,109,11,0.100917431192661,0.451612903225806,V0.5_c2,bgs,4,31,61123
simes_floor1,61060,1,1,0,0,0,V0.5_c2,bgs,5,30,61060
simes_floor2,31073,5,5,0,0,0,V0.5_c2,bgs,5,30,61060
simes_floor3,21921,4,4,0,0,0,V0.5_c2,bgs,5,30,61060
simes_floor5,13672,13,13,2,0.153846153846154,0.0666666666666667,V0.5_c2,bgs,5,30,61060
simes_floor8,8369,10,10,2,0.2,0.0666666666666667,V0.5_c2,bgs,5,30,61060
simes_floor12,5147,19,19,1,0.0526315789473684,0.0333333333333333,V0.5_c2,bgs,5,30,61060
snp,310534,185,183,10,0.0546448087431694,0.333333333333333,V0.5_c2,bgs,5,30,61060
simes_floor1,61924,101,101,5,0.0495049504950495,0.171428571428571,V0.5_c2,bgs,6,35,61924
simes_floor2,31878,123,123,6,0.0487804878048781,0.2,V0.5_c2,bgs,6,35,61924
simes_floor3,22472,136,136,6,0.0441176470588235,0.2,V0.5_c2,bgs,6,35,61924
simes_floor5,13992,125,125,6,0.048,0.2,V0.5_c2,bgs,6,35,61924
simes_floor8,8496,116,116,7,0.0603448275862069,0.228571428571429,V0.5_c2,bgs,6,35,61924
simes_floor12,5268,111,111,7,0.0630630630630631,0.228571428571429,V0.5_c2,bgs,6,35,61924
snp,314840,325,323,10,0.0309597523219814,0.314285714285714,V0.5_c2,bgs,6,35,61924
simes_floor1,61042,33,33,4,0.121212121212121,0.142857142857143,V0.5_c2,bgs,7,35,61042
simes_floor2,31392,56,56,4,0.0714285714285714,0.142857142857143,V0.5_c2,bgs,7,35,61042
simes_floor3,22117,70,70,5,0.0714285714285714,0.171428571428571,V0.5_c2,bgs,7,35,61042
simes_floor5,13737,77,77,5,0.0649350649350649,0.171428571428571,V0.5_c2,bgs,7,35,61042
simes_floor8,8412,72,72,6,0.0833333333333333,0.2,V0.5_c2,bgs,7,35,61042
simes_floor12,5165,83,83,6,0.072289156626506,0.2,V0.5_c2,bgs,7,35,61042
snp,314813,163,163,8,0.049079754601227,0.257142857142857,V0.5_c2,bgs,7,35,61042
simes_floor1,61571,102,102,9,0.0882352941176471,0.264705882352941,V0.5_c2,bgs,8,34,61571
simes_floor2,31393,104,104,9,0.0865384615384615,0.264705882352941,V0.5_c2,bgs,8,34,61571
simes_floor3,22059,97,97,10,0.103092783505155,0.294117647058824,V0.5_c2,bgs,8,34,61571
simes_floor5,13547,101,101,10,0.099009900990099,0.294117647058824,V0.5_c2,bgs,8,34,61571
simes_floor8,8225,103,103,10,0.0970873786407767,0.294117647058824,V0.5_c2,bgs,8,34,61571
simes_floor12,5041,92,91,10,0.10989010989011,0.294117647058824,V0.5_c2,bgs,8,34,61571
snp,312485,303,301,12,0.0398671096345515,0.352941176470588,V0.5_c2,bgs,8,34,61571
simes_floor1,61604,6,6,0,0,0,V0.5_c2,bgs,9,38,61604
simes_floor2,31551,6,6,0,0,0,V0.5_c2,bgs,9,38,61604
simes_floor3,22090,5,5,0,0,0,V0.5_c2,bgs,9,38,61604
simes_floor5,13768,2,2,0,0,0,V0.5_c2,bgs,9,38,61604
simes_floor8,8448,1,1,0,0,0,V0.5_c2,bgs,9,38,61604
simes_floor12,5245,1,1,0,0,0,V0.5_c2,bgs,9,38,61604
snp,312443,4,4,0,0,0,V0.5_c2,bgs,9,38,61604
simes_floor1,60085,68,68,10,0.147058823529412,0.34375,V0.5_c2,bgs,10,32,60085
simes_floor2,30796,73,73,9,0.123287671232877,0.3125,V0.5_c2,bgs,10,32,60085
simes_floor3,21726,73,73,9,0.123287671232877,0.3125,V0.5_c2,bgs,10,32,60085
simes_floor5,13547,75,75,9,0.12,0.3125,V0.5_c2,bgs,10,32,60085
simes_floor8,8238,76,75,9,0.12,0.3125,V0.5_c2,bgs,10,32,60085
simes_floor12,5175,69,67,9,0.134328358208955,0.3125,V0.5_c2,bgs,10,32,60085
snp,311707,145,140,12,0.0857142857142857,0.40625,V0.5_c2,bgs,10,32,60085
simes_floor1,91185,2,2,1,0.5,0.0476190476190476,V1_c1.5,nobgs,1,21,91185
simes_floor2,44655,3,3,2,0.666666666666667,0.142857142857143,V1_c1.5,nobgs,1,21,91185
simes_floor3,27886,11,11,6,0.545454545454545,0.380952380952381,V1_c1.5,nobgs,1,21,91185
simes_floor5,14774,11,11,6,0.545454545454545,0.380952380952381,V1_c1.5,nobgs,1,21,91185
simes_floor8,7888,10,10,6,0.6,0.380952380952381,V1_c1.5,nobgs,1,21,91185
simes_floor12,4455,10,10,5,0.5,0.333333333333333,V1_c1.5,nobgs,1,21,91185
snp,326745,35,33,8,0.242424242424242,0.476190476190476,V1_c1.5,nobgs,1,21,91185
simes_floor1,91759,10,10,0,0,0,V1_c1.5,nobgs,2,27,91759
simes_floor2,45162,16,16,0,0,0,V1_c1.5,nobgs,2,27,91759
simes_floor3,28243,18,18,0,0,0,V1_c1.5,nobgs,2,27,91759
simes_floor5,15041,17,17,1,0.0588235294117647,0.037037037037037,V1_c1.5,nobgs,2,27,91759
simes_floor8,8003,19,19,2,0.105263157894737,0.0740740740740741,V1_c1.5,nobgs,2,27,91759
simes_floor12,4590,17,17,1,0.0588235294117647,0.037037037037037,V1_c1.5,nobgs,2,27,91759
snp,331483,53,53,2,0.0377358490566038,0.0740740740740741,V1_c1.5,nobgs,2,27,91759
simes_floor1,91104,2,2,1,0.5,0.0416666666666667,V1_c1.5,nobgs,3,24,91104
simes_floor2,44533,3,3,1,0.333333333333333,0.0416666666666667,V1_c1.5,nobgs,3,24,91104
simes_floor3,27667,3,3,1,0.333333333333333,0.0416666666666667,V1_c1.5,nobgs,3,24,91104
simes_floor5,14460,4,4,2,0.5,0.0833333333333333,V1_c1.5,nobgs,3,24,91104
simes_floor8,7632,7,7,2,0.285714285714286,0.0833333333333333,V1_c1.5,nobgs,3,24,91104
simes_floor12,4294,6,6,1,0.166666666666667,0.0416666666666667,V1_c1.5,nobgs,3,24,91104
snp,326022,8,8,3,0.375,0.125,V1_c1.5,nobgs,3,24,91104
simes_floor1,90013,0,0,0,0,0,V1_c1.5,nobgs,4,27,90013
simes_floor2,44384,0,0,0,0,0,V1_c1.5,nobgs,4,27,90013
simes_floor3,27861,0,0,0,0,0,V1_c1.5,nobgs,4,27,90013
simes_floor5,14869,0,0,0,0,0,V1_c1.5,nobgs,4,27,90013
simes_floor8,7887,0,0,0,0,0,V1_c1.5,nobgs,4,27,90013
simes_floor12,4490,3,3,2,0.666666666666667,0.0740740740740741,V1_c1.5,nobgs,4,27,90013
snp,327837,5,5,4,0.8,0.148148148148148,V1_c1.5,nobgs,4,27,90013
simes_floor1,90547,0,0,0,0,0,V1_c1.5,nobgs,5,22,90547
simes_floor2,44589,2,2,0,0,0,V1_c1.5,nobgs,5,22,90547
simes_floor3,27762,2,2,0,0,0,V1_c1.5,nobgs,5,22,90547
simes_floor5,14810,1,1,0,0,0,V1_c1.5,nobgs,5,22,90547
simes_floor8,8003,1,1,0,0,0,V1_c1.5,nobgs,5,22,90547
simes_floor12,4555,2,2,0,0,0,V1_c1.5,nobgs,5,22,90547
snp,328500,1,1,0,0,0,V1_c1.5,nobgs,5,22,90547
simes_floor1,91998,65,65,4,0.0615384615384615,0.2,V1_c1.5,nobgs,6,20,91998
simes_floor2,45516,75,75,3,0.04,0.15,V1_c1.5,nobgs,6,20,91998
simes_floor3,28412,72,72,3,0.0416666666666667,0.15,V1_c1.5,nobgs,6,20,91998
simes_floor5,14990,69,69,3,0.0434782608695652,0.15,V1_c1.5,nobgs,6,20,91998
simes_floor8,7955,56,56,5,0.0892857142857143,0.3,V1_c1.5,nobgs,6,20,91998
simes_floor12,4469,46,46,5,0.108695652173913,0.3,V1_c1.5,nobgs,6,20,91998
snp,331362,177,176,6,0.0340909090909091,0.35,V1_c1.5,nobgs,6,20,91998
simes_floor1,90928,2,2,2,1,0.166666666666667,V1_c1.5,nobgs,7,24,90928
simes_floor2,44825,2,2,2,1,0.166666666666667,V1_c1.5,nobgs,7,24,90928
simes_floor3,28008,2,2,2,1,0.166666666666667,V1_c1.5,nobgs,7,24,90928
simes_floor5,14708,4,4,2,0.5,0.166666666666667,V1_c1.5,nobgs,7,24,90928
simes_floor8,7868,3,3,2,0.666666666666667,0.166666666666667,V1_c1.5,nobgs,7,24,90928
simes_floor12,4486,5,5,2,0.4,0.166666666666667,V1_c1.5,nobgs,7,24,90928
snp,326460,14,14,3,0.214285714285714,0.208333333333333,V1_c1.5,nobgs,7,24,90928
simes_floor1,90460,14,14,3,0.214285714285714,0.136363636363636,V1_c1.5,nobgs,8,22,90460
simes_floor2,44877,19,19,3,0.157894736842105,0.136363636363636,V1_c1.5,nobgs,8,22,90460
simes_floor3,28093,30,29,3,0.103448275862069,0.136363636363636,V1_c1.5,nobgs,8,22,90460
simes_floor5,14939,24,23,3,0.130434782608696,0.136363636363636,V1_c1.5,nobgs,8,22,90460
simes_floor8,7964,26,25,2,0.08,0.0909090909090909,V1_c1.5,nobgs,8,22,90460
simes_floor12,4508,10,9,2,0.222222222222222,0.0909090909090909,V1_c1.5,nobgs,8,22,90460
snp,327225,52,51,3,0.0588235294117647,0.136363636363636,V1_c1.5,nobgs,8,22,90460
simes_floor1,90358,0,0,0,0,0,V1_c1.5,nobgs,9,25,90358
simes_floor2,44229,0,0,0,0,0,V1_c1.5,nobgs,9,25,90358
simes_floor3,27602,0,0,0,0,0,V1_c1.5,nobgs,9,25,90358
simes_floor5,14424,0,0,0,0,0,V1_c1.5,nobgs,9,25,90358
simes_floor8,7691,0,0,0,0,0,V1_c1.5,nobgs,9,25,90358
simes_floor12,4272,0,0,0,0,0,V1_c1.5,nobgs,9,25,90358
snp,322650,0,0,0,0,0,V1_c1.5,nobgs,9,25,90358
simes_floor1,91302,7,6,3,0.5,0.181818181818182,V1_c1.5,nobgs,10,22,91302
simes_floor2,44864,7,6,3,0.5,0.181818181818182,V1_c1.5,nobgs,10,22,91302
simes_floor3,28166,6,5,3,0.6,0.181818181818182,V1_c1.5,nobgs,10,22,91302
simes_floor5,15028,11,10,3,0.3,0.181818181818182,V1_c1.5,nobgs,10,22,91302
simes_floor8,8002,20,18,4,0.222222222222222,0.272727272727273,V1_c1.5,nobgs,10,22,91302
simes_floor12,4469,18,16,4,0.25,0.272727272727273,V1_c1.5,nobgs,10,22,91302
snp,329654,59,56,5,0.0892857142857143,0.318181818181818,V1_c1.5,nobgs,10,22,91302
simes_floor1,76254,2,2,0,0,0,V1_c1.5,bgs,1,21,76254
simes_floor2,37188,2,2,0,0,0,V1_c1.5,bgs,1,21,76254
simes_floor3,23189,2,2,0,0,0,V1_c1.5,bgs,1,21,76254
simes_floor5,11941,2,2,0,0,0,V1_c1.5,bgs,1,21,76254
simes_floor8,6156,3,3,1,0.333333333333333,0.0952380952380952,V1_c1.5,bgs,1,21,76254
simes_floor12,3366,0,0,0,0,0,V1_c1.5,bgs,1,21,76254
snp,262870,7,7,2,0.285714285714286,0.142857142857143,V1_c1.5,bgs,1,21,76254
simes_floor1,76238,21,21,3,0.142857142857143,0.125,V1_c1.5,bgs,2,24,76238
simes_floor2,37535,30,29,3,0.103448275862069,0.125,V1_c1.5,bgs,2,24,76238
simes_floor3,23315,37,36,4,0.111111111111111,0.166666666666667,V1_c1.5,bgs,2,24,76238
simes_floor5,12223,54,53,4,0.0754716981132076,0.166666666666667,V1_c1.5,bgs,2,24,76238
simes_floor8,6359,53,52,5,0.0961538461538462,0.25,V1_c1.5,bgs,2,24,76238
simes_floor12,3414,48,47,8,0.170212765957447,0.375,V1_c1.5,bgs,2,24,76238
snp,265155,106,103,9,0.087378640776699,0.416666666666667,V1_c1.5,bgs,2,24,76238
simes_floor1,75866,0,0,0,0,0,V1_c1.5,bgs,3,26,75866
simes_floor2,37037,0,0,0,0,0,V1_c1.5,bgs,3,26,75866
simes_floor3,23065,0,0,0,0,0,V1_c1.5,bgs,3,26,75866
simes_floor5,11905,1,1,1,1,0.0384615384615385,V1_c1.5,bgs,3,26,75866
simes_floor8,6133,1,1,1,1,0.0384615384615385,V1_c1.5,bgs,3,26,75866
simes_floor12,3389,2,2,1,0.5,0.0384615384615385,V1_c1.5,bgs,3,26,75866
snp,262947,1,1,1,1,0.0384615384615385,V1_c1.5,bgs,3,26,75866
simes_floor1,77260,0,0,0,0,0,V1_c1.5,bgs,4,22,77260
simes_floor2,37732,0,0,0,0,0,V1_c1.5,bgs,4,22,77260
simes_floor3,23395,0,0,0,0,0,V1_c1.5,bgs,4,22,77260
simes_floor5,12084,2,2,2,1,0.0909090909090909,V1_c1.5,bgs,4,22,77260
simes_floor8,6297,2,2,2,1,0.0909090909090909,V1_c1.5,bgs,4,22,77260
simes_floor12,3407,2,2,2,1,0.0909090909090909,V1_c1.5,bgs,4,22,77260
snp,264586,0,0,0,0,0,V1_c1.5,bgs,4,22,77260
simes_floor1,75723,2,2,0,0,0,V1_c1.5,bgs,5,21,75723
simes_floor2,37272,1,1,0,0,0,V1_c1.5,bgs,5,21,75723
simes_floor3,23304,2,2,0,0,0,V1_c1.5,bgs,5,21,75723
simes_floor5,12126,3,3,0,0,0,V1_c1.5,bgs,5,21,75723
simes_floor8,6300,4,4,0,0,0,V1_c1.5,bgs,5,21,75723
simes_floor12,3444,6,6,1,0.166666666666667,0.0476190476190476,V1_c1.5,bgs,5,21,75723
snp,263214,5,5,0,0,0,V1_c1.5,bgs,5,21,75723
simes_floor1,76175,25,24,4,0.166666666666667,0.263157894736842,V1_c1.5,bgs,6,19,76175
simes_floor2,37162,34,33,5,0.151515151515152,0.315789473684211,V1_c1.5,bgs,6,19,76175
simes_floor3,23197,41,40,6,0.15,0.368421052631579,V1_c1.5,bgs,6,19,76175
simes_floor5,12045,39,38,6,0.157894736842105,0.368421052631579,V1_c1.5,bgs,6,19,76175
simes_floor8,6218,50,49,6,0.122448979591837,0.368421052631579,V1_c1.5,bgs,6,19,76175
simes_floor12,3343,46,45,6,0.133333333333333,0.368421052631579,V1_c1.5,bgs,6,19,76175
snp,264762,119,118,7,0.0593220338983051,0.421052631578947,V1_c1.5,bgs,6,19,76175
simes_floor1,75818,2,2,1,0.5,0.0454545454545455,V1_c1.5,bgs,7,22,75818
simes_floor2,36885,4,4,1,0.25,0.0454545454545455,V1_c1.5,bgs,7,22,75818
simes_floor3,23010,4,4,1,0.25,0.0454545454545455,V1_c1.5,bgs,7,22,75818
simes_floor5,11850,4,4,1,0.25,0.0454545454545455,V1_c1.5,bgs,7,22,75818
simes_floor8,6195,4,4,1,0.25,0.0454545454545455,V1_c1.5,bgs,7,22,75818
simes_floor12,3484,6,6,1,0.166666666666667,0.0454545454545455,V1_c1.5,bgs,7,22,75818
snp,262598,12,12,2,0.166666666666667,0.136363636363636,V1_c1.5,bgs,7,22,75818
simes_floor1,76555,21,21,5,0.238095238095238,0.238095238095238,V1_c1.5,bgs,8,21,76555
simes_floor2,37618,26,26,5,0.192307692307692,0.238095238095238,V1_c1.5,bgs,8,21,76555
simes_floor3,23488,27,27,5,0.185185185185185,0.238095238095238,V1_c1.5,bgs,8,21,76555
simes_floor5,12109,30,30,5,0.166666666666667,0.238095238095238,V1_c1.5,bgs,8,21,76555
simes_floor8,6263,38,36,7,0.194444444444444,0.333333333333333,V1_c1.5,bgs,8,21,76555
simes_floor12,3421,31,29,7,0.241379310344828,0.333333333333333,V1_c1.5,bgs,8,21,76555
snp,264339,93,89,7,0.0786516853932584,0.333333333333333,V1_c1.5,bgs,8,21,76555
simes_floor1,75852,0,0,0,0,0,V1_c1.5,bgs,9,28,75852
simes_floor2,37093,0,0,0,0,0,V1_c1.5,bgs,9,28,75852
simes_floor3,22995,0,0,0,0,0,V1_c1.5,bgs,9,28,75852
simes_floor5,12045,0,0,0,0,0,V1_c1.5,bgs,9,28,75852
simes_floor8,6175,0,0,0,0,0,V1_c1.5,bgs,9,28,75852
simes_floor12,3427,0,0,0,0,0,V1_c1.5,bgs,9,28,75852
snp,265610,0,0,0,0,0,V1_c1.5,bgs,9,28,75852
simes_floor1,77195,3,3,2,0.666666666666667,0.111111111111111,V1_c1.5,bgs,10,18,77195
simes_floor2,37452,6,6,3,0.5,0.166666666666667,V1_c1.5,bgs,10,18,77195
simes_floor3,23361,6,6,3,0.5,0.166666666666667,V1_c1.5,bgs,10,18,77195
simes_floor5,12105,8,8,3,0.375,0.166666666666667,V1_c1.5,bgs,10,18,77195
simes_floor8,6258,7,7,3,0.428571428571429,0.166666666666667,V1_c1.5,bgs,10,18,77195
simes_floor12,3424,6,6,3,0.5,0.166666666666667,V1_c1.5,bgs,10,18,77195
snp,266333,33,33,3,0.0909090909090909,0.166666666666667,V1_c1.5,bgs,10,18,77195
simes_floor1,104374,2,2,1,0.5,0.1,V2_c1,nobgs,1,10,104374
simes_floor2,47773,1,1,1,1,0.1,V2_c1,nobgs,1,10,104374
simes_floor3,27248,1,1,1,1,0.1,V2_c1,nobgs,1,10,104374
simes_floor5,12527,1,1,1,1,0.1,V2_c1,nobgs,1,10,104374
simes_floor8,5899,4,3,2,0.666666666666667,0.2,V2_c1,nobgs,1,10,104374
simes_floor12,3050,5,4,2,0.5,0.2,V2_c1,nobgs,1,10,104374
snp,299673,29,27,5,0.185185185185185,0.5,V2_c1,nobgs,1,10,104374
simes_floor1,104416,17,17,3,0.176470588235294,0.272727272727273,V2_c1,nobgs,2,11,104416
simes_floor2,48314,8,8,3,0.375,0.272727272727273,V2_c1,nobgs,2,11,104416
simes_floor3,27663,7,7,3,0.428571428571429,0.272727272727273,V2_c1,nobgs,2,11,104416
simes_floor5,12834,5,5,2,0.4,0.181818181818182,V2_c1,nobgs,2,11,104416
simes_floor8,6096,14,14,3,0.214285714285714,0.272727272727273,V2_c1,nobgs,2,11,104416
simes_floor12,3179,8,8,3,0.375,0.272727272727273,V2_c1,nobgs,2,11,104416
snp,304684,51,48,5,0.104166666666667,0.454545454545455,V2_c1,nobgs,2,11,104416
simes_floor1,103512,16,13,6,0.461538461538462,0.375,V2_c1,nobgs,3,16,103512
simes_floor2,47340,17,14,6,0.428571428571429,0.375,V2_c1,nobgs,3,16,103512
simes_floor3,27157,16,14,6,0.428571428571429,0.375,V2_c1,nobgs,3,16,103512
simes_floor5,12423,17,13,6,0.461538461538462,0.375,V2_c1,nobgs,3,16,103512
simes_floor8,5898,19,15,6,0.4,0.375,V2_c1,nobgs,3,16,103512
simes_floor12,3059,17,14,6,0.428571428571429,0.375,V2_c1,nobgs,3,16,103512
snp,298956,64,55,11,0.2,0.6875,V2_c1,nobgs,3,16,103512
simes_floor1,105523,7,6,5,0.833333333333333,0.5,V2_c1,nobgs,4,10,105523
simes_floor2,48424,10,8,5,0.625,0.5,V2_c1,nobgs,4,10,105523
simes_floor3,27750,8,6,4,0.666666666666667,0.4,V2_c1,nobgs,4,10,105523
simes_floor5,12799,5,4,4,1,0.4,V2_c1,nobgs,4,10,105523
simes_floor8,5990,5,4,4,1,0.4,V2_c1,nobgs,4,10,105523
simes_floor12,3147,4,3,3,1,0.3,V2_c1,nobgs,4,10,105523
snp,304694,28,23,7,0.304347826086957,0.7,V2_c1,nobgs,4,10,105523
simes_floor1,104714,2,1,1,1,0.0714285714285714,V2_c1,nobgs,5,14,104714
simes_floor2,47962,2,1,1,1,0.0714285714285714,V2_c1,nobgs,5,14,104714
simes_floor3,27551,2,1,1,1,0.0714285714285714,V2_c1,nobgs,5,14,104714
simes_floor5,12644,5,4,3,0.75,0.214285714285714,V2_c1,nobgs,5,14,104714
simes_floor8,6056,7,6,4,0.666666666666667,0.285714285714286,V2_c1,nobgs,5,14,104714
simes_floor12,3253,8,7,5,0.714285714285714,0.357142857142857,V2_c1,nobgs,5,14,104714
snp,304589,23,19,6,0.315789473684211,0.428571428571429,V2_c1,nobgs,5,14,104714
simes_floor1,105361,25,25,4,0.16,0.363636363636364,V2_c1,nobgs,6,11,105361
simes_floor2,48338,22,22,4,0.181818181818182,0.363636363636364,V2_c1,nobgs,6,11,105361
simes_floor3,27750,16,16,3,0.1875,0.272727272727273,V2_c1,nobgs,6,11,105361
simes_floor5,12783,16,15,3,0.2,0.272727272727273,V2_c1,nobgs,6,11,105361
simes_floor8,6095,14,13,3,0.230769230769231,0.272727272727273,V2_c1,nobgs,6,11,105361
simes_floor12,3227,10,9,3,0.333333333333333,0.272727272727273,V2_c1,nobgs,6,11,105361
snp,307147,94,91,5,0.054945054945055,0.454545454545455,V2_c1,nobgs,6,11,105361
simes_floor1,103638,1,1,1,1,0.0666666666666667,V2_c1,nobgs,7,15,103638
simes_floor2,47370,2,2,1,0.5,0.0666666666666667,V2_c1,nobgs,7,15,103638
simes_floor3,27166,1,1,1,1,0.0666666666666667,V2_c1,nobgs,7,15,103638
simes_floor5,12512,1,1,1,1,0.0666666666666667,V2_c1,nobgs,7,15,103638
simes_floor8,5884,8,6,2,0.333333333333333,0.133333333333333,V2_c1,nobgs,7,15,103638
simes_floor12,3131,0,0,0,0,0,V2_c1,nobgs,7,15,103638
snp,298200,2,2,1,0.5,0.0666666666666667,V2_c1,nobgs,7,15,103638
simes_floor1,104276,4,4,2,0.5,0.125,V2_c1,nobgs,8,16,104276
simes_floor2,48146,7,7,3,0.428571428571429,0.1875,V2_c1,nobgs,8,16,104276
simes_floor3,27495,6,6,4,0.666666666666667,0.25,V2_c1,nobgs,8,16,104276
simes_floor5,12646,9,9,4,0.444444444444444,0.25,V2_c1,nobgs,8,16,104276
simes_floor8,6026,9,9,4,0.444444444444444,0.25,V2_c1,nobgs,8,16,104276
simes_floor12,3174,7,7,3,0.428571428571429,0.1875,V2_c1,nobgs,8,16,104276
snp,303448,51,51,5,0.0980392156862745,0.3125,V2_c1,nobgs,8,16,104276
simes_floor1,105156,0,0,0,0,0,V2_c1,nobgs,9,17,105156
simes_floor2,48283,0,0,0,0,0,V2_c1,nobgs,9,17,105156
simes_floor3,27621,0,0,0,0,0,V2_c1,nobgs,9,17,105156
simes_floor5,12750,0,0,0,0,0,V2_c1,nobgs,9,17,105156
simes_floor8,6062,0,0,0,0,0,V2_c1,nobgs,9,17,105156
simes_floor12,3153,0,0,0,0,0,V2_c1,nobgs,9,17,105156
snp,303632,0,0,0,0,0,V2_c1,nobgs,9,17,105156
simes_floor1,105148,8,8,1,0.125,0.0769230769230769,V2_c1,nobgs,10,13,105148
simes_floor2,48129,14,14,3,0.214285714285714,0.230769230769231,V2_c1,nobgs,10,13,105148
simes_floor3,27597,14,14,4,0.285714285714286,0.307692307692308,V2_c1,nobgs,10,13,105148
simes_floor5,12711,10,10,3,0.3,0.230769230769231,V2_c1,nobgs,10,13,105148
simes_floor8,5945,9,9,3,0.333333333333333,0.230769230769231,V2_c1,nobgs,10,13,105148
simes_floor12,3118,15,12,3,0.25,0.230769230769231,V2_c1,nobgs,10,13,105148
snp,302347,75,70,7,0.1,0.538461538461538,V2_c1,nobgs,10,13,105148
simes_floor1,87767,5,4,2,0.5,0.166666666666667,V2_c1,bgs,1,12,87767
simes_floor2,40871,2,1,1,1,0.0833333333333333,V2_c1,bgs,1,12,87767
simes_floor3,22795,2,1,1,1,0.0833333333333333,V2_c1,bgs,1,12,87767
simes_floor5,9945,2,1,1,1,0.0833333333333333,V2_c1,bgs,1,12,87767
simes_floor8,4260,2,1,1,1,0.0833333333333333,V2_c1,bgs,1,12,87767
simes_floor12,1950,3,2,2,1,0.166666666666667,V2_c1,bgs,1,12,87767
snp,231486,11,10,4,0.4,0.333333333333333,V2_c1,bgs,1,12,87767
simes_floor1,87586,18,18,5,0.277777777777778,0.384615384615385,V2_c1,bgs,2,13,87586
simes_floor2,40826,18,18,4,0.222222222222222,0.307692307692308,V2_c1,bgs,2,13,87586
simes_floor3,22853,13,13,3,0.230769230769231,0.230769230769231,V2_c1,bgs,2,13,87586
simes_floor5,9980,11,11,3,0.272727272727273,0.230769230769231,V2_c1,bgs,2,13,87586
simes_floor8,4329,7,7,2,0.285714285714286,0.153846153846154,V2_c1,bgs,2,13,87586
simes_floor12,2090,5,5,2,0.4,0.153846153846154,V2_c1,bgs,2,13,87586
snp,233274,50,50,6,0.12,0.461538461538462,V2_c1,bgs,2,13,87586
simes_floor1,87551,6,6,4,0.666666666666667,0.384615384615385,V2_c1,bgs,3,13,87551
simes_floor2,40898,5,5,3,0.6,0.307692307692308,V2_c1,bgs,3,13,87551
simes_floor3,22959,5,5,3,0.6,0.307692307692308,V2_c1,bgs,3,13,87551
simes_floor5,10141,5,5,4,0.8,0.384615384615385,V2_c1,bgs,3,13,87551
simes_floor8,4405,8,8,5,0.625,0.461538461538462,V2_c1,bgs,3,13,87551
simes_floor12,2140,6,6,5,0.833333333333333,0.461538461538462,V2_c1,bgs,3,13,87551
snp,235796,13,12,6,0.5,0.538461538461538,V2_c1,bgs,3,13,87551
simes_floor1,87266,1,1,1,1,0.1,V2_c1,bgs,4,10,87266
simes_floor2,40470,6,5,4,0.8,0.4,V2_c1,bgs,4,10,87266
simes_floor3,22839,6,5,5,1,0.5,V2_c1,bgs,4,10,87266
simes_floor5,9921,5,5,5,1,0.5,V2_c1,bgs,4,10,87266
simes_floor8,4386,6,6,5,0.833333333333333,0.5,V2_c1,bgs,4,10,87266
simes_floor12,2123,5,5,4,0.8,0.4,V2_c1,bgs,4,10,87266
snp,234231,8,6,5,0.833333333333333,0.5,V2_c1,bgs,4,10,87266
simes_floor1,86617,1,1,1,1,0.111111111111111,V2_c1,bgs,5,9,86617
simes_floor2,40246,0,0,0,0,0,V2_c1,bgs,5,9,86617
simes_floor3,22649,0,0,0,0,0,V2_c1,bgs,5,9,86617
simes_floor5,9814,1,1,1,1,0.111111111111111,V2_c1,bgs,5,9,86617
simes_floor8,4176,2,2,2,1,0.222222222222222,V2_c1,bgs,5,9,86617
simes_floor12,1968,2,2,2,1,0.222222222222222,V2_c1,bgs,5,9,86617
snp,229858,3,3,3,1,0.333333333333333,V2_c1,bgs,5,9,86617
simes_floor1,88045,18,18,3,0.166666666666667,0.25,V2_c1,bgs,6,12,88045
simes_floor2,41044,18,18,3,0.166666666666667,0.25,V2_c1,bgs,6,12,88045
simes_floor3,23137,17,17,3,0.176470588235294,0.25,V2_c1,bgs,6,12,88045
simes_floor5,10137,11,11,4,0.363636363636364,0.333333333333333,V2_c1,bgs,6,12,88045
simes_floor8,4355,7,7,2,0.285714285714286,0.166666666666667,V2_c1,bgs,6,12,88045
simes_floor12,2037,4,4,2,0.5,0.166666666666667,V2_c1,bgs,6,12,88045
snp,234855,40,40,4,0.1,0.333333333333333,V2_c1,bgs,6,12,88045
simes_floor1,87487,3,3,3,1,0.2,V2_c1,bgs,7,15,87487
simes_floor2,40634,4,4,4,1,0.266666666666667,V2_c1,bgs,7,15,87487
simes_floor3,22832,3,3,3,1,0.2,V2_c1,bgs,7,15,87487
simes_floor5,9938,4,4,3,0.75,0.2,V2_c1,bgs,7,15,87487
simes_floor8,4318,4,4,3,0.75,0.2,V2_c1,bgs,7,15,87487
simes_floor12,2076,4,4,3,0.75,0.2,V2_c1,bgs,7,15,87487
snp,233384,25,23,6,0.260869565217391,0.4,V2_c1,bgs,7,15,87487
simes_floor1,87728,9,9,2,0.222222222222222,0.181818181818182,V2_c1,bgs,8,11,87728
simes_floor2,40717,17,16,2,0.125,0.181818181818182,V2_c1,bgs,8,11,87728
simes_floor3,23056,16,15,2,0.133333333333333,0.181818181818182,V2_c1,bgs,8,11,87728
simes_floor5,10155,7,6,1,0.166666666666667,0.0909090909090909,V2_c1,bgs,8,11,87728
simes_floor8,4416,3,3,1,0.333333333333333,0.0909090909090909,V2_c1,bgs,8,11,87728
simes_floor12,2113,3,3,1,0.333333333333333,0.0909090909090909,V2_c1,bgs,8,11,87728
snp,234127,25,24,2,0.0833333333333333,0.181818181818182,V2_c1,bgs,8,11,87728
simes_floor1,87695,0,0,0,0,0,V2_c1,bgs,9,10,87695
simes_floor2,40904,0,0,0,0,0,V2_c1,bgs,9,10,87695
simes_floor3,23024,0,0,0,0,0,V2_c1,bgs,9,10,87695
simes_floor5,10059,0,0,0,0,0,V2_c1,bgs,9,10,87695
simes_floor8,4396,1,1,0,0,0,V2_c1,bgs,9,10,87695
simes_floor12,2112,1,1,0,0,0,V2_c1,bgs,9,10,87695
snp,235478,0,0,0,0,0,V2_c1,bgs,9,10,87695
simes_floor1,88419,11,8,5,0.625,0.357142857142857,V2_c1,bgs,10,14,88419
simes_floor2,41145,12,10,5,0.5,0.357142857142857,V2_c1,bgs,10,14,88419
simes_floor3,23232,7,6,3,0.5,0.214285714285714,V2_c1,bgs,10,14,88419
simes_floor5,10061,3,3,3,1,0.214285714285714,V2_c1,bgs,10,14,88419
simes_floor8,4356,3,3,3,1,0.214285714285714,V2_c1,bgs,10,14,88419
simes_floor12,2072,4,4,3,0.75,0.214285714285714,V2_c1,bgs,10,14,88419
snp,234890,21,18,5,0.277777777777778,0.357142857142857,V2_c1,bgs,10,14,88419
